id,lat_req,lon_req,lat_near,lon_near,dist_km,depth
1,68.993778,180.0,69.06022644042969,179.84671020507812,9.581984772075288,10.0
2,68.2311972074505,-177.289968765232,68.23731994628906,-177.32455444335938,1.5802364586603255,10.0
3,67.537643668134,-175.082435177353,67.56483459472656,-175.2271270751953,6.847383543074518,10.0
4,67.0899121291413,-174.043851131288,67.21310424804688,-174.04689025878906,13.698986013029472,21.991334915161133
5,66.329273469448,-170.355681305715,66.37663269042969,-170.19688415527344,8.825684331916746,30.657814025878906
6,65.6824825712501,-171.159749365593,65.59813690185547,-170.88731384277344,15.623243507759899,22.814233779907227
7,65.052109271087,-175.840415934612,64.94062805175781,-175.8448028564453,12.397877701561796,28.34935188293457
8,65.5900331946715,-178.435956160276,65.63823699951172,-178.48251342773438,5.770492212741119,10.0
9,64.9488825674289,179.889701331799,64.98667907714844,-179.90069580078125,10.719960936983444,26.375356674194336
10,64.1891552705315,178.199847594068,64.33660125732422,178.11077880859375,16.94995838159266,10.0
11,63.6423071449045,178.710616120241,63.589820861816406,178.91473388671875,11.652956016087025,10.0
12,63.0816636638487,179.407016422093,63.13692092895508,179.4483642578125,6.4866872161076135,10.0
13,62.5404973100204,177.48259250819,62.45967102050781,177.5562744140625,9.751251798637508,18.013200759887695
14,61.9566576366643,174.731862616619,61.91958236694336,174.8360137939453,6.832043330605368,10.0
15,60.7613634465128,171.603340234165,60.74181365966797,171.86766052246094,14.52400518653753,48.52608871459961
16,60.1914948988204,169.887161448584,60.12824630737305,169.84913635253906,7.340873684898956,20.245357513427734
17,60.5039187956512,167.793703953874,60.40874099731445,167.8105926513672,10.623735287206223,31.39415740966797
18,60.0852930175623,166.248723260015,60.07237243652344,166.09849548339844,8.45533478530238,28.253990173339844
19,59.8227439314091,164.813225624086,59.88429641723633,164.67337036132812,10.384659031648537,10.0
20,59.5720489034227,163.312948824742,59.535987854003906,163.27566528320312,4.526782902380156,10.0
21,58.645052168666,162.42234037962,58.58763122558594,162.5431671142578,9.472096962526669,37.1485595703125
22,57.9467124103276,162.656311940416,57.969749450683594,162.6220703125,3.262255114102884,10.0
23,56.7110162040608,163.028764538318,56.73798751831055,163.32070922851562,18.061935643209747,80.14109802246094
24,56.0096255775737,162.047779382655,55.90121078491211,162.034912109375,12.081773406156021,16.265947341918945
25,54.4850746165474,161.50363369482,54.43149948120117,161.37962341308594,9.987009388420715,99.20365142822266
26,53.5893272304725,159.889980227482,53.72317886352539,159.84197998046875,15.216042057023401,10.0
27,53.0717488343521,159.037559163314,53.039920806884766,159.1166534423828,6.361423883504202,44.13433837890625
28,52.2799791676623,158.520271921095,52.18730545043945,158.41407775878906,12.589294744395609,14.861430168151855
29,50.9190777176228,156.762980574084,50.95035171508789,156.70323181152344,5.442753555443733,13.46153736114502
30,52.4950578824816,156.449958491877,52.420188903808594,156.2632293701172,15.14537487827584,23.03828239440918
31,54.1600703775012,155.817253580091,54.177494049072266,155.74288940429688,5.213952000691672,22.90144157409668
32,55.94608123506,155.652254374708,55.90761947631836,155.44447326660156,13.632388019432454,32.829185485839844
33,58.277119442904,158.829908021747,58.264671325683594,158.62965393066406,11.791957017518298,10.0
34,59.6286991670923,160.899096265227,59.589473724365234,160.678955078125,13.12931880176122,12.165117263793945
35,60.7986237675006,163.33151233647,60.90720748901367,163.3820037841797,12.37975846847446,10.0
36,61.8737446951929,164.092597126652,61.8229866027832,163.84620666503906,14.104739087081777,10.0
37,62.6153308458116,164.065762379258,62.57335662841797,164.04119873046875,4.8336849901306955,10.0
38,61.631253056842,162.910411670607,61.634521484375,162.6825714111328,12.042489634301786,10.0
39,60.8081692211642,160.860773176297,60.81917190551758,161.04653930664062,10.14708556845164,43.64418411254883
40,61.239039240316,159.847332763773,61.21390914916992,159.79112243652344,4.106080726054276,23.794185638427734
41,61.8087718466612,159.435659586998,61.7919807434082,159.36976623535156,3.9336811955884388,10.0
42,61.2743458411966,156.661749223487,61.35129165649414,156.79054260253906,10.975635296004338,30.424741744995117
43,59.9723115725601,154.524505885154,59.85380554199219,154.54641723632812,13.233773593232206,25.37041664123535
44,59.1878898408386,153.670585008121,59.03132629394531,153.6147918701172,17.69805885154858,49.237491607666016
45,58.9805229290832,151.213635949026,58.985233306884766,151.04437255859375,9.712614560723974,71.69691467285156
46,59.4931889557334,150.927338165139,59.42582321166992,150.90504455566406,7.595915533534087,27.696306228637695
47,59.4513184064512,148.938951171974,59.42432403564453,149.1686248779297,13.328077884855555,26.81441307067871
48,59.3269537217338,147.119630769658,59.23794937133789,147.21067810058594,11.166511864421985,40.87078857421875
49,59.3689375358517,144.787327165799,59.290653228759766,144.87265014648438,9.959672793269863,16.199493408203125
50,58.8895678407432,141.900196711176,58.798892974853516,141.90769958496094,10.091833648438058,12.403912544250488
51,57.5596301254879,139.865871719101,57.522769927978516,139.90985107421875,4.866985992417522,24.90122413635254
52,56.4246984105016,138.200312291128,56.41885757446289,138.142333984375,3.6242874768994047,21.204757690429688
53,55.2576892994299,136.07370784643,55.28282165527344,136.12832641601562,4.447628425996764,11.741673469543457
54,54.6090507804731,136.697993518055,54.6247673034668,136.6590576171875,3.0559579024021075,10.0
55,54.2021526792836,137.180918064094,54.23741912841797,137.07232666015625,8.075873204409772,17.311555862426758
56,53.5502389547101,137.282503559257,53.561248779296875,137.57374572753906,19.276719172431203,10.0
57,54.0766235279206,140.070643507344,54.14171600341797,140.08055114746094,7.266720984673028,35.638633728027344
58,53.0697164565702,141.3106318723,53.07988739013672,141.47097778320312,10.771104957841558,10.0
59,52.2351376387568,141.514170575216,52.1602783203125,141.44590759277344,9.535966506790473,10.0
60,50.9298160360482,140.62743698063,50.85834884643555,140.6996307373047,9.422851978926946,46.45988845825195
61,49.4461051676453,140.498511290636,49.43495559692383,140.47357177734375,2.1882864495733405,10.0
62,48.2573221640145,139.911866516249,48.126930236816406,139.9330596923828,14.583800822259919,44.691524505615234
63,46.8040691209584,138.431081602838,46.7511100769043,138.6092987060547,14.793777530784185,64.67658233642578
64,45.3387738470159,137.001548454219,45.190895080566406,137.0366668701172,16.6715059372294,89.97998809814453
65,44.0340526430507,135.621568270326,43.962440490722656,135.6584930419922,8.493042628253265,58.70731735229492
66,43.0865367378284,134.219599313124,43.058631896972656,134.23541259765625,3.358230832069165,36.48396301269531
67,42.897514403083,132.483179103174,42.80126953125,132.4940643310547,10.738683335419973,30.14145278930664
68,43.2876602372155,131.736851070183,43.24653625488281,131.69113159179688,5.883363567928449,10.0
69,42.666453197924,130.807135685384,42.558223724365234,131.00514221191406,20.18392160084921,31.00022315979004
70,41.9182170185632,129.905865000894,41.8541145324707,130.063720703125,14.885154801962017,120.22160339355469
71,40.5564793563399,129.129317722846,40.4810791015625,129.1685791015625,9.017088242038811,149.27899169921875
72,39.6105566538911,127.526090192929,39.57667922973633,127.72378540039062,17.353342044948583,42.050785064697266
73,38.686426024894,128.36159743654,38.741607666015625,128.52415466308594,15.380865807955686,1380.8780517578125
74,37.1021184967826,129.405705690315,37.166900634765625,129.59805297851562,18.510172475463484,227.34979248046875
75,35.5780575328818,129.468244722663,35.49983215332031,129.65248107910156,18.80291316724367,128.99070739746094
76,35.0629083810455,128.477406559271,34.91432571411133,128.66656494140625,23.87272860196973,10.0
77,34.5845224257506,127.345326123441,34.51332473754883,127.42498779296875,10.765922254907771,10.0
78,35.1424367900515,126.355529371159,35.061676025390625,126.16107177734375,19.839009808657288,10.0
79,35.8609404641907,126.723325386542,35.81672286987305,126.64044952392578,8.943419940259568,10.0
80,36.6399931223327,126.508971507764,36.362693786621094,126.37272644042969,33.15206445966942,10.0
81,37.889873348524,125.870148864287,37.782752990722656,125.81587982177734,12.829299609847824,10.0
82,38.3765696521814,124.893259018058,38.44734191894531,124.78167724609375,12.50782383572847,22.737144470214844
83,39.1634858188528,125.338641039569,39.14604568481445,125.24349212646484,8.430337546327015,10.0
84,39.7391302438918,124.822246540431,39.630615234375,124.71198272705078,15.317484279973984,10.0
85,39.8755444927455,123.665590935498,39.756595611572266,123.70121765136719,13.57203252416991,10.0
86,39.3536414349258,122.274377541172,39.203514099121094,122.23432159423828,17.04574203086364,10.0
87,38.7442776040617,121.142486189409,38.66926574707031,121.26469421386719,13.491503265915052,51.38066864013672
88,39.3673581407725,121.360092439971,39.33982467651367,121.47459411621094,10.310062932307295,10.0
89,40.3977105015865,122.209103966923,40.50212478637695,122.14305877685547,12.885331970696276,10.0
90,40.8450478983211,121.018605813811,40.771339416503906,121.11884307861328,11.762082684512176,10.0
91,39.8400138765293,119.538071982373,39.745059967041016,119.44483947753906,13.226171113372281,10.0
92,39.1958373827048,118.00575755656,39.0448112487793,117.98998260498047,16.848412461938125,10.929878234863281
93,38.0938276134942,118.491475077341,38.244407653808594,118.5360107421875,17.190447106939132,10.000802040100098
94,37.1750621469892,119.141590212,37.246673583984375,119.08377838134766,9.4666683039013,10.0
95,37.8307221647767,120.73390831025,37.97988510131836,120.80074310302734,17.592207869297248,12.733807563781738
96,37.420678019524,122.371822834539,37.509056091308594,122.32405853271484,10.693236435070324,21.077634811401367
97,36.9244617405283,122.192108110065,36.80207061767578,122.10322570800781,15.739706330715178,10.0
98,36.7086324707642,121.210189453389,36.601036071777344,121.11030578613281,14.91756009576143,10.0
99,36.0690148157221,120.335280758841,36.05070877075195,120.3793716430664,4.455507095462303,12.966710090637207
100,35.6290408021387,119.681182324044,35.49583053588867,119.64653778076172,15.140197283328755,10.0
101,34.4569228255521,119.789440627518,34.580078125,119.6707534790039,17.48642620438568,11.103715896606445
102,33.2024276901221,120.70726343524,33.27501678466797,120.94731903076172,23.740133111494636,10.0
103,32.0034983666754,121.742417644846,32.111392974853516,121.71453094482422,12.281813788632036,10.0
104,30.5582746967178,121.015636990674,30.495241165161133,120.9807357788086,7.765404196355938,10.0
105,29.8224903066598,121.996774184243,29.67457389831543,121.98637390136719,16.47819484324498,10.589587211608887
106,28.3272576228705,121.659181075904,28.409822463989258,121.7424545288086,12.27479852903517,10.0
107,27.173809499948,120.359976702515,27.115966796875,120.49626922607422,14.941067239511256,12.966767311096191
108,26.495361084636,119.815186649095,26.459732055664062,119.74752044677734,7.81376871911424,10.0
109,25.955188709971,119.70186808145,26.019489288330078,119.74815368652344,8.516119746476267,10.0
110,25.5286636904005,119.22130533758,25.353525161743164,119.2488784790039,19.670368420175688,10.0
111,24.690824855102,118.662892215708,24.681795120239258,118.7493667602539,8.794266007582003,19.363746643066406
112,23.8299381915181,117.620260751876,23.777427673339844,117.49974822998047,13.579844162386275,10.0
113,23.5977535710553,116.863859286959,23.54986000061035,116.99980926513672,14.84362219316766,10.0
114,22.7841704797839,115.537151433816,22.634258270263672,115.49995422363281,17.100591633814712,14.74295711517334
115,22.5935333437938,114.842917649157,22.63420295715332,114.74995422363281,10.559684395084243,10.0
116,22.4737780347023,114.22773027813,22.404003143310547,114.49996948242188,29.03549365139207,26.42066764831543
117,22.7534398609829,113.777641842644,22.403963088989258,113.74996948242188,38.96382281880536,10.0
118,22.2485657008348,113.108774824268,21.94205093383789,112.99999237060547,35.87839437073747,10.0
119,21.8215872975627,112.443907948042,21.710351943969727,112.49999237060547,13.657657249778936,10.0
120,21.6187962496519,111.783730454267,21.478174209594727,111.75,16.020899199975393,19.751413345336914
121,21.3833681448528,110.770613084949,21.245532989501953,110.75,15.474620427646427,11.0
122,20.771700987722,110.381417427585,20.778928756713867,110.5,12.354607674728275,10.0
123,20.4849822846563,109.913055779776,20.545021057128906,109.75,18.246322221158856,10.0
124,21.4889322827918,109.825407899438,21.478158950805664,109.75,7.893848801621858,10.0
125,21.4931528259095,109.110575220899,21.478153228759766,109.0,11.561936636409115,10.0
126,21.7071204321946,108.502451992191,21.4781494140625,108.5,25.461712858977776,10.0
127,21.5016109797853,107.775706829876,21.4781436920166,108.0,23.352751183636215,10.0
128,20.5440469393529,106.525887735463,20.545021057128906,106.75,23.335499852672648,15.586601257324219
129,19.780015427905,105.90598069012,19.841127395629883,106.0,11.954879374618008,10.0
130,18.4057520860701,105.898418501583,18.424028396606445,106.0,10.907954222461408,12.638313293457031
131,17.3088354505418,106.826193020709,17.472705841064453,106.75,19.934726392900185,23.0
132,16.5230924371056,107.631166134058,16.516386032104492,107.75,12.690231404874453,10.0
133,15.8187309737817,108.391314163161,15.796011924743652,108.5,11.899548336308456,15.0
134,14.5043976755315,109.080879295204,14.589726448059082,109.25,20.526969187814053,92.53434753417969
135,13.4100470879477,109.303261401933,13.37679386138916,109.5,21.600216839560172,134.02105712890625
136,12.6549308672894,109.219550845626,12.646055221557617,109.5,30.44353404416712,109.11534881591797
137,10.8448243217128,108.065256171737,10.687479019165039,108.0,18.892471246475154,10.0
138,10.3910678501648,106.931436542173,10.195759773254395,107.0,22.976274561894016,10.0
139,9.89822835450671,105.105571013738,9.949613571166992,105.0,12.897982994682959,10.0
140,10.9078329439342,103.362273753859,10.9330415725708,103.25,12.574618399791103,10.0
141,11.8643893400718,102.802002662985,11.913220405578613,102.75,7.842191438054877,10.0
142,12.4593172280098,102.086999313358,12.40200424194336,102.0,11.395703784588598,10.0
143,12.7058838072638,100.847942114995,12.646055221557617,100.75,12.536082727706127,10.0
144,13.520637340058,100.257622283804,13.37679386138916,100.25,16.015914540970886,10.0
145,11.9827034798799,99.9076219196182,11.913220405578613,100.0,12.676172420046978,16.0
146,10.4328264760079,99.2711659393295,10.441716194152832,99.5,25.043716147649608,10.0
147,9.25884745249903,99.5284977663215,9.456768035888672,99.5,22.228785915303593,10.0
148,8.26914048314932,100.261043563284,8.46899127960205,100.25,22.255610540985227,10.0
149,6.99375665541263,100.765236091935,6.9826507568359375,101.0,25.94007798801862,11.995909690856934
150,6.25262794119751,102.075986852311,6.23764181137085,102.25,19.30662673223005,10.0
151,5.14955887965773,103.252250967558,5.242669105529785,103.25,10.356399282410438,10.0
152,3.52307302740495,103.437529248918,3.4978253841400146,103.5,7.480220097188302,10.0
153,2.14209968837971,104.040945969384,2.2494218349456787,104.0,12.771544697079813,10.0
154,1.44341537743838,103.991354350489,1.2499008178710938,104.0,21.539319600338185,10.0
155,1.86648781321654,102.701946139225,1.7497279644012451,102.75,14.038675537102213,10.024087905883789
156,2.83877034011321,101.359032861749,2.7489447593688965,101.25,15.697245658828642,10.063314437866211
157,4.92647974359654,100.503715124204,4.744568347930908,100.5,20.231840172176856,11.0
158,6.44560084394376,100.10797780309,6.486102104187012,100.0,12.751949677468948,10.0
159,7.3546422063663,99.5138065042517,7.230730056762695,99.5,13.862315999088883,10.0
160,8.03887811240558,98.8501171792208,7.974132061004639,98.75,13.166662023381015,10.0
161,8.61631389097988,98.2618426776978,8.716185569763184,98.0,30.85123399979874,57.08659744262695
162,9.81261275022815,98.566361946846,9.70328140258789,98.5,14.166246833301463,10.0
163,10.5809386064951,98.4860790780398,10.687479019165039,98.25,28.38987202135605,10.0
164,11.548676877376,98.7144020080964,11.423554420471191,98.5,27.19192722997376,10.0
165,12.211995944848,98.5956287958363,12.157724380493164,98.5,12.018780466390755,10.0
166,13.8634679242407,98.0648681162019,13.86273193359375,98.0,7.003385575315426,34.763916015625
167,15.2650669538685,97.7277266431475,15.073066711425781,97.75,21.482885689533713,10.0
168,16.5818971524353,97.6196147785965,16.276554107666016,97.5,36.27031341413558,10.0
169,16.5336776351527,96.3781278545124,16.276554107666016,96.5,31.40755434915864,10.0
170,16.2926631758269,95.9494923277599,16.036428451538086,96.0,28.99816272587985,10.0
171,15.8640765469391,95.1164056962552,15.55531120300293,95.0,36.5243048485007,21.362655639648438
172,15.8814050435682,94.6399868598771,15.796011924743652,94.75,15.121434214143363,10.0
173,18.737885063495,94.1894151188725,18.661048889160156,94.0,21.70272552226397,10.0
174,19.9014312328668,93.5594041308324,19.841127395629883,93.25,33.04326362418411,10.0
175,20.7730878197419,92.337708767831,20.7789249420166,92.25,9.141672537792111,12.0
176,22.0334917144237,90.1364977643061,21.710079193115234,90.25,37.82112529057092,10.790496826171875
177,21.803319662205,89.3107547254639,21.710073471069336,89.5,22.124199953359852,10.0
178,21.8753790841856,88.7523106818906,21.478025436401367,88.75,44.18441587876712,12.466398239135742
179,21.6395433390694,88.2960794027755,21.478023529052734,88.25,18.581646598653265,10.0
180,21.6472331709912,87.6605318407034,21.710060119628906,87.75,11.587520350355836,10.0
181,20.7097660804665,87.0543641255852,20.7789249420166,87.0,9.544414425034848,10.0
182,19.8704675743881,86.1063599190128,19.841127395629883,86.25,15.372716772839015,19.713489532470703
183,19.0459530518819,84.7439604609697,18.897741317749023,84.75,16.492647910620022,44.27104187011719
184,17.9458966628731,83.4936685132737,17.711013793945312,83.5,26.126417440982284,50.754364013671875
185,16.8842609653965,82.34437400465,16.99515724182129,82.5,20.641995935205518,45.33931350708008
186,16.2260542031666,81.2434916806078,16.036428451538086,81.25,21.09690811233032,10.0
187,15.4134464432,80.1704622912329,15.314327239990234,80.25,13.935709022234908,17.140365600585938
188,13.7841585860398,80.2559505740334,13.86273193359375,80.25,8.76056268592516,10.0
189,12.0872698562692,79.9046126831087,12.157724380493164,80.0,12.996662010934758,18.01518440246582
190,10.4688528446753,79.8762131610104,10.441716194152832,80.0,13.868204814930714,12.0
191,9.38545721420672,78.9410839842979,9.456768035888672,79.0,10.229539022745548,10.0
192,8.60630268528137,78.1443422342781,8.716185569763184,78.25,16.85793727937959,13.028865814208984
193,8.61595515207267,76.7868811663949,8.46899127960205,76.75,16.837368323577966,50.721046447753906
194,9.7995989666723,76.2980624349973,9.70328140258789,76.25,11.935123735309782,12.0
195,11.2277609652884,75.7961365132975,11.178401947021484,75.75,7.446370101536747,10.591766357421875
196,12.7284771345568,74.8748848601443,12.646055221557617,74.75,16.35636938222132,31.356849670410156
197,14.2434398719429,74.512564775454,14.347655296325684,74.25,30.57312908828494,29.140682220458984
198,15.4686346205928,73.7965994712114,15.55531120300293,73.75,10.854499576418865,10.0
199,16.4983433540452,73.4405945856855,16.516386032104492,73.25,20.418468170788366,26.0159969329834
200,17.6510066520322,73.1364097760812,17.711013793945312,73.0,15.917619703700865,17.303125381469727
201,18.5774514643565,72.9336109398037,18.661048889160156,72.75,21.46521719428571,10.412384986877441
202,19.168425286019,72.8081811290647,19.134098052978516,72.75,7.205480368733784,10.0
203,20.2328074655566,72.7525232765225,20.310745239257812,72.75,8.670292747534681,10.0
204,21.1230456588104,72.6381755638058,21.012414932250977,72.75,16.91042984426623,10.0
205,22.0878537073479,72.2763754264874,21.94147300720215,72.25,16.50234861970876,10.0
206,21.0158069777181,71.6621374875182,21.012414932250977,71.75,9.127901368786002,10.0
207,21.2101674537522,70.0041122040308,21.01241683959961,70.0,21.993032540299097,32.48765563964844
208,22.3927058353317,69.0502721381979,22.402694702148438,69.00000762939453,5.285547856786836,10.0
209,22.7632773186691,70.3156734677239,22.632389068603516,69.75000762939453,59.8251717608912,40.1603889465332
210,22.8282310564378,69.2597319364258,22.63239288330078,69.25000762939453,21.79906704835538,21.89204978942871
211,23.9264690357661,67.5022577361991,23.770986557006836,67.50004577636719,17.290350182964325,23.852783203125
212,24.5705491885197,67.2509913523807,24.445377349853516,67.25009155273438,13.918790376104397,10.0
213,25.3825401669688,66.5836524034995,25.333215713500977,66.50023651123047,10.016735839691986,10.0
214,25.4008002173059,65.9199049118258,25.333295822143555,66.00025177001953,11.023239232584746,13.005066871643066
215,25.2731000405251,64.2876007382546,25.1129093170166,64.25025939941406,18.20436661091301,16.225948333740234
216,25.2573500176636,63.2461757893465,25.113096237182617,63.25028991699219,16.045652004077386,17.32691192626953
217,25.0169171309417,61.7721724156636,25.11341667175293,61.75033187866211,10.953453386773212,10.0
218,25.358191883528,60.4174510173151,25.334537506103516,60.50043869018555,8.744470983818482,10.0
219,25.4361177611742,59.2169147967045,25.334911346435547,59.25048065185547,11.747977378306443,18.623327255249023
220,25.752955881352,57.641210839666,25.55546760559082,57.75062942504883,24.546163406058604,227.43031311035156
221,27.0674626498083,56.8857505234992,27.070972442626953,56.751853942871094,13.263443286779045,10.0
222,26.7404741538649,55.1860895614083,26.643972396850586,55.25154113769531,12.546873306738076,10.0
223,26.9236690759969,53.4763815780087,26.86046600341797,53.25193405151367,23.341689304204905,25.353404998779297
224,27.8399017762109,51.9938608251631,27.711822509765625,52.00334548950195,14.2723210728296,57.41400146484375
225,28.8961403665669,50.8308260711966,28.959320068359375,50.75664138793945,10.073691115933222,22.28636932373047
226,30.1725959964532,50.0966801538419,29.97043800354004,50.01078414916992,23.95046362370614,13.095804214477539
227,29.9264979928292,48.5434607405534,29.775819778442383,48.51040267944336,17.055311784406623,10.0
228,29.3680738983101,47.9445156441651,29.374080657958984,48.008827209472656,6.267625003252824,10.0
229,27.9481975300352,48.748133210234,28.136747360229492,48.75471496582031,20.97576151031601,10.0
230,26.5217340965087,50.0402141697087,26.43229866027832,50.25165557861328,23.276597352624606,10.0
231,25.7336104319567,50.1461561815631,25.778667449951172,50.25105285644531,11.638746393864654,11.8321533203125
232,25.0544839710599,50.8292005734562,25.33830451965332,50.75074005126953,32.531815377520736,10.0
233,26.1168397724106,51.1895424992344,26.21454620361328,51.251380920410156,12.494957267236284,10.0
234,24.9610056193117,51.5934437965765,24.894550323486328,51.750492095947266,17.475355317282755,19.928937911987305
235,24.3627537404615,51.600530518443,24.44811248779297,51.500328063964844,13.893805769428704,10.0
236,24.131857835854,52.7474707198375,24.223417282104492,52.75025177001953,10.184867867304092,13.283050537109375
237,24.2953868019631,54.1894120605755,24.44742774963379,54.25029373168945,17.99570294681124,10.0
238,24.8763727976671,54.8315665589002,24.893558502197266,54.750431060791016,8.404366465671208,10.0
239,26.012761854187,56.0862452549447,25.99382972717285,56.00095748901367,8.77966570292442,28.55288314819336
240,24.3277543464109,56.7798270071065,24.446876525878906,56.75025939941406,13.580050789995205,34.72444152832031
241,23.6296568696798,58.5034266289607,23.771684646606445,58.50011444091797,15.796390269495062,208.430419921875
242,22.4655811392565,59.7994216820959,22.632587432861328,59.75001907348633,19.25082555355863,465.7405090332031
243,21.0071796182754,58.8215479973371,21.012420654296875,59.0,18.53296972596995,10.0
244,20.2835275530389,57.8878518167754,20.310745239257812,58.0,12.081220105492632,10.0
245,18.9202610165893,57.3635875477459,18.897741317749023,57.25,12.208339185862936,10.0
246,17.925702465342,56.073315015972,17.711013793945312,56.0,25.10227554720813,69.3216552734375
247,16.949217180868,54.8419779058163,16.755922317504883,54.75,23.617319552755394,2102.091796875
248,16.6430469646362,53.070081726308,16.516386032104492,53.0,15.941872151304725,359.8533630371094
249,15.499302986415,51.9577797053204,15.314327239990234,52.0,21.060466770046876,115.50909423828125
250,14.869470748108,50.2276971098046,14.831531524658203,50.25,4.852144616740468,96.02703857421875
251,14.0411744883513,48.6923237448204,13.86273193359375,48.75,20.795237028740505,771.5904541015625
252,13.5270814787208,47.0103189375917,13.37679386138916,47.0,16.748461951003687,700.1973266601562
253,13.0350600415947,45.3163651835882,12.889873504638672,45.25,17.67332239822602,49.310699462890625
254,12.600303963974,44.0038305469418,12.40200424194336,44.0,22.053874305088385,184.62167358398438
255,13.8152405921627,43.2363705501129,13.619888305664062,43.25,21.772051088490716,10.0
256,15.1747699616024,42.7866542997504,15.073066711425781,42.75,11.973820653936238,13.615997314453125
257,16.3777886994288,42.7744076056388,16.276554107666016,42.75,11.554176540202342,10.0
258,17.6086879759844,42.1175377093866,17.472705841064453,42.0,19.594136399574243,43.750789642333984
259,19.0207044776871,41.1435010580145,19.134098052978516,41.0,19.65694758159495,10.0
260,20.2692755349787,40.1084468098861,20.07611083984375,40.0,24.27892750329616,110.3289566040039
261,21.4950252025341,39.1617475625176,21.47813606262207,39.000003814697266,16.84024625701634,644.6549072265625
262,22.5477831544057,39.050884643534,22.633668899536133,38.75004577636719,32.327917947586634,443.3431701660156
263,23.7831710777757,38.4532046793975,23.775156021118164,38.25022888183594,20.673086439355206,394.2082824707031
264,24.8074432035477,37.1695090563783,24.67717742919922,37.250579833984375,16.638556988254546,10.0
265,26.1547970048856,36.4789153942372,26.00909996032715,36.50170135498047,16.35984171388029,42.996036529541016
266,27.6731623396014,35.4760889662772,27.528594970703125,35.504459381103516,16.31646452130199,10.08512020111084
267,28.6009741653954,34.7869970851055,28.379663467407227,34.75707244873047,24.78182627527954,118.17414093017578
268,29.5573770942794,32.6925061231429,29.014484405517578,32.75981521606445,60.718913137101936,58.71915054321289
269,31.2208476495452,32.3696331617596,31.254552841186523,32.27538299560547,9.71297490094697,10.0
270,31.0632649737603,33.3498139494331,31.24751091003418,33.27512741088867,21.684921015508323,10.0
271,32.0821206500653,34.749021119149,32.211307525634766,34.78535461425781,14.766614224920028,11.039042472839355
272,33.7490613973505,35.4097689308966,33.71098327636719,35.30828857421875,10.295534242645584,949.5137939453125
273,35.32145031983,35.9293738271662,35.315185546875,35.844608306884766,7.722254393245558,328.069091796875
274,36.7644810797362,36.1641756333489,36.83607482910156,36.144432067871094,8.152652187003117,10.0
275,36.7195433246225,34.5291401165777,36.7070426940918,34.64116668701172,10.082112684418483,35.16316223144531
276,36.0446710344332,32.859421766979,35.895530700683594,32.86417770385742,16.589193475476087,525.46728515625
277,36.852540755655,30.9763668150795,36.8001708984375,30.897451400756836,9.123984649507943,108.55667877197266
278,36.1896523084923,29.5519615467654,36.13981246948242,29.62367820739746,8.494788937445742,10.0
279,36.7892069949994,28.4011471376519,36.690860748291016,28.39378547668457,10.95527555623716,302.09136962890625
280,36.7294467881912,27.4148486927209,36.715518951416016,27.394704818725586,2.3710445537646176,53.486045837402344
281,37.7732678574566,27.2470189660552,37.7501220703125,27.189098358154297,5.705130959564378,166.0162811279297
282,38.462142709922,26.3887896219655,38.443389892578125,26.474210739135742,7.725152970537311,10.0
283,39.5132796260606,26.4696176170858,39.60542297363281,26.04493522644043,37.82119744617957,77.03144073486328
284,41.1887170563973,30.1783606867443,41.26383590698242,30.182828903198242,8.361201178314479,72.02082824707031
285,41.674707802269,32.2077569803914,41.728858947753906,32.229549407958984,6.287272252782851,431.49041748046875
286,41.9544860732399,34.5263856604468,42.011878967285156,34.50838851928711,6.552887084584681,35.36726379394531
287,41.5175463410183,36.1078905231603,41.501041412353516,36.20133972167969,7.994848828337975,31.842878341674805
288,40.9765814702487,37.9278029417106,41.1335563659668,37.91102600097656,17.511431354556922,456.76837158203125
289,40.9229727007674,40.1574966616171,41.01695251464844,40.14223861694336,10.528318983010317,874.4970703125
290,42.0446660879643,41.7018266474161,41.96744155883789,41.72908401489258,8.877422795856164,35.729679107666016
291,43.2398680312659,40.2726855156752,43.301734924316406,40.15375900268555,11.83371738026975,156.0252227783203
292,44.3654557916806,38.4219487995429,44.28605270385742,38.31428909301758,12.300274705688517,728.6780395507812
293,45.2196094920403,36.7108344715215,44.90904235839844,36.679012298583984,34.62385687101183,38.78904342651367
294,45.3747334989532,37.4755002920656,44.86296081542969,37.169761657714844,61.75624402105837,50.36228561401367
295,46.101661061649,38.504005042431,,,,
296,46.7605811109757,38.4126379078162,,,,
297,46.7228647241271,36.4316122484048,,,,
298,46.1908859032845,35.1394786937049,,,,
299,44.7599394964863,34.5973469905089,44.7326774597168,34.64687728881836,4.948750740271409,61.495540618896484
300,45.1079010691986,33.5010723835111,45.09059524536133,33.460968017578125,3.689407811070126,14.307120323181152
301,45.7019175787402,33.1088745314037,45.745323181152344,33.08994674682617,5.0451851103904675,10.0
302,46.5527687733732,31.6997840346999,46.52946472167969,31.503585815429688,15.228063944611005,10.0
303,45.6035069888156,29.7450046593651,45.5684814453125,29.78641700744629,5.055086659635935,10.0
304,44.8302577183099,29.4814975300185,44.79400634765625,29.643234252929688,13.380105118444627,21.303905487060547
305,44.6249676541383,28.7840366811281,44.593849182128906,28.855409622192383,6.625335806076231,10.0
306,43.3833001242427,28.4128060353674,43.38810348510742,28.42259979248047,0.9548035283576731,10.0
307,42.2940615626809,27.7429780728042,42.28308868408203,27.78459358215332,3.6341640069453103,10.0
308,41.079935671827,29.0257775076561,41.03262710571289,28.910451889038086,11.008121390344495,10.0
309,40.5334130196527,26.7353430581198,40.53232955932617,26.61473274230957,10.193725046545481,110.79679107666016
310,40.9475895788137,24.9972381276154,40.91538619995117,25.143951416015625,12.834613667053727,11.82352352142334
311,40.4093230262684,24.005256825655,40.33134078979492,24.094219207763672,11.488716682851472,59.790306091308594
312,40.2317751845393,22.591714894642,40.23626708984375,22.58347511291504,0.8594866141582058,10.0
313,39.3089225283234,23.1050459053669,39.2314453125,23.016178131103516,11.521432458201605,82.5020751953125
314,37.848882390198,23.7709034080437,37.85446548461914,23.69188117980957,6.96585874402531,52.10282516479492
315,37.4127053606752,23.3362490986649,37.34189987182617,23.41840934753418,10.709464622632781,66.3243637084961
316,36.5955166394073,23.0603653557258,36.64289093017578,23.14026641845703,8.865657942749323,504.7501525878906
317,36.8092295880919,22.2504131235101,36.84524154663086,22.147130966186523,10.026993672942549,802.3758544921875
318,37.5944140296585,21.4813715594195,37.571929931640625,21.426374435424805,5.453159662233775,132.1650848388672
319,38.1759632261263,22.318092834701,37.86934280395508,23.19208335876465,83.8062207800918,217.28993225097656
320,39.2240412706433,20.5161305100933,39.15501403808594,20.506481170654297,7.720407842156657,59.69735336303711
321,41.388522547297,19.4122370636282,41.51737976074219,19.426237106323242,14.375715614863605,18.85338592529297
322,42.4312753594004,18.6979294729129,42.3680305480957,18.501455307006836,17.59922544948563,128.1073455810547
323,42.9640004372569,17.1352830992047,42.928375244140625,17.049097061157227,8.056239572470428,10.0
324,43.4779857893002,16.5243018598293,43.44680404663086,16.350391387939453,14.457921697436758,10.0
325,44.3224923474126,15.2967745087459,44.3265380859375,14.941203117370605,28.28864592619848,10.0
326,45.3118458732922,14.498435082273,45.291648864746094,14.566276550292969,5.761700474552295,10.0
327,45.2641264657872,13.6037512640233,45.20833969116211,13.538971900939941,8.013027001737834,26.09037208557129
328,45.4610259218495,12.5061318917302,45.43451690673828,12.554919242858887,4.813899226583414,10.0
329,44.821274578693,12.3361864674129,44.80562210083008,12.469517707824707,10.660522830197118,10.0
330,43.5481430747605,13.6283132866233,43.6116943359375,13.591204643249512,7.672786531861813,10.0
331,42.0452505508852,14.7889505627467,42.068016052246094,14.948650360107422,13.425695381382926,20.11717414855957
332,41.5565377441638,15.9190016907517,41.51323318481445,16.158233642578125,20.486480275661087,13.988037109375
333,40.6707363549526,17.9421038610653,40.771968841552734,17.857450485229492,13.326844468391924,90.837646484375
334,39.6358346348238,16.6486398543404,39.632171630859375,16.77471160888672,10.803859908784615,54.49175262451172
335,38.4827655811924,16.5635376914602,38.41423034667969,16.707149505615234,14.645300908053688,399.776611328125
336,40.0669333319409,15.5534638030486,40.021854400634766,15.544659614562988,5.068273479930693,305.76611328125
337,40.8228519995793,14.3132961403579,40.75410461425781,14.338961601257324,7.943879121905657,120.66698455810547
338,41.506772832422,12.5353249487985,41.51852035522461,12.38443374633789,12.631516536770249,89.62760925292969
339,42.6368822273552,11.0724924038442,42.598777770996094,10.963704109191895,9.85873632522403,86.0611801147461
340,44.0136895363574,10.0626386089702,43.97666931152344,10.089834213256836,4.655961850314764,10.0
341,43.9815514463745,8.16439860183344,43.90842056274414,8.309598922729492,14.186771114786737,721.1995849609375
342,43.1569496683631,6.46666072936508,43.15438461303711,6.465734481811523,0.29495160320892116,19.539121627807617
343,43.382278269684,4.8588366233529,43.22394943237305,4.953639507293701,19.204206600936775,96.1340560913086
344,43.2070831245489,3.24809524670284,43.128143310546875,3.174046277999878,10.635481595586514,10.0
345,42.0553853111084,3.2114439861399,42.06454086303711,3.3483059406280518,11.344564754979512,153.42869567871094
346,41.1168740598723,1.34857929770396,41.05686950683594,1.2682349681854248,9.479439201521783,63.22014236450195
347,40.1847443046857,0.212485165459129,40.16142654418945,0.46740856766700745,21.813961045611013,57.517333984375
348,38.6970834495013,0.159926845531207,38.85800552368164,0.162059485912323,17.894697916128603,38.203216552734375
349,37.5436450072709,-1.05691405288097,37.542930603027344,-1.1356383562088013,6.941247239489915,38.2274169921875
350,36.7250447326018,-2.65596411128552,36.589134216308594,-2.664337158203125,15.131026427258524,293.71630859375
351,36.4930588733931,-4.72034144546826,36.41797637939453,-4.673971176147461,9.32210532392736,171.15628051757812
352,36.453453339737,-6.24958452737324,36.4394416809082,-6.428931713104248,16.11749471536723,51.29908752441406
353,37.206407251257,-7.10954791611581,37.04505920410156,-7.169954776763916,18.723375865255285,40.43037796020508
354,37.0449044482641,-8.91309736960945,37.06633758544922,-8.926036834716797,2.6454450251637502,13.80415153503418
355,38.4094756069954,-8.80788090386564,38.44630432128906,-8.897370338439941,8.805565682314171,13.390837669372559
356,39.4978861129837,-9.14358431283885,39.61402893066406,-9.11873722076416,13.089012479886387,89.90660095214844
357,41.0261664600548,-8.65512494341562,40.944915771484375,-8.82451057434082,16.845639224409556,40.55922317504883
358,42.3338160720462,-8.77107960715599,42.2624397277832,-9.025772094726562,22.40052509411121,106.23886108398438
359,42.9505776582276,-9.18576353474162,43.00843811035156,-9.245600700378418,8.067762802726568,11.888593673706055
360,43.4954435659696,-8.18128765899646,43.538089752197266,-8.458504676818848,22.85101438000299,96.89453125
361,43.5786154557067,-6.80372925916451,43.668033599853516,-6.67465877532959,14.380458683360954,77.65048217773438
362,43.3992054931915,-4.57845202436295,43.4233512878418,-4.659646034240723,7.086850397302758,16.258649826049805
363,43.4572386710157,-2.76466101184692,43.54191207885742,-2.8765528202056885,13.042182239356222,87.19243621826172
364,44.2098013532106,-1.32857696089026,44.36648941040039,-1.2917559146881104,17.667734190077887,14.513062477111816
365,45.5125336921868,-1.10422414487485,45.57905960083008,-1.1849617958068848,9.708347588172725,10.0
366,46.8383494010963,-2.13347062919828,46.834373474121094,-2.337653636932373,15.537837347468065,16.48345947265625
367,47.5508891224344,-2.84011493509145,47.54889678955078,-3.0303187370300293,14.276679917154551,10.0
368,47.7951251675213,-3.53441299718116,47.74348068237305,-3.5235211849212646,5.800018597956618,10.0
369,48.1851871613735,-4.52909092973389,48.132110595703125,-4.511508941650391,6.04422506236246,32.91292190551758
370,48.6502476848054,-4.48121895493307,48.64842987060547,-4.710274696350098,16.828277716087594,75.72968292236328
371,48.6109471661343,-2.802327474814,48.71723937988281,-2.88879656791687,13.417165671652063,10.0
372,48.8044334399609,-1.56759410372082,48.80709457397461,-1.5814456939697266,1.0566925821089046,10.0
373,49.3947583506476,-1.17541766074126,49.42720031738281,-0.972272515296936,15.13312455657932,12.982656478881836
374,49.7557752871195,0.317892766553202,49.82346725463867,0.39270898699760437,9.246720252274594,20.816070556640625
375,50.889346684826,1.65737124976762,50.8525276184082,1.6257708072662354,4.6560472305276965,10.785714149475098
376,51.3590324735197,4.23262581944493,51.62677764892578,3.632622003555298,51.106118151601066,10.0
377,52.8809724168278,4.71192985599063,52.93152618408203,4.488626003265381,15.99592897745243,24.584604263305664
378,53.3741745077457,6.23204584443786,53.505550384521484,6.259830474853516,14.72381365379357,10.0
379,53.6944081399965,7.51801578842899,53.82314682006836,7.435850143432617,15.300212624000768,19.801843643188477
380,53.855803098327,8.63159392924747,53.845298767089844,8.521085739135742,7.342095209154289,10.0
381,54.881544052277,8.58528414005793,54.894317626953125,8.352465629577637,14.95793621118047,10.0
382,55.4699439892004,8.30164168479201,55.485511779785156,8.305657386779785,1.7494608300010566,10.0
383,56.6961059123879,8.37657580176939,56.694820404052734,7.97631311416626,24.438820043293784,20.428213119506836
384,57.715765759625,10.5541407566532,57.78884506225586,10.474140167236328,9.410770845405672,100.0816650390625
385,56.5469165674634,10.6127613670439,56.60494613647461,10.730246543884277,9.665274779173803,10.0
386,55.8482506565446,9.88799365779321,55.830135345458984,10.101441383361816,13.478607196172101,10.0
387,55.03800758664,9.57723647809719,54.97348403930664,10.020853042602539,29.184899478631145,11.534249305725098
388,54.4289993891171,10.3530890794027,54.49237060546875,10.377616882324219,7.222695976359182,17.404035568237305
389,54.10408777526,11.584321411557,54.186004638671875,11.614776611328125,9.322227651568554,13.441001892089844
390,54.382219570597,12.6331319636119,54.48918533325195,12.54869270324707,13.087799483888887,10.0
391,54.5494759611954,16.5660766360238,54.58282470703125,16.665843963623047,7.424103072768007,10.0
392,54.7387516283858,18.4431823276702,54.84476089477539,18.427677154541016,11.829546587279703,14.601615905761719
393,54.2746575669155,19.2991564226491,54.42680358886719,19.30731964111328,16.92615866553805,48.005489349365234
394,54.9405821607778,20.3393510284284,55.03512191772461,20.440969467163086,12.350699460586036,25.109006881713867
395,54.9309848107529,21.1649403412183,55.11159896850586,20.756885528564453,32.86234227902825,10.0
396,56.6149062830584,21.0028815332454,56.69165802001953,20.87282371520996,11.663360263630498,24.168155670166016
397,57.5721299855975,22.6848391866285,57.655879974365234,22.684019088745117,9.312714809862822,19.40134048461914
398,57.6769072734381,24.3493989631501,57.725894927978516,24.1768741607666,11.608011046829361,27.894874572753906
399,58.752921989065,23.7263934834772,58.848331451416016,23.349403381347656,24.16798977670131,10.0
400,59.4470960476734,24.7581022402064,59.512454986572266,24.54191017150879,14.207731101793387,30.77888298034668
401,59.4404939569004,26.9411525960518,59.56501770019531,27.010719299316406,14.392180259713353,38.5618782043457
402,59.9748342204932,29.2253249065969,60.00949478149414,29.327634811401367,6.8720197835776595,18.795108795166016
403,60.4433786196182,28.5394374798333,60.480228424072266,28.622783660888672,6.137216206206811,12.708357810974121
404,60.5764814419948,27.1847953406937,60.49586486816406,27.078235626220703,10.692231677479743,10.0
405,60.3470868712787,25.8638395723374,60.36838150024414,26.00834083557129,8.292139768805695,10.0
406,60.0575195980571,24.4457521363443,59.96245193481445,24.367719650268555,11.426183309064802,10.0
407,59.9855400142311,23.0372303442663,59.865386962890625,23.06110382080078,13.426493314608786,10.0
408,60.42890478501,22.1919528709558,60.38153839111328,22.022735595703125,10.681401303263316,10.0
409,61.0866989895548,21.3256498246475,61.1270866394043,21.195905685424805,8.29214080619362,17.546476364135742
410,62.1650927628739,21.4034961993703,62.10066604614258,21.243074417114258,10.992862192157892,10.406416893005371
411,63.2413521864321,21.6404752296131,63.29787063598633,21.610326766967773,6.462934840572665,10.0
412,63.8251898120462,22.7944460527517,63.83612060546875,22.95034408569336,7.74123478279427,10.0
413,64.7983638969257,24.5530590368199,64.74308013916016,24.54449462890625,6.1606691265893865,10.0
414,65.6432862571897,24.9437363161947,65.586181640625,24.73857307434082,11.359323477055744,10.0
415,65.7505454088426,22.977810321125,65.7136001586914,23.10402488708496,7.081594001036589,10.0
416,65.3589931932795,21.6504870800122,65.29942321777344,21.78137969970703,8.987953840515742,10.0
417,64.6466369088968,21.2371629736275,64.68050384521484,21.2954158782959,4.67600113204231,10.0
418,63.6999695599984,20.3042772113266,63.71847152709961,20.438278198242188,6.912952083469763,10.0
419,63.2475209372042,18.6867858573577,63.20906448364258,18.866743087768555,9.976317552829263,12.558327674865723
420,61.752340787149,17.4183527656216,61.797996520996094,17.457117080688477,5.470686574165411,38.753482818603516
421,61.0019828322654,17.1468353954599,60.97341537475586,17.344423294067383,11.119177468955046,30.711305618286133
422,60.3067676293218,18.3312224567195,60.29645538330078,18.598735809326172,14.781802647644612,10.0
423,59.5921891621363,18.6384761569755,59.476016998291016,18.531993865966797,14.24460545402949,10.0
424,58.7646343557315,17.4145319094252,58.730857849121094,17.388111114501953,4.053273688602122,10.0
425,57.8671663515343,16.4418829232357,57.869937896728516,16.806650161743164,21.57472838811468,10.0
426,56.7857985495447,16.3943693812369,56.826141357421875,16.453386306762695,5.747291313660762,10.0
427,56.1396238012404,14.7000753962161,56.017578125,14.618779182434082,14.478169466722802,10.0
428,55.3689053897268,12.9364630409602,55.29346466064453,12.893828392028809,8.811436686074943,10.0
429,56.4664497135701,12.8949061809919,56.468544006347656,12.619053840637207,16.945892910523394,18.918317794799805
430,57.7069794097622,11.9077842980039,57.589500427246094,11.790657997131348,14.805905911164826,10.0
431,58.499310896612,11.3103167914319,58.54043197631836,11.172175407409668,9.233078949453414,16.20240020751953
432,59.1501018860856,10.413406936515,59.09913635253906,10.334565162658691,7.235758679532493,10.0
433,58.7842381517094,9.33880877360316,58.69021224975586,9.233560562133789,12.09126214938116,10.0
434,58.0060792006734,7.62177974608646,58.03361511230469,7.7469682693481445,7.983091461277508,10.0
435,58.2300073245416,6.75327502025389,58.213191986083984,6.404713153839111,20.496963240484913,205.1923828125
436,58.959938301541,5.90237628265855,59.005531311035156,5.92472505569458,5.228943483580079,10.0
437,59.4565220354122,5.97209934910356,59.3149528503418,5.789327621459961,18.839352443517352,10.0
438,60.6461144879248,5.24460802299464,60.58673095703125,4.984803199768066,15.637072594244753,10.0
439,61.2168764670558,5.04441954467035,61.165828704833984,5.008410453796387,5.995235361480556,10.0
440,62.3617700133008,6.49670529936721,62.46559143066406,6.114565372467041,22.81386308323515,10.0
441,62.8112748929176,7.15771222882126,62.99934005737305,7.424495697021484,24.897013852501164,16.451873779296875
442,63.4137504647459,9.20465348648064,63.553565979003906,9.444608688354492,19.585761171740895,10.0
443,64.2442057014183,10.3041516157104,64.3160629272461,10.089298248291016,13.089497387588457,220.59059143066406
444,64.7950007733945,11.2922336149046,64.84616088867188,11.240717887878418,6.188820323073317,10.0
445,66.2009286522171,13.1973292219579,66.26985168457031,13.066157341003418,9.658315848624449,10.0
446,67.0568536702269,13.9536613957137,66.99285888671875,13.919624328613281,7.267636855663868,10.0
447,67.7346244530717,14.7812620475667,67.70618438720703,14.8353853225708,3.899588070310843,10.0
448,68.12735229536,15.6432426141029,68.17610168457031,15.48285961151123,8.56922316917163,90.80207824707031
449,69.6224860997973,19.9937291046294,69.96533203125,20.02897834777832,38.14680947766341,143.20620727539062
450,69.865079541184,21.9527464574468,70.30059814453125,21.99456787109375,48.453427578891,28.562959671020508
451,70.9145628207313,24.8229599512701,71.02043914794922,24.965057373046875,12.851113824075037,10.0
452,70.3237408589311,25.1520865787787,70.51927185058594,25.64146614074707,28.376393111402628,83.1872329711914
453,70.7561734108941,26.6825537664792,70.74320983886719,26.651567459106445,1.8352980500211153,12.82470703125
454,70.7557924383503,29.3750968153732,70.75529479980469,29.573396682739258,7.267861962173905,89.28132629394531
455,70.0763178813603,30.0787965913981,70.07070922851562,30.15000343322754,2.769644645658517,39.7330322265625
456,69.8644719888572,31.9565673745942,69.93705749511719,32.18950271606445,12.015368643696672,10.536294937133789
457,69.4609814082948,32.5840683129225,69.5132827758789,32.93741226196289,14.94581857872908,100.04054260253906
458,69.1836732907636,35.8374444875285,69.26361846923828,35.61438751220703,12.507175551502788,128.3606719970703
459,68.3203442630829,38.7861335493425,68.36661529541016,38.78200912475586,5.14789410451105,45.65962219238281
460,67.3784841284764,41.0373248075324,67.44410705566406,41.276222229003906,12.54432012971805,55.01093673706055
461,66.0990556218433,38.9959172514335,66.07215881347656,39.16058349609375,8.002280435431196,18.39863395690918
462,66.5873914444471,34.8505690948044,66.51207733154297,34.698829650878906,10.733966509215845,54.73897933959961
463,67.1566180173875,32.4065562492907,66.75370025634766,33.581546783447266,67.9907400789751,10.0
464,66.5059459333182,33.0252272708016,66.66316986083984,33.375736236572266,23.356519009663508,37.78600311279297
465,65.8652511901869,34.8148290912187,65.9140625,34.98541259765625,9.460208012894098,143.4942626953125
466,64.8008004839292,34.8842048284749,64.79820251464844,34.9750862121582,4.31250504466658,10.0
467,63.9374182866745,36.3977121479734,64.05284118652344,36.52189636230469,14.190794672616695,13.925134658813477
468,64.4343619330454,37.0822029823997,64.3952865600586,36.84811019897461,12.051602461255397,18.116785049438477
469,64.762497524594,38.3464632951112,64.8157958984375,38.57246398925781,12.235337981113165,22.080360412597656
470,64.7434262793275,40.5152898116371,64.87107849121094,40.346168518066406,16.295852533207597,10.0
471,66.0360279011545,41.0424754728133,66.10795593261719,41.0287971496582,8.021797894169742,29.792858123779297
472,66.1258383988589,43.4495086849155,66.23966979980469,43.73701095581055,18.079565524095948,11.698827743530273
473,67.1516684223853,43.9971081719445,67.1554946899414,43.800537109375,8.497189494354402,10.0
474,68.6619001898024,43.3053190750716,68.6158447265625,43.24932861328125,5.60077876664786,16.492843627929688
475,67.8417573830524,46.6627271492066,67.79339599609375,46.699363708496094,5.593187982906411,10.0
476,66.8285955217862,46.264529883257,66.89095306396484,46.471683502197266,11.40260790126243,10.0
477,67.6341362096951,48.9576038565202,67.86318969726562,48.73832321166992,27.091498373848864,10.0
478,68.4096434163112,51.4286513620081,68.5177993774414,51.26813507080078,13.695389926765376,10.0
479,68.8896529995323,53.5681894971598,68.86534118652344,53.224971771240234,14.016100518965446,10.0
480,68.6231904377654,55.9552697599161,68.65145111083984,55.82527160644531,6.131991478697458,10.0
481,68.9919615745102,59.0451521559884,69.058837890625,58.96610641479492,8.074502619572936,10.028945922851562
482,68.71928146152,60.5329413391822,68.75341796875,60.47267532348633,4.507159113378161,10.0
483,69.828532237609,61.3164409148096,69.86936950683594,61.17696762084961,7.011722642119072,10.0
484,69.2534550830457,65.0349581290213,69.26111602783203,65.24459838867188,8.299920921175255,10.0
485,68.4964453847772,67.8057805336662,68.4969482421875,67.80927276611328,0.15292894553536973,10.0
486,68.9979924026874,68.3915181115024,68.96025848388672,68.21114349365234,8.328629551012943,12.981399536132812
487,70.0384480678032,66.9641189740476,70.02998352050781,66.98397064208984,1.2058234404888482,10.0
488,71.0968842013835,66.7832479729696,71.13758087158203,66.53941345214844,9.872872959230886,11.0
489,72.469381842038,68.9531611044141,72.4529800415039,68.71240234375,8.271123615726358,10.402691841125488
490,72.6208781552154,72.8132416408768,72.62095642089844,73.0,6.20283245449319,10.0
491,70.9929082403089,72.7034869044202,71.05490112304688,72.70680236816406,6.894345885056098,10.0
492,69.4318218839372,72.4467355057565,69.38510131835938,72.73638916015625,12.462145849633252,10.0
493,67.9342166099448,73.0814006736941,67.94599151611328,73.2409439086914,6.790295783764213,10.0
494,66.3488726573461,70.4263561360439,66.37639617919922,70.5447006225586,6.099562248241483,10.0
495,66.9210095759993,73.6415705402644,66.9528579711914,73.68248748779297,3.964612401074163,10.0
496,68.5112876598888,74.3801311381725,68.49215698242188,74.25692749023438,5.452619796718913,10.0
497,68.3297091328953,77.1803513131672,68.30850219726562,77.33297729492188,6.698592916814643,10.0
498,67.651477203126,78.4344133681272,68.18840789794922,77.56324005126953,69.93082870757144,10.0
499,68.855785110989,77.6648422857424,68.86006927490234,77.4849853515625,7.229059999461209,10.0
500,69.3007520672317,73.8496586883191,69.27193450927734,73.78853607177734,4.0058477055969615,10.0
501,72.4192035713569,74.950826322376,72.38538360595703,74.94051361083984,3.7765606341496127,10.0
502,71.7343256247593,75.3602942783562,71.70552825927734,75.4838638305664,5.369185246163735,10.0
503,70.9898808186359,78.4563876330436,71.21736145019531,77.26459503173828,49.81628075375993,10.0
504,72.0224755369886,76.7136006836411,72.0146713256836,76.83537292480469,4.269188401855945,10.0
505,72.37236846831,78.7985138051316,72.39974975585938,78.98021697998047,6.8300749544375465,10.0
506,71.9848092044216,82.4345715517221,72.01544189453125,82.26911926269531,6.627405223043771,10.0
507,73.2035888662494,80.6463746979823,73.26344299316406,80.07876586914062,19.385206185856426,13.434599876403809
508,73.7186699449262,85.1994885058002,73.79678344726562,85.08602905273438,9.37526559232507,15.557356834411621
509,74.3617385980975,86.2458863242646,74.42801666259766,86.07565307617188,8.957824168973206,10.0
510,74.82665798459,86.028006869585,74.78414916992188,85.98480224609375,4.891608848143745,10.0
511,75.1153819860345,88.2056667542705,75.21102142333984,88.2356948852539,10.668949326446997,10.0
512,75.626078414254,91.68144280547,75.68164825439453,91.23330688476562,13.806789577232637,10.0
513,76.0077417526462,93.5192810254995,76.09124755859375,93.38680267333984,9.941405541541297,10.0
514,75.9087719226477,96.5588125423129,75.97221374511719,96.88948059082031,11.38192774838191,13.652012825012207
515,76.976718275031,101.14871616803,77.02765655517578,100.93630981445312,7.765342014736623,27.902753829956055
516,77.3600387407094,106.112359757296,77.36016845703125,106.37120819091797,6.298314709186563,10.0
517,76.9479993087372,107.386944357308,76.88994598388672,107.5859603881836,8.17042016731647,18.682239532470703
518,76.7364249103747,110.366217887936,76.78956604003906,110.66963958740234,9.726269005689712,10.0
519,76.1437979646608,113.074592677437,76.22251892089844,113.53142547607422,14.959649003598463,10.0
520,74.6564951551474,111.876417802297,74.67803955078125,112.09758758544922,6.930202546984551,22.838462829589844
521,73.6369090214033,108.156270762324,73.59050750732422,108.20935821533203,5.421713751105256,10.0
522,72.9225020841823,106.107448028695,73.29608154296875,106.8703384399414,48.300957637915246,10.0
523,73.4528491808344,109.710020815238,73.52685546875,109.15299987792969,19.430395533520134,10.0
524,74.0460722317411,111.451806531649,74.07319641113281,111.37757110595703,3.773073806086107,10.0
525,73.319250067753,113.563578395142,73.65341186523438,113.67568969726562,37.325707332548994,10.0
526,73.6098579650741,117.429846810303,73.61174774169922,117.36082458496094,2.1757342982636394,10.0
527,72.9248138830634,121.104251196848,72.97774505615234,120.93995666503906,7.957965196921905,10.0
528,73.1859230473159,123.634725611706,73.21863555908203,123.42345428466797,7.7021732075805085,10.0
529,73.5982784316431,125.01497825032,73.64430236816406,125.44340515136719,14.37522977323906,10.0
530,71.8724974103218,128.658741765555,72.00702667236328,129.12413024902344,21.93502747416227,10.0
531,71.1383714926669,129.730659285403,71.20368194580078,129.75128173828125,7.299814799967933,10.0
532,71.230154340125,131.98088376024,71.27680206298828,131.81455993652344,7.888801941231385,12.066092491149902
533,71.491673787682,133.591607291312,71.44808959960938,133.70494079589844,6.287053775079529,10.0
534,71.42464276973,139.247040654258,71.52030181884766,139.16282653808594,11.045170862210787,10.0
535,72.2408356781186,139.962022188216,72.15935516357422,139.5828857421875,15.75351603624739,10.0
536,72.6848479039596,141.042249190066,72.59475708007812,140.73802185058594,14.220946451520636,10.0
537,72.4645630762773,145.941521931237,72.58810424804688,145.9662322998047,13.761923196794227,10.0
538,71.9082023888735,150.021865346581,71.81654357910156,150.0487823486328,10.234508553813265,10.0
539,70.8728022573553,153.970669832851,70.96963500976562,153.85218811035156,11.596543645979235,10.0
540,70.8693442554775,158.406264012196,70.96647644042969,158.89852905273438,20.901608762956876,10.0
541,69.7558767819709,159.957559236058,69.7617416381836,160.10499572753906,5.709317873306522,10.0
542,69.6013353548938,162.151122327752,69.6904296875,161.96221923828125,12.309482217099308,10.0
543,69.472369030408,166.905160918796,69.52127075195312,166.7213134765625,8.990996606429038,10.0
544,68.7854303470032,169.735191635625,68.8460922241211,169.6147003173828,8.303034363711497,10.0
545,69.6264121402658,170.188506097488,69.68065643310547,169.96742248535156,10.461448836516865,10.0
546,69.8295253977386,173.44300267418,69.92710876464844,173.61233520507812,12.637112839929562,10.0
547,69.6295304713056,177.008588593831,69.70647430419922,177.1877899169922,11.00622919863172,20.074541091918945
548,27.260469562752,33.8159633031488,27.317340850830078,33.7540283203125,8.800557687267267,10.0
549,24.109933048958,35.4994033343735,24.228195190429688,35.50038528442383,13.15054561824949,10.0
550,22.8869853630512,35.7319178176191,23.092391967773438,35.750099182128906,22.915903357238395,10.0
551,20.5641221778802,37.2318680808617,20.545021057128906,37.25,2.841664203708056,23.704809188842773
552,18.911305443842,37.4051398652987,18.897741317749023,37.5,10.092358328760923,13.165209770202637
553,16.2897468774795,39.2068991260384,16.276554107666016,39.25,4.828596597907967,32.0
554,15.3519811110245,39.7903558690465,15.55531120300293,39.75,23.01928576143872,11.238081932067871
555,14.7403941517353,40.769627356998,14.831531524658203,40.75,10.35139778481996,10.0
556,13.6748135491187,42.123493894601,13.619888305664062,42.25,14.972012380781077,10.0
557,12.8594329050788,43.0333914148481,12.889873504638672,43.0,4.955683578308645,10.0
558,11.6056292847707,42.7091787807637,11.668495178222656,43.25,59.313898417373075,50.06861114501953
559,11.0225697585193,43.6639943927664,10.9330415725708,43.75,13.683783320603773,22.859954833984375
560,10.5410534439148,45.201804814712,10.687479019165039,45.25,17.11263601252165,572.150146484375
561,10.8692491172723,46.8770284953866,10.9330415725708,46.75,15.578668566766243,958.322021484375
562,11.3072412945624,48.5655872429326,11.423554420471191,48.5,14.77822912324447,665.0458984375
563,11.6159168723459,50.3206587251821,11.668495178222656,50.25,9.664264560569302,376.80474853515625
564,10.419759433486,51.2061471867759,10.195759773254395,51.25,25.365482286839324,84.50882720947266
565,8.94937180638312,50.5145618360161,8.963215827941895,50.75,25.906144579178022,239.15325927734375
566,7.43722968122247,49.6390505942451,7.478672981262207,49.75,13.07189153353591,60.11848449707031
567,5.83130614166107,48.8489915287385,5.740372657775879,49.0,19.527548403431346,448.9950256347656
568,1.95281863381006,45.1854452690135,1.7497279644012451,45.25,23.69493319210373,488.267333984375
569,0.873767926074697,43.7520364327428,0.7499786019325256,43.75,13.766625899093123,333.0404052734375
570,-0.433164151951586,42.5195000357159,-0.4999936521053314,42.5,7.740973292450712,28.992103576660156
571,-1.67696293953783,41.5301523673084,-1.7497279644012451,41.75,25.739803694354077,967.9478149414062
572,-2.05814947615101,40.909292017767,-2.2494218349456787,41.0,23.535936532134183,10.0
573,-4.08634932309606,39.5640027321743,-3.9967546463012695,39.75,22.910055022604702,43.80161666870117
574,-5.13367279033061,39.1338795458165,-5.242669105529785,39.25,17.670536916339767,546.3609008789062
575,-6.58205711713357,39.1424685379703,-6.486102104187012,39.25,15.967492035790578,10.0
576,-8.92334469853575,39.5496346314511,-8.963215827941895,39.5,7.027112370006785,10.0
577,-9.6663473275967,39.6991138315744,-9.70328140258789,39.75,6.926521785382994,54.298500061035156
578,-11.3554027345571,40.403111574978,-11.423554420471191,40.5,12.998859927428184,10.0
579,-12.6564299293404,40.5587642069455,-12.646055221557617,40.75,20.780250651533557,1036.4974365234375
580,-13.5456337552123,40.5924663695913,-13.619888305664062,40.75,18.923371054888673,1067.6026611328125
581,-14.410225636495,40.7962435163296,-14.347655296325684,40.75,8.556699239364018,154.994384765625
582,-15.1867645617295,40.6330982138326,-15.073066711425781,40.75,17.812819779377048,19.679306030273438
583,-16.2312802768371,39.92606710743,-16.276554107666016,40.0,9.361261668809606,19.838930130004883
584,-16.9306348973722,39.0937115245389,-16.99515724182129,39.25,18.10469045831993,10.808968544006348
585,-17.4182141064264,37.7526246041622,-17.472705841064453,37.75,6.0656060705353285,10.0
586,-18.2289655488748,36.8046246781051,-18.186677932739258,37.0,21.165921710667856,17.20067596435547
587,-19.1108395890508,35.7257940981374,-19.134098052978516,35.75,3.6270800256354185,10.0
588,-19.9624532771461,34.7334593515477,-20.07611083984375,34.75,12.75576289835823,10.0
589,-21.0163552875364,35.0624126890565,-21.01249885559082,35.25,19.476191734188276,20.0
590,-22.1819196654333,35.4309996420682,-21.943044662475586,35.5,27.497034373594015,10.0
591,-23.4654635534763,35.4460476269727,-23.556825637817383,35.5,11.552866556478206,40.86465072631836
592,-24.4069808981603,35.2671925631643,-24.47026252746582,35.25,7.248653496077589,11.164236068725586
593,-25.2113705467234,33.5345205700933,-25.377117156982422,33.5,18.754117412278912,214.9197235107422
594,-26.0888730226124,32.5916450516768,-26.05283546447754,32.75,16.31639168184911,10.0
595,-28.8861582571615,31.9893241768621,-28.935306549072266,32.0,5.562966540065118,13.287569046020508
596,-30.2797756250545,30.7642264668464,-30.455408096313477,30.75,19.577102688272713,74.3729476928711
597,-31.6624711630197,29.465752541892,-31.739795684814453,29.5,9.188300887486777,121.93966674804688
598,-32.9409932749423,27.981322096245,-33.006614685058594,28.0,7.501915203198975,56.69314193725586
599,-33.7359779670022,26.1348896043158,-33.84122085571289,26.25,15.8148825451833,32.48635482788086
600,-34.1389337257613,24.4953185733857,-34.25550079345703,24.5,12.968833363532333,85.30047607421875
601,-34.0327768797747,22.5011256570448,-34.048614501953125,22.5,1.7641173112409687,30.19162368774414
602,-34.4654233824605,20.7425494567841,-34.66775131225586,20.75,22.508211505554087,84.06507873535156
603,-34.4101805729419,19.1289217838959,-34.46187973022461,19.25,12.503819516841956,48.146728515625
604,-32.6987922186521,17.9851036462528,-32.58631896972656,18.0,12.584007271198702,55.371341705322266
605,-31.2708538164175,17.8586833080068,-31.3135986328125,17.75,11.368317300024811,112.80271911621094
606,-29.6346756386761,17.0168805261371,-29.80675506591797,17.0,19.203697016266204,92.01071166992188
607,-28.1918726733395,15.9256711151031,-28.27686309814453,16.0,11.930400482278337,54.44203567504883
608,-26.6428228742474,15.0924779991244,-26.72467803955078,15.0,12.933003188038589,105.90266418457031
609,-25.091913001029,14.8695077124411,-25.151031494140625,14.75,13.710394071353162,45.908939361572266
610,-23.3950245216141,14.4453261011619,-23.32746124267578,14.25,21.307208213370725,103.6813735961914
611,-22.031948985712,14.1713286413683,-22.174745559692383,14.25,17.827225107258347,18.969467163085938
612,-20.462089990892,13.278058415013,-20.54502296447754,13.25,9.673694027174806,17.805511474609375
613,-17.2929071216847,11.7532471938433,-17.234085083007812,11.5,27.675256136484325,139.04510498046875
614,-15.6285134827557,11.996350646619,-15.55531120300293,12.0,8.149112143320105,39.78599166870117
615,-13.9513821246791,12.3987832413937,-13.86273193359375,12.25,18.843071145718717,1172.98486328125
616,-12.5848812981829,13.2655777483565,-12.40200424194336,13.25,20.405229629169465,481.6536865234375
617,-5.99331389356594,12.4417160979523,-5.989063739776611,12.25,21.20671420460499,21.42406463623047
618,-4.51297435450251,11.7452144935817,-4.744568347930908,11.75,25.757574029367802,17.476715087890625
619,-3.37652837021785,10.6547504031714,-3.4978253841400146,10.75,17.137336159860517,10.0
620,-2.44108601458844,9.66795426918915,-2.499207019805908,9.75,11.17333447852612,10.0
621,-1.05124975926928,8.87898997880217,-0.9999492168426514,8.75,15.433632221991665,34.0
622,-0.443436307506423,9.24606176998191,-0.24999921023845673,9.25,21.51371069475389,11.00002384185791
623,0.0819911142050983,9.73829526579764,0.24999921023845673,9.5,32.42072466446534,10.0
624,0.663070478637786,9.47998415703119,0.7499786019325256,9.5,9.916702974294042,10.0
625,1.25994598067572,9.39797917866113,1.2499008178710938,9.25,16.48848678846354,38.991004943847656
626,2.85180703913043,9.91031345849976,2.7489447593688965,9.75,21.162063077680028,46.03553771972656
627,3.7405133826653,9.65921452473126,3.7473256587982178,9.5,17.682321761323823,10.0
628,4.72927149430787,8.50785999550903,4.495380878448486,8.5,26.02207217853973,10.0
629,4.55945859275394,7.93291440007346,4.495380878448486,8.0,10.298842826519746,10.0
630,4.35675745001603,6.7742393315131,4.246108055114746,6.75,12.59380788194582,13.824740409851074
631,5.51045827542096,5.20071815755318,5.491572856903076,5.0,22.31511031352557,18.50562858581543
632,6.49765390966789,3.62497489054294,6.23764181137085,3.5,32.041334277941885,56.28008270263672
633,6.34551072973902,2.5859625729813,6.23764181137085,2.5,15.301558093372392,23.50678253173828
634,5.82113558359013,0.950024569166727,5.740372657775879,1.0,10.54587648139119,33.978111267089844
635,5.37488998598793,-0.511363122872988,5.242669105529785,-0.5,14.75604230705371,36.87970733642578
636,4.77519068156529,-2.14998681829514,4.744568347930908,-2.25,11.593914111791511,50.0
637,5.20978534906148,-3.78933447722903,4.99366569519043,-3.75,24.423125334753173,114.26959991455078
638,5.13873413636692,-5.3502229254937,4.99366569519043,-5.25,19.581435684686475,55.66040802001953
639,4.67891145099956,-6.8586483523744,4.495380878448486,-6.75,23.69588380017937,98.32106018066406
640,4.71080756741458,-8.50159404093147,4.495380878448486,-8.5,23.955039506092188,52.82190704345703
641,5.71284696141226,-9.89904933862045,5.740372657775879,-10.0,11.580973485457784,21.799510955810547
642,6.68832771175087,-11.2873686735492,6.486102104187012,-11.25,22.862215864065988,48.34375762939453
643,7.3453944747736,-12.4257589438841,7.230730056762695,-12.5,15.153144497412159,39.88672637939453
644,7.91853632233576,-12.9460670327769,7.974132061004639,-13.0,8.572887627027397,10.0
645,9.03666006766083,-13.3031279071396,8.963215827941895,-13.5,23.112584948804876,12.0
646,10.3638056069927,-14.4813646494594,10.195759773254395,-14.5,18.796777240686946,10.0
647,11.2999698021745,-15.3788380578793,11.178401947021484,-15.5,18.903582541256743,10.0
648,13.054690739834,-16.7424493342502,13.133454322814941,-17.0,29.236380357766635,17.0
649,13.8376922516401,-16.5853068851087,13.86273193359375,-16.75,17.997286361181317,10.0
650,14.7125496229521,-17.5038740745046,14.831531524658203,-17.5,13.23675765467305,94.51984405517578
651,16.0621860142093,-16.4556210189716,16.036428451538086,-16.75,31.587789977739202,67.55712127685547
652,17.7426093214921,-16.0454801959827,17.711013793945312,-16.25,21.944857409490805,43.85057830810547
653,19.3911836758652,-16.5181858348327,19.3701171875,-16.5,3.020952170824584,10.0
654,20.4977229194008,-16.3938569905037,20.54502296447754,-16.5,12.2411142088009,10.0
655,20.8504094027268,-17.1055562335144,20.778942108154297,-17.0,13.546994485930727,10.0
656,22.4249744196781,-16.4795768072772,22.40610694885254,-16.499988555908203,2.9671363473629455,10.0
657,23.9094703553729,-15.7174673607202,24.014511108398438,-15.749887466430664,12.135687696784842,15.848709106445312
658,24.5698881781979,-15.0367132045766,24.697738647460938,-14.999767303466797,14.698623089884904,32.0
659,26.234972101531,-14.4179793865817,26.277427673339844,-14.499180793762207,9.373243150216643,45.1469841003418
660,27.5701896032805,-13.2307372693041,27.61383056640625,-13.248005867004395,5.142414443777558,10.0
661,28.3239982895122,-11.4991338544778,28.494070053100586,-11.496500015258789,18.912897784982885,42.465309143066406
662,29.5525955169816,-10.0407395843609,29.5835018157959,-10.243799209594727,19.937164930531537,50.05182647705078
663,31.1286532038066,-9.82777577096228,31.09027671813965,-9.98845100402832,15.88085501965224,50.079010009765625
664,32.7095914978718,-9.08386073965469,32.77867126464844,-8.978029251098633,12.528854734315352,27.522188186645508
665,33.7210192625043,-7.3677217625133,33.80976486206055,-7.467339992523193,13.497289956591159,84.9917221069336
666,35.149771547332,-6.15993551792902,35.23107147216797,-6.197912216186523,9.676475708931946,36.0202751159668
667,35.4396558051303,-5.06406545567786,35.420467376708984,-4.942214488983154,11.244519625925877,140.55731201171875
668,35.2801899406481,-3.0977141361255,35.2004280090332,-3.191854953765869,12.31899134404226,25.808053970336914
669,35.1197383264522,-1.85219719209454,35.186641693115234,-1.9394726753234863,10.876671345599037,111.95111083984375
670,35.7994870456346,-0.135899098429848,35.96177291870117,-0.17089371383190155,18.31874550205736,51.858177185058594
671,36.5757743988173,1.7794283129125,36.715423583984375,1.852138876914978,16.8288178797715,2255.18701171875
672,36.8985108017252,3.82616728244286,37.066192626953125,3.867792844772339,19.008455281740783,1857.891357421875
673,36.8487431703833,5.85709768510312,36.83664321899414,5.866709232330322,1.5943036594426885,25.115537643432617
674,36.9632589607728,7.64530592819613,36.98750305175781,7.876669883728027,20.728814709876726,70.36917877197266
675,37.3106094892154,9.55876836943879,37.33184814453125,9.392271995544434,14.911106705235794,69.36776733398438
676,36.7397347022694,10.3629120112877,36.9351692199707,10.38115119934082,21.79189212971644,32.39822769165039
677,36.2067743659428,10.4906847267089,36.17423629760742,10.60806941986084,11.138220942604754,56.45417785644531
678,34.7933358807603,10.8372536697856,34.62665939331055,10.820514678955078,18.596656367564574,14.525986671447754
679,33.6866725086849,10.667093361596,33.841514587402344,10.55549430847168,20.071693436413337,19.92798614501953
680,33.2474367612309,11.3678825085625,33.23236083984375,11.546545028686523,16.700257380918305,10.623814582824707
681,32.8957957936316,13.375679635573,33.01415252685547,13.294450759887695,15.186969888399668,86.87174224853516
682,32.2630879937753,15.2881190195069,32.392879486083984,15.286972045898438,14.432577769351237,43.28947067260742
683,31.2193962969401,16.6747592689726,31.366436004638672,16.775991439819336,18.969704775586834,76.54344177246094
684,30.5125263655505,18.5743917294634,30.532697677612305,18.519086837768555,5.752739727029905,10.0
685,31.0626684826965,20.1368098663271,31.139617919921875,20.024436950683594,13.699808889290043,28.601348876953125
686,32.5734162395894,20.6366362657328,32.54289245605469,20.540637969970703,9.61590686306283,10.0
687,32.7890446914506,22.6221321873029,32.91572570800781,22.546510696411133,15.758272808999738,141.2894744873047
688,32.0121452900863,24.1053318991617,32.11363983154297,24.035480499267578,13.065013437237214,44.90864562988281
689,31.6200233564357,25.8491061553245,31.701398849487305,25.78064727783203,11.12917164420966,51.468162536621094
690,31.2266070451173,27.8030256282492,31.286840438842773,27.776212692260742,7.166207466266985,588.4961547851562
691,31.0430383510458,29.6412396031759,31.0743408203125,29.52404022216797,11.693747476169275,28.237106323242188
692,31.4747085881307,30.7292005982001,31.465532302856445,30.52777099609375,19.1307459994159,10.0
693,31.465370193104,31.853490036049,31.454248428344727,32.02742004394531,16.543568654998793,10.0
694,9.364889,-79.976778,9.456768035888672,-80.0,10.529299613563142,264.29498291015625
695,8.68450165437566,-79.7758153255843,8.716185569763184,-79.75,4.523675644397076,10.0
696,7.62527817419635,-80.9974498724579,7.478672981262207,-81.0,16.30419962125679,25.064363479614258
697,8.14244983626334,-81.780225597384,7.974132061004639,-81.75,19.009646007150035,45.65623092651367
698,8.06188024590527,-82.8894770976763,7.974132061004639,-83.0,15.598015990973805,618.521484375
699,8.41959567178066,-83.4561656459177,8.221638679504395,-83.5,22.534000864291315,1452.8980712890625
700,9.48517251094475,-84.235967734839,9.456768035888672,-84.5,29.130627322368447,29.27801513671875
701,10.0759062279178,-85.7499806650706,9.949613571166992,-85.75,14.043122259911518,61.9615478515625
702,11.0961617316626,-85.7130888544367,10.9330415725708,-85.75,18.580190263068005,37.53587341308594
703,12.3479383890333,-86.9862427323348,12.157724380493164,-87.0,21.203623898032998,47.60961151123047
704,12.9377680374521,-87.3782780839289,12.646055221557617,-87.5,35.01960567182508,37.9711799621582
705,13.3167537472058,-87.8086823304334,13.133454322814941,-87.75,21.348892426985362,17.963621139526367
706,13.2725638407936,-88.7977814919349,13.133454322814941,-88.75,16.310247224577108,20.970962524414062
707,13.8792215103723,-90.4663978444614,13.86273193359375,-90.5,4.064507048764608,10.052910804748535
708,14.4720439791078,-92.151899694061,14.347655296325684,-92.25,17.40486154876805,36.28136444091797
709,15.6987737536814,-93.514503283331,15.55531120300293,-93.5,16.027753659145347,32.043983459472656
710,16.1240223262905,-95.2275232542802,16.036428451538086,-95.25,10.031701793921465,41.58647918701172
711,15.8017638557444,-96.9518512225636,15.796011924743652,-97.0,5.191205131360383,42.461551666259766
712,17.0329495450547,-100.364156249536,16.99515724182129,-100.5,15.042939468669868,295.2519226074219
713,17.9445445889146,-101.922431401132,17.711013793945312,-102.0,27.234745345281432,693.9066772460938
714,19.3961577213588,-105.034269858608,19.3701171875,-105.25,22.81299972997375,1259.9222412109375
715,20.6890658916235,-105.30469517535,20.778934478759766,-105.5,22.635633237892815,10.0
716,22.0182366504495,-105.653195655727,21.942386627197266,-105.75,13.067904155184321,20.0
717,23.273974359497,-106.49744602997,23.32330322265625,-106.5,5.491324977437458,10.0
718,24.1406492743713,-107.161676950131,24.006820678710938,-107.25,17.373864021345984,25.363037109375
719,24.6206073088716,-107.94459941219,24.45972442626953,-107.99999237060547,18.746311221734064,38.99956512451172
720,25.3794809641694,-108.69163589219,25.358497619628906,-108.74995422363281,6.306844402458926,10.0
721,26.0127408072297,-109.41342629139,26.026121139526367,-109.4999008178711,8.768115378038539,54.45421600341797
722,26.6308086965878,-109.425604435788,26.6878719329834,-109.49984741210938,9.731038555727197,10.0
723,27.3998886392396,-110.504145299397,27.34369659423828,-110.7496566772461,25.035480826525145,907.839111328125
724,28.2501510554954,-111.397165293367,28.208295822143555,-111.49934387207031,11.039428966105124,50.50800704956055
725,29.4432818949022,-112.394073366678,29.4833927154541,-112.49851989746094,11.051857981257843,60.23827362060547
726,31.0589628789953,-113.102013246965,31.1405086517334,-113.2466812133789,16.490894793168994,12.763581275939941
727,31.7335514480664,-114.517910468076,31.54810905456543,-114.49537658691406,20.730329293695394,49.66693115234375
728,30.4536165730985,-114.634876100646,30.526256561279297,-114.49687957763672,15.494519580043518,80.26949310302734
729,29.0733112091572,-113.57670850057,29.06194305419922,-113.49856567382812,7.699159000204233,13.894702911376953
730,27.8167242176744,-112.715522088975,27.993600845336914,-112.74925231933594,19.945145775782667,42.919891357421875
731,25.6581814471427,-111.218773803268,25.804344177246094,-111.2498550415039,16.548091992990443,10.0
732,24.1957140980985,-110.446796051179,24.459775924682617,-110.49996185302734,29.852420508470058,216.34828186035156
733,23.5973527081183,-109.558049238307,23.779541015625,-109.49998474121094,21.103601084505613,1308.2659912109375
734,23.5548663712328,-110.325799097176,23.55171012878418,-110.49998474121094,17.758434064467753,105.01760864257812
735,24.5452009927318,-111.788951579567,24.45983123779297,-111.99994659423828,23.364058070920017,71.13603973388672
736,25.1708158367685,-112.107449519004,25.1348819732666,-112.24989318847656,14.883504633903238,34.140995025634766
737,26.4091762044975,-112.744133198182,26.247703552246094,-112.7497329711914,17.963635465306712,56.30058288574219
738,26.9142716622925,-113.802270170048,26.907846450805664,-113.99950408935547,19.569533842661997,63.792938232421875
739,27.8264194494546,-114.83907067897,27.994321823120117,-114.74899291992188,20.66175683993968,63.25819396972656
740,27.9074433896283,-114.274366176427,27.994121551513672,-114.24906158447266,9.953514030728968,10.0
741,28.8665218837124,-114.453253932765,28.850318908691406,-114.49850463867188,4.760879596047059,64.55776977539062
742,30.0640142456241,-115.813126289271,30.113283157348633,-115.99686431884766,18.507180677295874,75.92314910888672
743,31.3046910253502,-116.429470690241,31.348011016845703,-116.4946060180664,7.840962931752061,18.04522132873535
744,32.6824745058418,-117.19689145298,32.55477523803711,-117.2410659790039,14.7899811690281,46.232383728027344
745,33.7395361642665,-118.273354267737,33.734458923339844,-118.48533630371094,19.609965511862086,595.1618041992188
746,34.4273293736841,-119.989732493147,34.317378997802734,-119.9803466796875,12.256250354222164,580.8096313476562
747,35.55021042486,-121.089644830648,35.45579147338867,-120.97065734863281,15.041345612785124,18.172584533691406
748,36.9438976078738,-121.959778442067,36.928733825683594,-121.95341491699219,1.7784667090909239,24.539024353027344
749,37.6944069892949,-122.186579003679,37.46956253051758,-122.44488525390625,33.81100978951648,12.000924110412598
750,38.1563924465788,-122.997585660092,38.18146514892578,-123.18141174316406,16.310245312366586,95.6303482055664
751,39.7243953930707,-123.838412352797,39.73051071166992,-123.89701080322266,5.057228744736992,118.0680160522461
752,41.3218870768867,-124.08161046862,41.37138748168945,-124.09972381591797,5.708110756970477,18.204971313476562
753,42.9858195257437,-124.5142843101,42.9427375793457,-124.53602600097656,5.1067308558334314,48.568851470947266
754,44.365646359291,-124.047055473393,44.42350387573242,-124.21536254882812,14.839615858046752,61.23109817504883
755,45.901535546302,-123.984597508079,45.838844299316406,-124.12632751464844,13.000245351440025,87.08365631103516
756,46.6127754651209,-124.05675032528,46.655303955078125,-124.06471252441406,4.767875584270111,10.0
757,48.2262598557391,-124.192882263669,48.22932052612305,-124.16407012939453,2.1612209708469137,118.4896240234375
758,47.8350326239616,-122.582024232138,48.027671813964844,-122.47859954833984,22.764287062379672,52.12305450439453
759,49.359451059496,-123.255967941993,49.30680465698242,-123.31343841552734,7.1841281323108825,77.20986938476562
760,50.4899774014032,-125.79605053039,50.13288116455078,-125.14028930664062,61.19660312941541,10.0
761,50.9765080703689,-126.387671154841,50.714603424072266,-126.7431869506836,38.3556157720333,10.0
762,51.8998517562159,-127.886043873653,51.866451263427734,-127.97665405273438,7.243772599494961,105.27041625976562
763,53.4663218743116,-129.240092397395,53.139400482177734,-129.3687286376953,37.343449990113406,10.0
764,54.8906883026941,-130.95465782136,54.88783264160156,-131.0142364501953,3.8235475961085146,124.67096710205078
765,55.5292489741718,-132.044162600809,55.21232604980469,-131.87008666992188,36.91698629119104,150.3296356201172
766,56.4680835115364,-132.259352282376,,,,
767,57.1733805753323,-133.13022018015,57.23506164550781,-133.69338989257812,34.60518974331087,215.43020629882812
768,57.6492976712626,-133.434011411269,57.441036224365234,-133.5891571044922,24.939550698410653,188.90487670898438
769,58.2983254139432,-134.123362807764,,,,
770,59.1574789002637,-135.26345473618,,,,
771,58.6293239895057,-135.862907314001,58.27840805053711,-136.13253784179688,42.054856391457946,39.581451416015625
772,58.9572864885311,-136.645793812535,58.461063385009766,-137.29454040527344,66.69514062891682,19.828227996826172
773,58.3650049007434,-136.904541666489,58.282466888427734,-136.88865661621094,9.224571704187577,36.3221321105957
774,59.1473277538702,-138.692934473997,59.146728515625,-138.67782592773438,0.8641365423287766,10.0
775,59.7040284694587,-139.306303000957,59.6588134765625,-139.64956665039062,19.913233739771616,10.0
776,59.7206554709384,-140.698458348801,59.707828521728516,-140.66429138183594,2.388579654997078,59.98937225341797
777,60.0620129578791,-143.176616439184,59.98612976074219,-143.1283721923828,8.853313559291255,135.34356689453125
778,60.4529103263541,-145.075841101033,60.29392623901367,-145.07455444335938,17.67838982407374,10.0
779,60.7648121156904,-146.093650488791,60.75270080566406,-146.40504455566406,16.967644408253285,78.51787567138672
780,61.1453750823675,-147.528553170696,60.94477462768555,-147.64874267578125,23.225176422499924,10.0
781,60.556486206713,-148.361411085223,60.51512908935547,-148.19285583496094,10.3023823605286,13.896297454833984
782,59.7870467189081,-149.578589017781,59.821502685546875,-149.6814727783203,6.912771606271173,12.751327514648438
783,59.2302597650543,-151.563336048766,59.15699005126953,-151.646728515625,9.43027590239556,10.0
784,59.7792415745722,-150.979887315109,59.5654296875,-151.7174072265625,47.749086981373395,22.000062942504883
785,60.7987904059978,-151.162073193794,60.79572677612305,-151.04983520507812,6.098683088656829,10.0
786,61.0950474100439,-149.924976198637,61.16667938232422,-149.99327087402344,8.768479845734033,10.0
787,61.2592291329051,-150.820971248725,61.15767288208008,-150.83287048339844,11.310521706373247,13.15147876739502
788,59.5749100288764,-153.616125287373,59.53865051269531,-153.63853454589844,4.224937926927407,10.0
789,58.7149634942294,-153.463400054937,58.676456451416016,-153.21742248535156,14.842392934948522,104.93675994873047
790,58.0374006187057,-154.573915953544,58.009830474853516,-154.56971740722656,3.075617407331241,10.0
791,57.3375270054665,-156.512317626307,57.341392517089844,-156.15611267089844,21.37930423287728,10.0
792,56.6089859657076,-157.669590927703,56.616905212402344,-157.4607391357422,12.809891359019643,10.0
793,56.2212199276765,-158.385661372601,56.26744079589844,-158.36293029785156,5.327973632055209,10.0
794,55.8948768324646,-159.097950072579,55.88697052001953,-159.0003662109375,6.148011514573667,11.192376136779785
795,55.6477015182722,-160.406331267378,55.56269836425781,-160.4099578857422,9.45467721022188,10.0
796,55.5790129298313,-161.611276375619,55.352230072021484,-161.5206756591797,25.855774132510483,10.0
797,55.1367303370633,-162.580714664794,54.9859619140625,-162.66238403320312,17.552884021414137,10.0
798,56.2021892599888,-160.394878981353,56.16139221191406,-160.52066040039062,9.009599858544847,10.8463134765625
799,57.2486637170891,-158.374589222891,57.29467010498047,-158.58343505859375,13.557642804004937,25.9254093170166
800,58.2036881228378,-157.216893856266,58.20457077026367,-157.73202514648438,30.180639744067296,14.996621131896973
801,58.7303211416429,-157.696162750319,58.74440383911133,-157.52838134765625,9.807806787278126,10.0
802,58.9193633576841,-158.742986022742,58.71767044067383,-158.62966918945312,23.356830550854017,10.0
803,58.8883939338571,-160.049724398197,58.87451171875,-160.21383666992188,9.556495181556826,10.0
804,58.7590612163863,-161.704681939393,58.74775695800781,-161.90513610839844,11.630193156992961,10.0
805,59.7767515197767,-161.97652359219,59.764217376708984,-162.09837341308594,6.9624231473967875,10.0
806,59.8163340288315,-163.628289516288,59.77438735961914,-163.76852416992188,9.126746983707974,10.0
807,61.0867384852909,-165.045690347313,61.04955291748047,-165.28378295898438,13.458556323660003,10.0
808,61.641646267663,-166.133558283902,61.69655227661133,-166.18756103515625,6.73758565191658,10.0
809,62.6785129358562,-164.753848864258,62.7061882019043,-164.89222717285156,7.700675555436763,10.0
810,63.2689795626398,-162.5656655025,63.33205032348633,-162.81436157226562,14.267734920945761,10.0
811,64.2196607998208,-161.030586257091,64.23992919921875,-161.10060119628906,4.066449829769097,10.0
812,64.7657432792471,-161.734986215616,64.71984100341797,-161.71621704101562,5.1812070497370835,10.0
813,64.5659633383724,-163.707587380923,64.52411651611328,-163.66946411132812,4.997150553650031,12.75622272491455
814,64.8345582340019,-166.449265266858,64.8142318725586,-166.5830841064453,6.7212787524382644,12.188785552978516
815,65.4363901494576,-167.55300960946,65.47920989990234,-167.79446411132812,12.125804984230605,28.909507751464844
816,66.1420415073018,-166.099316404723,66.28031158447266,-166.07151794433594,15.425424665850052,10.0
817,66.2574051154008,-163.863544591801,66.31710815429688,-163.80413818359375,7.150459104842722,10.0
818,66.2461157845237,-161.278313463896,66.33052062988281,-161.5528106689453,15.45128467990047,10.0
819,66.7413927858165,-162.02986987367,66.80905151367188,-162.1596221923828,9.432399153650817,10.0
820,67.1939775940618,-163.777188207728,67.14080047607422,-163.87100219726562,7.165853124571064,10.552655220031738
821,68.3842442804007,-166.619139603168,68.5114517211914,-166.54788208007812,14.441208726107448,20.4357967376709
822,69.3260764561153,-163.320161826022,69.38572692871094,-163.3672332763672,6.884755793924948,13.108580589294434
823,70.1693596701791,-161.910615224837,70.26995849609375,-161.7449493408203,12.805915763271365,10.0
824,71.1410034240695,-157.051707104782,71.14230346679688,-157.25794982910156,7.414085810595515,31.907556533813477
825,70.8070668797474,-155.749411631418,71.12030792236328,-155.35592651367188,37.64088720123947,10.0
826,70.9173243922858,-153.346598660083,70.92363739013672,-153.34400939941406,0.7082550292603749,10.0
827,70.404223160668,-151.363332149407,70.45093536376953,-151.43470764160156,5.835091876193409,10.0
828,70.1771782745955,-147.389531682781,70.25133514404297,-147.61962890625,11.958448584393532,10.0
829,70.0024505956687,-142.72698362879,70.08355712890625,-142.6366729736328,9.647995991865008,22.839916229248047
830,69.2229303506512,-138.567839308146,69.26045989990234,-138.40988159179688,7.494513262487464,10.0
831,68.6938355895891,-135.211248052803,68.93204498291016,-135.8537139892578,36.98915031480203,10.0
832,69.2924117697903,-135.575946985291,69.3759765625,-135.54151916503906,9.389698700128587,10.0
833,69.4034437642159,-133.956530673845,69.4164047241211,-133.9283905029297,1.8132765838176723,10.0
834,69.7250908215333,-131.937586855884,69.78594207763672,-132.13780212402344,10.253221132577055,10.0
835,70.2254304491909,-129.63516951404,70.23953247070312,-129.48312377929688,5.929048165949473,10.0
836,69.7577920475754,-129.804266982536,69.77367401123047,-129.77053833007812,2.1911854806925755,10.0
837,70.254636187473,-127.744810167121,70.26959991455078,-128.08920288085938,13.039399741338428,10.0
838,69.6311012706847,-126.434705060828,69.68473815917969,-126.36493682861328,6.545537372967409,145.97398376464844
839,70.077119301245,-124.342682623883,70.09538269042969,-124.32762908935547,2.109311484245348,10.0
840,69.7169658701126,-123.073882351966,69.71060180664062,-123.24518585205078,6.641972078534419,66.69157409667969
841,69.2256327520478,-118.670103156982,69.2356185913086,-118.58003234863281,3.721074876152604,86.60372924804688
842,68.9556843269746,-115.539989795973,68.99413299560547,-115.47868347167969,4.92544279831327,88.71542358398438
843,68.1683217970116,-115.230597173744,68.13275909423828,-115.20648193359375,4.078382550875928,10.0
844,67.7291995839585,-112.274614728935,67.76016998291016,-112.37903594970703,5.585494141460003,44.949214935302734
845,67.75340857573,-109.412152254466,67.76570892333984,-109.45563507080078,2.2846843857733923,22.749736785888672
846,67.1536613937129,-107.90551489455,67.16029357910156,-107.87210845947266,1.6196790394925162,10.0
847,68.0547707386784,-107.470021302318,68.05438995361328,-107.4913101196289,0.8856945667440563,10.0
848,68.9320371979683,-106.136032893816,68.96312713623047,-106.14224243164062,3.4659344971876833,37.6395263671875
849,68.0251686235768,-104.21977031431,68.06382751464844,-104.23758697509766,4.362028900344523,10.0
850,67.7721978912671,-101.031744684431,67.81842803955078,-101.0498275756836,5.196425453198627,10.0
851,67.9719266472883,-98.3499495602492,67.8454360961914,-98.58087921142578,17.061299442218278,10.0
852,67.4277113026456,-96.1105138446548,67.43199157714844,-96.0156478881836,4.076592271537447,10.0
853,68.881316286964,-93.6063934146879,68.80635070800781,-93.84272003173828,12.626733799103063,10.0
854,69.394881925174,-93.7496588540648,69.3656005859375,-94.19158935546875,17.6091244045604,10.0
855,69.666382592487,-95.1688633192796,69.5952377319336,-95.37154388427734,11.140835385082045,10.0
856,70.7323468203132,-96.4031741624132,70.67273712158203,-96.4054946899414,6.628853716949763,29.640308380126953
857,71.6584139679388,-95.6109816062953,71.6654281616211,-95.64588165283203,1.4488144705023436,10.0
858,71.7385610832577,-93.7077498271122,71.77941131591797,-93.74515533447266,4.725241217620711,10.0
859,70.3801052308117,-91.9716232244598,70.37435150146484,-91.894775390625,2.9401211592797956,10.0
860,69.7978206400114,-92.5706797964239,69.77245330810547,-92.39527130126953,7.306103665362486,28.260929107666016
861,69.4883384372159,-90.7145404546396,69.51841735839844,-90.83561706542969,5.780108168495434,10.0
862,68.8128533404298,-90.4397094371863,68.86441802978516,-90.3853759765625,6.134534468705846,32.077606201171875
863,68.3743831838711,-88.1949315588742,68.19949340820312,-88.1893310546875,19.44824731362976,17.464048385620117
864,67.1863926014487,-87.1452972731662,67.26066589355469,-87.33177947998047,11.517417292975361,10.0
865,68.2303755322972,-85.8037772562417,68.16716766357422,-85.94486236572266,9.129314467435206,97.56198120117188
866,69.7852175388571,-85.1432712156265,69.82344818115234,-85.20791625976562,4.9223642637499285,91.89584350585938
867,68.8237748745453,-81.541845807388,68.87884521484375,-81.30772399902344,11.212347456339042,17.000999450683594
868,68.2949196210877,-82.2499120948457,68.27556610107422,-82.3287582397461,3.8927212753056644,10.0
869,66.9840654054549,-81.8071742181791,66.94354248046875,-81.73851013183594,5.406478684574623,10.0
870,66.1931253747489,-84.638368101694,66.1088638305664,-84.77080535888672,11.101364199991357,101.50182342529297
871,66.18489478245,-85.9793118831515,66.21098327636719,-85.887939453125,5.022821570476948,48.933799743652344
872,65.5696524256525,-88.6315601305836,65.3433837890625,-87.13260650634766,73.66228272066171,23.626005172729492
873,65.2493792161539,-87.808507873168,65.3433837890625,-87.13260650634766,33.10334671153978,23.626005172729492
874,64.1222907312621,-88.3206832473943,64.04918670654297,-88.20124053955078,9.988378428249959,20.069299697875977
875,63.9536072520546,-90.006053833745,63.899044036865234,-90.03575897216797,6.238438940975492,10.0
876,63.7511206489162,-92.0604135691605,63.45665740966797,-90.86244201660156,67.66853180133225,43.321372985839844
877,63.812703608578,-93.2479906342729,,,,
878,62.4544331748533,-92.7120007999798,62.433319091796875,-92.56084442138672,8.122314496427904,10.0
879,61.4239723765924,-93.9914916345149,61.42726516723633,-93.89612579345703,5.0851847660499425,10.0
880,60.1781851129704,-94.7429191635365,60.23544692993164,-94.58061981201172,10.99764106450665,12.344257354736328
881,58.7358331505336,-94.3572377191861,58.75365447998047,-94.26040649414062,5.927606955863106,10.0
882,58.4532946196748,-93.0235139875766,58.44191360473633,-92.98966217041016,2.3412050008699206,10.0
883,57.0013397174156,-92.5714073619861,57.04867172241211,-92.31523895263672,16.372420295035187,10.0
884,57.0270437204609,-90.0146177272865,57.07110595703125,-90.03900146484375,5.116644816491743,10.0
885,56.0231110381086,-87.5917107167835,56.03938293457031,-87.49446105957031,6.307143938725302,10.0
886,55.2409110910867,-85.0873944628959,55.29769515991211,-85.06497955322266,6.471810544360033,10.0
887,55.0592115015592,-82.3279952318224,55.18426513671875,-82.36311340332031,14.083500541410384,10.0
888,53.5428162721853,-82.2008160214231,53.507713317871094,-82.05997467041016,10.095024541397327,10.0
889,52.1635133244989,-81.3976084967885,52.25407791137695,-81.48617553710938,11.740145733216048,10.0
890,51.1337883902933,-79.7615283907004,51.2823486328125,-79.79413604736328,16.674616425107654,10.0
891,53.6800408399039,-79.011961451395,53.688045501708984,-79.16969299316406,10.425301824723341,10.0
892,54.4654184991095,-79.5040960873022,54.46765899658203,-79.66271209716797,10.253452661737573,10.0
893,55.2772513255601,-77.7711311112543,55.256690979003906,-77.96470642089844,12.474999657450091,90.46035766601562
894,56.6414810476989,-76.5423899222869,56.733768463134766,-76.57817840576172,10.4920624785042,53.121829986572266
895,58.1135591578792,-77.424941814997,58.10485076904297,-77.51789855957031,5.545895051672538,22.84375762939453
896,59.0252379390692,-78.2817153963833,59.10048294067383,-78.36295318603516,9.569272139185552,10.0
897,59.824092930762,-77.3220492217888,59.80265426635742,-77.55560302734375,13.274012142718934,10.0
898,61.7811712370765,-78.0230157325014,61.736488342285156,-78.05792999267578,5.297252324972669,10.0
899,62.3456350556199,-76.0609252676286,62.39066696166992,-75.98249816894531,6.436754460182985,206.48471069335938
900,62.3905792046165,-73.9603159043993,62.41869354248047,-74.09337615966797,7.5330069253647824,50.8874626159668
901,61.79056419687,-72.1737085172834,61.86545181274414,-71.9652328491211,13.75214441384271,10.0
902,61.2687952678495,-71.7419731740849,61.3353271484375,-71.54553985595703,12.835115915160205,10.0
903,60.8984644857136,-69.707395885348,61.03886795043945,-69.69649505615234,15.623251962280815,16.786584854125977
904,59.9986998146738,-69.9638982247915,60.02775192260742,-69.83073425292969,8.074967233541157,10.0
905,59.4423772959739,-69.6716988549537,59.45937728881836,-69.48657989501953,10.631924231715123,10.0
906,58.8805087395608,-68.5665327746289,58.952049255371094,-68.67170715332031,9.986892918336691,10.0
907,58.2657724182848,-67.4092482297303,58.34290313720703,-67.56553649902344,12.52710515010274,10.0
908,59.4597244414219,-65.4950286322,59.40620422363281,-65.4464340209961,6.554972044501501,10.0
909,59.9700338834021,-65.0697325001072,59.9575080871582,-65.2080307006836,7.822452714934601,10.0
910,59.6839313066666,-63.9814204183412,59.73423385620117,-64.00010681152344,5.690735267288184,10.0
911,59.1387407477564,-63.4571014769055,59.27600860595703,-63.492523193359375,15.396117540330383,10.0
912,57.8735470950881,-61.9449987063771,57.8511962890625,-62.04108428955078,6.2031665502310505,10.0
913,57.1714276928849,-61.8594402078059,57.199920654296875,-61.784019470214844,5.540103567878557,10.0
914,54.8361101812584,-58.9655199064672,54.840538024902344,-58.66314697265625,19.36889021508569,10.0
915,54.6577131816238,-57.4592320815605,54.66677474975586,-57.311317443847656,9.566298060434008,10.0
916,53.6164232076261,-56.2835155591912,53.71333312988281,-56.30358123779297,10.856696374390916,10.0
917,53.0052670151077,-55.9344549708052,52.842529296875,-55.862701416015625,18.724026547250066,10.0
918,52.2276757781029,-55.7716702197555,52.088462829589844,-55.72123336791992,15.857551251477057,10.0
919,51.4111019337374,-57.1770680013749,51.37754821777344,-57.14067077636719,4.505266844626706,37.08427429199219
920,51.2976932973995,-58.404656304589,51.140830993652344,-58.38172149658203,17.515302647750858,19.696876525878906
921,50.6250932704647,-59.4461543727872,50.61756134033203,-59.31655502319336,9.181113335305392,10.0
922,50.1820114740597,-61.1930112785288,50.029483795166016,-61.258750915527344,17.59640867163321,76.57938385009766
923,50.2060014804124,-63.3777237304195,50.19684982299805,-63.315792083740234,4.523918361320203,11.214336395263672
924,50.2120259485197,-66.0728966916065,50.15330505371094,-66.09105682373047,6.6562772148664004,66.05799865722656
925,49.3049563006206,-67.5888897022326,49.31766891479492,-67.46588134765625,9.028649575762847,10.0
926,48.6833338228915,-69.0908846319696,48.61537170410156,-69.1186294555664,7.827091159589804,10.0
927,47.6123705300665,-70.1698352219736,48.1549072265625,-69.30518341064453,88.29887876303113,57.14853286743164
928,47.1408665068895,-70.3479042226354,,,,
929,49.2105321687824,-66.1080487529791,49.25152587890625,-66.19691467285156,7.900336929319606,143.62942504882812
930,48.8599630121242,-64.526400356393,49.062721252441406,-64.40348815917969,24.265863517399612,48.76113510131836
931,48.1370873608357,-65.7472070155365,47.91871643066406,-65.50789642333984,30.10484191082628,42.375030517578125
932,47.4835074041731,-64.8772521774927,47.49460220336914,-64.7012939453125,13.278574874646898,17.168594360351562
933,46.7263439118334,-64.9043658715599,46.70621871948242,-64.61320495605469,22.30963209893187,10.0
934,46.0492263656454,-64.0134416122514,46.10037612915039,-63.79814910888672,17.554187348775514,10.0
935,45.6430647279099,-62.4558240168408,45.8310432434082,-62.51594924926758,21.416801327025432,10.0
936,45.361136069608,-61.4052216264798,45.38871765136719,-61.21976089477539,14.807539270410697,27.317136764526367
937,45.0727894698569,-61.9343443986365,45.02448272705078,-61.944252014160156,5.427571270300199,10.0
938,44.6844740237464,-63.0516246571176,44.640625,-63.16999816894531,10.555572504973725,10.0
939,44.5960743566791,-63.9139865589938,44.44429016113281,-63.90793228149414,16.884479946639534,52.900054931640625
940,44.0704175662126,-64.5535530538709,44.09006118774414,-64.38349914550781,13.758194647726576,49.52021789550781
941,43.6057337514166,-65.3524434870347,43.54829025268555,-65.34855651855469,6.3951043723395715,10.0
942,43.8698039216706,-66.1810535540136,43.84879684448242,-66.37107849121094,15.413555009554738,67.18697357177734
943,44.6817558114421,-65.6052616508983,44.87202453613281,-65.69709014892578,22.364104522492646,57.244598388671875
944,45.1413442130035,-64.3533136564285,45.24184036254883,-64.72477722167969,31.18035101418233,15.857297897338867
945,45.1669056281291,-66.2589623340417,45.01504135131836,-66.21027374267578,17.313713602996476,98.72453308105469
946,44.8891482182845,-67.1073712506103,44.82065963745117,-66.94584655761719,14.836048777916384,11.4694242477417
947,44.4577255828198,-68.0023634044258,44.2894172668457,-67.90542602539062,20.238980915726472,54.721309661865234
948,44.3197124708064,-68.8064164425518,44.25059509277344,-68.90323638916016,10.884177098322041,10.0
949,44.0539073079383,-69.3719052194544,43.903751373291016,-69.37775421142578,16.703159132466144,10.0
950,43.1052032370788,-70.6916668956709,43.03245162963867,-70.56877136230469,12.849227154390197,28.726144790649414
951,42.1033602355454,-70.6620438217809,42.191776275634766,-70.51948547363281,15.322713236288891,42.079437255859375
952,41.6921254805347,-69.9686865203536,41.700660705566406,-69.74405670166016,18.67450061749022,60.75299835205078
953,41.5391020130371,-71.1831999189124,41.49402618408203,-70.98310852050781,17.397047517552096,10.0
954,41.2931925850552,-72.1612668628829,41.28860092163086,-72.22205352783203,5.104236732299606,10.0
955,39.6337417960692,-74.2594521715942,39.67308044433594,-74.15380096435547,10.047129513204162,10.165688514709473
956,39.2021885061419,-75.0813714499258,39.120689392089844,-75.1341552734375,10.14079751143253,10.0
957,38.2539188323145,-75.1853983433591,38.21989440917969,-75.1083755493164,7.718006387629296,10.868403434753418
958,37.3924285340037,-75.9649406491116,37.472225189208984,-76.08902740478516,14.09873334468932,13.499836921691895
959,38.163614819117,-75.8432862617933,38.025901794433594,-75.85244750976562,15.333982449967625,10.0
960,38.580991882514,-76.2856680700748,38.19987106323242,-76.35618591308594,42.82209098216678,10.0
961,39.5290385991799,-75.9760282803437,,,,
962,39.0826448115338,-76.5110239560376,,,,
963,38.1061231187864,-76.4302957989144,38.01817321777344,-76.3515853881836,11.963535358277396,16.692363739013672
964,38.386634545171,-77.1224988387142,38.19987106323242,-76.35618591308594,70.02712016106057,10.0
965,36.495470704945,-75.8256799129038,36.54433059692383,-75.82034301757812,5.453871621589353,11.524638175964355
966,35.9393074350057,-76.2985820498829,,,,
967,35.5241513447215,-75.9781789658593,35.212158203125,-75.54901123046875,52.13306853566077,10.487200736999512
968,35.0605640685229,-76.4697269729534,34.81775665283203,-76.29330444335938,31.425455157187965,17.54295539855957
969,33.906692075477,-78.3150740602103,33.822792053222656,-78.28106689453125,9.84349687695952,12.632476806640625
970,33.022949294765,-79.4571706716738,33.02141189575195,-79.2735824584961,17.117255992780223,10.0
971,31.9185083608415,-81.1594712960052,31.800230026245117,-81.014892578125,18.958336850304075,10.0
972,31.4523249248719,-81.3350635755624,31.389514923095703,-81.26273345947266,9.792055038174354,10.0
973,30.7550688339963,-81.4421484738159,30.769433975219727,-81.26004028320312,17.473526674289687,11.87839126586914
974,29.2473727920766,-81.0217119166437,29.298093795776367,-81.00543212890625,5.856810218312388,15.712504386901855
975,28.4049706990283,-80.7150622238333,28.44242286682129,-80.503662109375,21.088254740529575,10.0
976,26.9907676389929,-80.0960312683881,26.91849708557129,-80.00160217285156,12.33602268012307,32.39772415161133
977,25.4713018502893,-80.3104320220564,25.363630294799805,-80.25054931640625,13.398196636755674,10.0
978,25.2413386051859,-81.1684484283931,25.138904571533203,-81.25044250488281,14.064241830860292,10.0
979,25.9053234840206,-81.5000541110511,25.810211181640625,-81.50074005126953,10.576242812375074,10.0
980,26.5589683801714,-81.9980817187973,26.47586441040039,-82.25115203857422,26.82187531211755,10.0
981,27.4238922247068,-82.5952953398533,27.354795455932617,-82.7519302368164,17.268050734577916,10.0
982,28.9557286296382,-82.7185070791498,28.868484497070312,-82.7542495727539,10.306083111614234,10.0
983,30.1048388308059,-83.9948413129529,29.926586151123047,-84.00658416748047,19.853041870711404,10.0
984,29.669395592926,-85.312668461681,29.71311378479004,-85.5057144165039,19.270686229956937,22.010921478271484
985,30.2219029248425,-85.63267896278,30.132633209228516,-85.75677490234375,15.518623863658274,10.0
986,30.45932885885,-87.0807591061837,30.33877944946289,-87.00704193115234,15.154757457614926,14.388082504272461
987,30.2461816041916,-87.8093153579277,30.128557205200195,-87.75626373291016,14.03807306440686,15.573135375976562
988,30.3808347907211,-88.3770686556537,30.33616065979004,-88.25667572021484,12.574289221754057,10.0
989,29.7424313388699,-89.5876889224919,29.916088104248047,-89.50529479980469,20.881520557359405,10.0
990,29.047511187695,-89.1089403329955,29.07265853881836,-89.00372314453125,10.60217075048473,25.11817169189453
991,29.2242337591218,-90.6225007379956,29.07074546813965,-90.50345611572266,20.614132664862982,10.0
992,29.6050983227906,-91.5556133593083,29.492691040039062,-91.50396728515625,13.460570793692153,10.0
993,29.595092854205,-92.5595581611411,29.491392135620117,-92.50373840332031,12.73275111220702,10.0
994,29.0216734071968,-95.2124832142731,28.853273391723633,-95.2522964477539,19.121856228098476,14.446636199951172
995,28.5188618732397,-96.1760743463926,28.425582885742188,-96.25171661376953,12.737693453455607,10.0
996,28.2452625375576,-96.9264862247062,27.995513916015625,-96.75131225585938,32.65491208261125,15.20948600769043
997,27.7894687612437,-97.4321867844687,27.562692642211914,-97.25099182128906,30.890634092019024,10.0
998,27.2667465564172,-97.735463432298,27.345359802246094,-97.2508773803711,48.67066099162473,14.113980293273926
999,26.2234606346482,-97.320265656744,26.469186782836914,-97.2505111694336,28.193752676182037,10.0
1000,25.1392941695323,-97.4734463621523,25.135339736938477,-97.25019073486328,22.47811485901716,42.86817169189453
1001,23.9496313037264,-97.8031888787977,24.007102966308594,-97.50006866455078,31.45271124453467,59.982181549072266
1002,21.5583623070929,-97.4039449263496,21.478303909301758,-97.25,18.244086131853862,36.04899215698242
1003,19.5105027572335,-96.3568757009395,19.605792999267578,-96.25,15.416696432740892,55.80854415893555
1004,18.7551830513688,-95.4860304353819,18.897741317749023,-95.5,15.919813925793852,86.60629272460938
1005,18.1715537891945,-94.1730875043715,18.186677932739258,-94.25,8.297620959015596,17.80427360534668
1006,18.5990604311483,-91.9651882823962,18.661048889160156,-91.75,23.698621414966286,10.0
1007,19.020955426856,-91.2274201992751,19.134098052978516,-91.25,12.80271900762318,11.045883178710938
1008,20.4918453482396,-90.4953030500413,20.545021057128906,-90.5,5.933074999881674,10.0
1009,21.371510437247,-89.0526485177377,21.47832489013672,-89.0,13.067830461130768,10.0
1010,21.4305241995853,-87.2017678073746,21.71062660217285,-87.25,31.542823412321376,11.637596130371094
1011,20.497906712083,-87.2314832995671,20.310745239257812,-87.25,20.90071441179467,340.1586608886719
1012,19.582457432881,-87.4322587319135,19.605792999267578,-87.5,7.55582554695644,10.0
1013,18.5045562056736,-87.7481368391711,18.424028396606445,-87.5,27.660650903501153,368.157958984375
1014,18.3301801580423,-88.3350436517084,18.424028396606445,-88.25,13.763528034984917,10.0
1015,16.9237460285378,-88.2284113393183,16.99515724182129,-88.25,8.265898216285432,10.0
1016,15.6993243499186,-88.6269273511879,15.796011924743652,-88.75,17.00218262242042,10.0
1017,15.803989221525,-87.4602378652625,16.036428451538086,-87.5,26.193479170503352,23.968387603759766
1018,15.9917781978681,-85.8876220720923,16.036428451538086,-86.0,12.99665958032699,10.0
1019,15.8471876909257,-84.5084656996244,16.036428451538086,-84.5,21.062099690149555,36.206626892089844
1020,15.2866408855484,-83.7922543003172,15.55531120300293,-83.75,30.216210601894883,10.0
1021,13.2333294561503,-83.5292753884799,13.133454322814941,-83.5,11.5490481855437,10.0
1022,11.5317833058811,-83.7574209888094,11.423554420471191,-83.75,12.061659019097496,13.173469543457031
1023,10.1002201549163,-83.1582650214406,10.195759773254395,-83.25,14.617769460987803,10.463266372680664
1024,9.04964190309953,-82.2546329164598,8.963215827941895,-82.0,29.570037116652607,10.0
1025,8.80772386419155,-81.1389870631364,8.963215827941895,-81.25,21.158525813916764,348.1336364746094
1026,-53.000417,-73.361722,-53.01243209838867,-73.5,9.347993844976893,10.0
1027,-51.5879312369464,-73.8545463791131,-51.63741683959961,-74.25,27.85466736801274,10.0
1028,-50.2676712588797,-74.4739429251306,-50.21940612792969,-74.75,20.351380424116485,10.0
1029,-47.6944212556555,-74.7074637893064,-47.75934982299805,-74.75,7.8896818585854716,96.62461853027344
1030,-47.3509678925598,-74.1986297110795,-47.25271987915039,-74.25,11.591104799297693,33.23624038696289
1031,-46.7393679084723,-74.4085293140234,-46.91225051879883,-74.5,20.444595086038433,18.77546501159668
1032,-46.5795112637634,-75.1597090924262,-46.7411994934082,-75.25,19.254153385569754,49.05310821533203
1033,-45.8811847101344,-74.9183513148095,-45.87777328491211,-75.0,6.331852403832439,14.117149353027344
1034,-45.9968384605066,-74.2008932813024,-45.703453063964844,-74.75,53.600059770990065,12.71699047088623
1035,-46.3159250323581,-73.4691550137126,-46.91225051879883,-74.25,89.18389391822096,65.4132080078125
1036,-44.0188293066671,-73.0886928593527,-43.93025207519531,-73.25,16.236578042299776,22.555334091186523
1037,-43.0620709142472,-72.8672706655251,-43.02321243286133,-73.0,11.619693794959279,123.0
1038,-42.2623492373673,-72.5606053592406,-42.102569580078125,-72.75,23.647130076642128,235.3649444580078
1039,-41.7216605254114,-72.6031851078726,-41.73051071166992,-72.75,12.223669199755923,137.97232055664062
1040,-41.079726998191,-73.9220211163033,-41.16836166381836,-74.0,11.823624203596486,114.16012573242188
1041,-39.8641798830439,-73.3238100571611,-39.83778762817383,-73.5,15.324254298416824,36.56028366088867
1042,-38.3466461591075,-73.5234860641272,-38.28495407104492,-73.75,20.918786159988088,36.12042999267578
1043,-37.0473031279422,-73.158746965767,-37.09803009033203,-73.25,9.867119633137408,37.28234100341797
1044,-35.8235409366849,-72.6194454958489,-35.892215728759766,-72.75,14.026524374160338,51.09608459472656
1045,-34.3227927653189,-71.9829103240009,-34.25550079345703,-72.25,25.653016953096557,407.891845703125
1046,-32.7788178707987,-71.5369905101744,-32.796714782714844,-71.75,20.011263541716133,1054.737548828125
1047,-31.1299008304703,-71.6710385456397,-31.099773406982422,-71.75,8.229659080156413,658.0416259765625
1048,-29.6289904460341,-71.3336227465221,-29.5895938873291,-71.5,16.670346095139614,463.5128479003906
1049,-28.0001972131355,-71.1507659137391,-28.056468963623047,-71.25,11.576828965286014,846.0660400390625
1050,-26.4099593226556,-70.6984618869743,-26.50116539001465,-70.75,11.365607226587485,171.6376953125
1051,-24.7832977245558,-70.5425194046708,-24.697599411010742,-70.75,23.018327569790156,1470.461669921875
1052,-23.2525579183307,-70.5993915531479,-23.32746124267578,-70.75,17.49243785153924,2200.408203125
1053,-21.7297029642368,-70.1436039180854,-21.710968017578125,-70.25,11.18644489188556,471.9941101074219
1054,-19.9941340250403,-70.1259293752617,-20.07611083984375,-70.25,15.845569903302362,449.74346923828125
1055,-18.2953955399701,-70.4808613149873,-18.424028396606445,-70.5,14.445246712808993,125.03609466552734
1056,-17.1639539968445,-71.7688456637714,-17.234085083007812,-71.75,8.051073168601995,49.44448471069336
1057,-16.3094654599158,-73.3881303985273,-16.276554107666016,-73.5,12.488028144082621,55.53131866455078
1058,-15.4706592079721,-75.0148719472683,-15.55531120300293,-75.0,9.546804291763683,288.0758056640625
1059,-14.2254811730869,-76.1424496810855,-14.347655296325684,-76.25,17.85683246330816,143.5846405029297
1060,-12.907047749631,-76.5340770187201,-12.889873504638672,-76.75,23.481527438305353,164.0
1061,-11.4474958389898,-77.3899629819093,-11.423554420471191,-77.5,12.284604218878027,19.661407470703125
1062,-9.96932179802022,-78.2044422542695,-9.949613571166992,-78.25,5.449511206354889,42.82897186279297
1063,-7.05872216786946,-79.7335899219306,-7.230730056762695,-79.75,19.211935258175966,36.375213623046875
1064,-5.97718907434527,-81.1514115324154,-5.989063739776611,-81.25,10.982499256912794,459.2098693847656
1065,-4.81343059580899,-81.1852470187116,-4.99366569519043,-81.25,21.28652584057995,62.33959197998047
1066,-3.49965761086936,-80.3814663960248,-3.4978253841400146,-80.5,13.157364703516564,10.0
1067,-2.35793194176246,-80.8155819816512,-2.499207019805908,-80.75,17.316440649157375,23.884340286254883
1068,-0.993610619691814,-80.8610661407037,-0.9999492168426514,-81.0,15.462495966546202,169.01824951171875
1069,0.0387433154198681,-80.091554474265,0.0,-80.25,18.137422607613,32.0
1070,0.956574891628355,-79.6503555397884,0.9999492168426514,-79.75,12.082692914195698,14.010525703430176
1071,2.43310077301679,-78.5608349713773,2.499207019805908,-78.5,9.985341075356569,10.0
1072,2.80761770870593,-77.7462961626076,2.9986300468444824,-77.75,21.24361463297517,10.949321746826172
1073,4.85990257357121,-77.3613072528842,4.744568347930908,-77.5,20.015992247463753,239.81336975097656
1074,6.19587697579378,-77.4601551487928,6.23764181137085,-77.5,6.400526405676508,82.9728012084961
1075,7.30706835987154,-78.0054091352299,7.230730056762695,-78.0,8.509386043190943,265.2506103515625
1076,9.39248774888084,-78.4342890510348,9.456768035888672,-78.5,10.15114399742418,15.991436958312988
1077,8.39887694619699,-77.1509974289407,8.46899127960205,-77.25,13.3927444958188,10.0
1078,8.63176311224285,-76.7580316760177,8.716185569763184,-76.75,9.428786787474412,20.855670928955078
1079,9.666631589861,-75.6261272495853,9.70328140258789,-75.75,14.1761276356569,10.0
1080,10.7983712702236,-75.2606681586704,10.9330415725708,-75.25,15.019922432509002,51.83098220825195
1081,10.7865694660834,-74.4694579380026,11.178401947021484,-74.5,43.69721216621643,153.218505859375
1082,12.1753308646327,-71.9073960911172,12.40200424194336,-72.0,27.138850272849762,51.98285675048828
1083,11.9515859622755,-71.2504352196315,11.913220405578613,-71.0,27.57741232865886,14.0
1084,10.9221087779348,-71.7216742629658,10.9330415725708,-71.5,24.232651932327403,10.0
1085,9.58964033382746,-71.9888167247583,9.70328140258789,-72.0,12.695657261776608,10.0
1086,9.20104025493162,-71.20948647115,9.210078239440918,-71.25,4.559031943298438,10.0
1087,11.4022808885093,-70.1843743998382,11.423554420471191,-70.25,7.533948196817921,10.0
1088,11.931146085566,-70.2797830879694,11.913220405578613,-70.5,24.04159926353288,26.586448669433594
1089,11.4607833775591,-69.0839008565036,11.668495178222656,-69.0,24.839255943407853,374.3055114746094
1090,10.5447552925308,-68.1755136165687,10.687479019165039,-68.25,17.83631973118983,10.0
1091,10.6468310667032,-66.3962870996514,10.687479019165039,-66.5,12.201132352894621,42.99439239501953
1092,10.1204009576686,-65.2456609892535,10.195759773254395,-65.25,8.392976734490212,34.964691162109375
1093,10.4432328253822,-63.8290104202739,10.441716194152832,-64.0,18.69905184943436,10.0
1094,10.6475892817072,-62.0206774888604,10.687479019165039,-62.0,4.977888569352252,10.0
1095,10.1941445516936,-62.5218199356428,10.195759773254395,-62.5,2.394706362180029,10.0
1096,9.88348311971089,-61.6094750251251,9.949613571166992,-61.5,14.066321465649942,10.0
1097,9.0039550279937,-60.8717940975974,8.963215827941895,-60.75,14.122995191598473,10.0
1098,8.52449403536504,-59.9868983385152,8.716185569763184,-60.0,21.363767371753287,17.94226837158203
1099,6.51516277883449,-57.6786687820942,6.486102104187012,-57.5,20.00210346894716,10.0
1100,5.98867627224314,-56.8000159166747,5.989063739776611,-56.75,5.531337877949485,10.0
1101,5.98807587256582,-55.7042295668824,5.989063739776611,-55.75,5.062864258852386,10.0
1102,5.9570513934696,-54.6502375327876,5.989063739776611,-54.75,11.592889569599219,10.0
1103,5.59807129206388,-53.5172297109016,5.740372657775879,-53.5,15.937651215818935,13.460243225097656
1104,4.94405433472157,-52.2961007529707,4.99366569519043,-52.25,7.51749671177671,10.0
1105,4.22525515301593,-51.6450975707463,4.495380878448486,-51.75,32.20989576832512,10.0
1106,2.75517122601632,-50.8884131674314,2.7489447593688965,-50.75,15.388695079389318,10.0
1107,1.7141974070985,-49.938165289951,1.7497279644012451,-50.0,7.927249284483248,10.0
1108,0.724458873401114,-50.3398825715623,0.7499786019325256,-50.25,10.38873660809323,10.0
1109,-1.10036253187988,-48.246466104819,-0.9999492168426514,-48.25,11.172376831559756,10.0
1110,-1.05081191520892,-46.175833,-0.9999492168426514,-46.25,9.998902527466246,10.0
1111,-1.42824377951138,-45.302195945658,-1.4998286962509155,-45.25,9.850050512016749,10.0
1112,-1.86839996704756,-44.635227331536,-1.7497279644012451,-44.5,20.000049468487443,10.0
1113,-2.58161960144984,-44.6486033646389,-2.499207019805908,-44.5,18.88071673480929,10.0
1114,-2.40727524296495,-43.2060618287568,-2.2494218349456787,-43.25,18.21872049258915,21.034690856933594
1115,-2.81514400852957,-41.9703414663154,-2.7489447593688965,-42.0,8.06443947841412,10.0
1116,-2.84610933325272,-40.7279827754152,-2.7489447593688965,-40.75,11.077484575079803,10.0
1117,-3.39533364568561,-39.1116973540918,-3.248258590698242,-39.0,20.52309218462975,16.10448455810547
1118,-4.34362934906753,-37.8402608153827,-4.246108055114746,-37.75,14.756606740259008,10.0
1119,-5.06988452490271,-36.5411048148871,-4.99366569519043,-36.5,9.620731665604282,10.0
1120,-5.63282545679162,-35.2140472858556,-5.491572856903076,-35.25,16.202748827353453,10.0
1121,-6.91481283940518,-34.8589529299507,-6.9826507568359375,-34.75,14.1959920418089,13.04095458984375
1122,-8.23380503556767,-34.9060309070066,-8.221638679504395,-34.75,17.224497938575013,30.0
1123,-9.67332124253512,-35.7100391170183,-9.70328140258789,-35.75,5.5030426991827674,10.0
1124,-11.4276109235841,-37.33638123483,-11.423554420471191,-37.25,9.425619979089886,10.379862785339355
1125,-12.7556558372706,-38.171775251964,-12.889873504638672,-38.25,17.16590238814205,10.862198829650879
1126,-13.1395233136773,-38.810446627024,-13.133454322814941,-38.75,6.58017522391638,10.0
1127,-13.9109426667168,-38.9315682821991,-13.86273193359375,-38.75,20.319309297816154,736.192138671875
1128,-17.2633522430735,-39.2097603830209,-17.234085083007812,-39.0,22.511818026741448,19.9744873046875
1129,-18.5870784418883,-39.7037311546712,-18.661048889160156,-39.5,22.989377932996625,20.0
1130,-20.1659370562024,-40.1874299365417,-20.310745239257812,-40.25,17.37489595158924,10.0
1131,-21.6121191555624,-41.0521647287776,-21.710968017578125,-41.0,12.242317107898387,10.0
1132,-22.7762381862933,-41.8909984264279,-22.867542266845703,-42.0,15.095660191723272,10.0
1133,-23.0285505805748,-44.4523808163244,-23.097698211669922,-44.5,9.102380536314067,19.495729446411133
1134,-23.6023856293134,-45.2932091032255,-23.556825637817383,-45.0,30.307592893318766,23.21723747253418
1135,-24.1051842681636,-46.6081280775519,-24.242511749267578,-46.5,18.80146232319527,20.424203872680664
1136,-25.1770016544699,-48.0102304213193,-25.377117156982422,-48.0,22.275622824080873,14.142732620239258
1137,-26.4272303488503,-48.6275831567537,-26.50116539001465,-48.5,15.128762622512804,21.069923400878906
1138,-27.7570136231815,-48.6236408025609,-27.835622787475586,-48.5,14.97714338707924,10.0
1139,-28.7374335286757,-49.0701143169702,-28.716283798217773,-49.0,7.2299729611832815,17.799928665161133
1140,-30.1899646680481,-50.2143476064088,-30.23966407775879,-50.0,21.324882294803764,37.0
1141,-31.631063199322,-51.4118306332866,-31.739795684814453,-51.5,14.689471375998094,10.0
1142,-30.4845014154137,-50.7254163298071,-30.455408096313477,-50.25,45.67785666096611,10.324485778808594
1143,-31.1070477557598,-51.5049797863317,-31.3135986328125,-51.0,53.23392834389451,10.0
1144,-31.9595690517484,-52.2042044434147,-32.164039611816406,-52.0,29.786447031017,10.0
1145,-33.2868216409645,-52.7833575048115,-33.424922943115234,-52.75,15.665603918315893,14.55960464477539
1146,-34.6090574626456,-54.1143499714963,-34.66775131225586,-54.0,12.33032719542362,20.0
1147,-34.8632764291115,-55.9881167328237,-34.873111724853516,-55.75,21.751408569908218,10.0
1148,-34.4664583699342,-57.5351337296982,-34.46187973022461,-57.75,19.70511588758273,10.0
1149,-35.0313180775037,-57.511863469832,-34.873111724853516,-57.5,17.6249636900153,10.0
1150,-36.3615607644488,-56.7743943942504,-36.29623794555664,-56.75,7.5851876117834,10.0
1151,-37.7159776470637,-57.4295937226886,-37.69386672973633,-57.25,15.989785853500472,10.0
1152,-38.6768677369443,-59.1046957945031,-38.87126922607422,-59.0,23.44456657488402,43.276153564453125
1153,-38.9998470723221,-61.36820839073,-39.06563949584961,-61.25,12.560633527424457,10.0
1154,-39.3532920267895,-62.1130524659899,-39.25947952270508,-62.0,14.262878480435909,10.0
1155,-40.4989256945672,-62.3767059558752,-40.4112663269043,-62.25,14.489326299058643,10.0
1156,-41.1172429703931,-63.8716498759307,-41.16836166381836,-64.0,12.158292382501358,39.73506164550781
1157,-41.1145612539317,-65.1475974490578,-41.16836166381836,-65.0,13.7314191032128,87.89830017089844
1158,-42.3996318454375,-64.6096923246508,-42.287784576416016,-64.5,15.360642403582986,10.0
1159,-42.427653337345,-63.625486856074,-42.47245788574219,-63.5,11.43786768016192,42.3522834777832
1160,-43.5465313777539,-65.2064614695966,-43.56907272338867,-65.0,16.824579104645032,39.23222351074219
1161,-44.9645603895127,-65.5629219773059,-45.00071716308594,-65.5,6.376142700888669,35.14466857910156
1162,-45.6501178713878,-67.3507919231767,-45.703453063964844,-67.25,9.823100808699705,35.048095703125
1163,-47.045909630953,-66.5159003396375,-46.91225051879883,-66.5,14.911107922336265,26.529937744140625
1164,-48.0078237495226,-65.97835309714,-48.09438705444336,-66.0,9.758971918964901,10.0
1165,-49.1943452435841,-67.6844670745167,-49.24995803833008,-67.5,14.755190250051974,24.998735427856445
1166,-50.7943993492326,-69.1175853401861,-50.85497283935547,-69.0,10.65756080228483,10.0
1167,-52.2284350216163,-69.3073147235081,-52.25381088256836,-69.25,4.815747520361549,10.0
1168,-39.000889,146.27625,-39.06563949584961,146.25,7.548498760634277,10.0
1169,-37.9161337790902,144.806396138628,-38.48092269897461,144.75,62.994810704211226,45.391578674316406
1170,-38.7660851304838,143.674654649497,-38.87126922607422,143.75,13.394213463609507,99.85606384277344
1171,-38.3190446081541,141.669255773456,-38.48092269897461,141.75,19.32643007422683,48.93461990356445
1172,-37.8096398077826,140.311938683125,-37.89142608642578,140.25,10.596228017090548,55.756019592285156
1173,-36.29201244252,139.672946849202,-36.29623794555664,139.5,15.506961906820747,32.35557556152344
1174,-35.6325912375552,138.23225727892,-35.68942642211914,138.25,6.519909177686598,43.275672912597656
1175,-34.3103436596658,138.214059441018,-34.46187973022461,138.25,17.1697924400768,10.0
1176,-35.2306023905065,137.192457104422,-35.28229904174805,137.25,7.76809849881092,23.80455780029297
1177,-34.2846854684506,137.498363647113,-34.25550079345703,137.25,23.051886832193723,14.745110511779785
1178,-32.8343937736436,137.935728496925,-33.21601867675781,137.75,45.83156281727267,10.0
1179,-33.5898904725248,137.251469945776,-33.633323669433594,137.25,4.831475781826318,10.0
1180,-34.5254476691267,135.954874117592,-34.66775131225586,136.0,16.35368197781234,10.0
1181,-34.5885923942938,135.113760174155,-34.66775131225586,135.0,13.63156248623223,10.0
1182,-33.0377548069094,134.156611446624,-33.006614685058594,134.0,15.006245823114337,10.0
1183,-32.1934267963365,133.728086413366,-32.37542724609375,133.75,20.34212780088491,10.0
1184,-32.0243758208,132.189320729125,-32.164039611816406,132.25,16.548483718606132,20.842376708984375
1185,-31.5871310932263,130.314570774343,-31.739795684814453,130.25,18.042059716626653,37.026649475097656
1186,-31.9848991280213,128.289452816856,-31.95216178894043,128.5,20.191991650589777,10.0
1187,-32.2375304776977,126.227816430691,-32.37542724609375,126.25,15.474530470878586,26.648828506469727
1188,-32.9987860617459,124.31784607787,-33.006614685058594,124.5,17.00872232176355,35.79376220703125
1189,-33.8580811403865,122.976175006545,-34.048614501953125,123.0,21.300033258639534,69.6072006225586
1190,-33.8388203750401,121.118584594702,-34.048614501953125,121.0,25.765467217718058,40.85121154785156
1191,-34.3719897207415,119.435325746516,-34.46187973022461,119.5,11.623334712474675,48.33234405517578
1192,-35.0173082731484,118.007355870319,-35.07796096801758,118.0,6.77744245923537,10.0
1193,-35.0300343685784,116.563635342799,-35.07796096801758,116.5,7.871007474111789,30.098922729492188
1194,-34.3568390572834,115.138701949796,-34.46187973022461,115.25,15.513624944485388,38.9763069152832
1195,-33.1690540897244,115.677694726675,-33.21601867675781,115.5,17.339921669002553,18.0
1196,-31.8048148446923,115.698705999988,-31.739795684814453,115.5,20.127418012053834,39.665557861328125
1197,-30.1338713093683,114.967850931625,-30.23966407775879,115.0,12.162707842561964,10.0
1198,-28.4669217256642,114.502946451552,-28.496803283691406,114.25,24.944490750285276,36.14402770996094
1199,-26.8889894520041,113.706659891996,-26.94775390625,113.75,7.820614635448916,41.11809539794922
1200,-26.2802543179983,113.381647726875,-26.50116539001465,113.25,27.845135714618152,75.0224380493164
1201,-25.710340869618,113.644627710425,-25.602783203125,113.75,15.955795948663653,10.0
1202,-26.1278145830331,114.208486878763,-26.05283546447754,114.0,22.427688756686315,10.0
1203,-24.6741638787197,113.57200261946,-24.697599411010742,113.5,7.727307553425454,10.0
1204,-23.0179184497558,113.794929596616,-23.097698211669922,113.75,9.991371617239814,10.0
1205,-22.1524326235638,114.077899825331,-22.174745559692383,114.25,17.89551854878776,15.515266418457031
1206,-21.8397830082074,114.645343160822,-21.710968017578125,114.75,17.943115029643458,10.0
1207,-20.9300043481487,116.182217769128,-20.778942108154297,116.25,18.214270896141002,10.0
1208,-20.7522963894097,117.316300700419,-20.54502296447754,117.25,24.058109318761666,10.0
1209,-20.2786016294882,118.859834049502,-20.07611083984375,118.75,25.266196109328586,10.0
1210,-19.858756589463,120.339011126082,-19.841127395629883,120.25,9.513681401061243,10.0
1211,-18.7108897469438,121.619012700824,-18.661048889160156,121.5,13.706470715548411,13.337066650390625
1212,-17.5892649971551,122.1579466177,-17.472705841064453,122.0,21.176634059171658,26.701257705688477
1213,-16.5642921423986,122.81121585185,-16.516386032104492,122.75,8.423462741540263,15.00883960723877
1214,-16.8437640819894,123.951204119881,-16.99515724182129,123.75,27.231256687952296,10.0
1215,-16.3993549269738,123.690247026697,-16.276554107666016,123.75,15.070082798351054,10.0
1216,-15.977076360585,124.596093260959,-16.036428451538086,124.25,37.575918238167915,21.033485412597656
1217,-15.4599537751561,124.69096697698,-15.314327239990234,124.5,26.1031218052005,10.0
1218,-14.5874807854202,125.467245450341,-14.347655296325684,125.5,26.899595369963155,10.0
1219,-13.9855807930511,126.188279872336,-14.10532283782959,126.25,14.886509322063844,10.0
1220,-14.1055965812243,126.712837485683,-14.10532283782959,126.5,22.952927810682063,10.0
1221,-13.9481936942996,127.429514027506,-13.86273193359375,127.5,12.173218852250107,44.500553131103516
1222,-15.100519306289,128.068737348912,-14.831531524658203,128.25,35.68986069777727,10.0
1223,-14.8818548259991,128.848052827966,-14.831531524658203,128.75,11.93197435936779,10.0
1224,-14.4199349111977,129.356885277443,-14.347655296325684,129.25,14.040462517154825,12.140682220458984
1225,-13.5287317904018,129.988449312949,-13.37679386138916,130.0,16.94086571917212,10.0
1226,-12.2281114932306,131.82029061807,-12.157724380493164,131.75,10.937166605033223,10.0
1227,-11.8617350446175,132.668936791155,-11.913220405578613,132.5,19.252934300920472,10.0
1228,-11.3221860590836,131.937345354068,-11.178401947021484,132.0,17.38703398946163,10.0
1229,-12.0863628776679,135.367769445741,-12.157724380493164,135.25,15.062925600952829,10.0
1230,-12.2640690008272,136.006504647291,-12.157724380493164,136.0,11.846110278820316,10.0
1231,-11.9682927841867,136.483107116302,-11.913220405578613,136.5,6.393591773671971,10.0
1232,-12.7313106283404,136.602972966516,-12.646055221557617,136.75,18.554078107163335,10.0
1233,-15.0701527227432,135.652724961364,-15.073066711425781,135.75,10.449459977613614,10.0
1234,-16.7509871750092,138.458862198534,-16.755922317504883,138.5,4.41440119164852,10.0
1235,-17.6388806186284,139.920656086343,-17.711013793945312,140.0,11.618857250933198,10.0
1236,-16.716622424966,141.20231868994,-16.755922317504883,141.0,21.982616658059914,10.0
1237,-15.0122853360655,141.659500507291,-15.073066711425781,141.5,18.413150717683866,10.0
1238,-13.3825030402092,141.704522993038,-13.37679386138916,141.5,22.133796884459258,10.0
1239,-10.9899433381381,142.136038799829,-10.9330415725708,142.0,16.142533992645138,10.0
1240,-11.3835507022966,142.863418721947,-11.423554420471191,143.0,15.537694747412104,10.0
1241,-12.58431994257,143.377179865044,-12.646055221557617,143.5,14.991345765392225,10.0
1242,-14.0019728309269,143.672909925894,-14.10532283782959,143.75,14.18496704175634,10.0
1243,-14.5562723106904,144.687976547277,-14.347655296325684,144.75,24.13941486440277,10.0
1244,-15.6451662063055,145.327468598728,-15.55531120300293,145.5,21.006231390411248,33.789886474609375
1245,-16.9953373487945,145.91716981546,-16.99515724182129,146.0,8.808108358989442,14.709434509277344
1246,-18.5259877037337,146.325223898411,-18.424028396606445,146.5,21.64019658084536,26.0
1247,-19.4344304570207,147.31775476203,-19.3701171875,147.25,10.081593885423379,10.0
1248,-19.9192777661828,148.15297396882,-19.841127395629883,148.25,13.358650909483062,21.991945266723633
1249,-20.478225881606,148.699595090272,-20.54502296447754,149.0,32.15538426439423,10.0
1250,-21.4526998536978,149.29754618969,-21.478515625,149.5,21.14613123382436,10.0
1251,-22.5157231880475,150.413908342983,-22.406063079833984,150.5,15.06488382466014,10.0
1252,-23.9002399146081,151.29246011655,-24.014354705810547,151.5,24.61233910129239,10.0
1253,-24.6104655404418,152.13235378719,-24.47026252746582,152.25,19.612606671926073,15.0
1254,-26.4319582298609,153.118294468346,-26.50116539001465,153.25,15.201846974336647,43.03251647949219
1255,-27.3223723246174,153.078574310956,-27.392578125,153.25,18.64293652191884,10.0
1256,-28.7776095827248,153.613932193257,-28.716283798217773,153.75,14.915404276131174,69.0
1257,-30.2549840391417,153.125820496675,-30.23966407775879,153.25,12.049320801409987,14.70709228515625
1258,-31.9461719479875,152.628821456764,-31.95216178894043,152.75,11.452701656681347,46.84200668334961
1259,-33.1573031342843,151.636721727122,-33.21601867675781,151.75,12.39955575180176,101.0
1260,-33.8319377710476,151.224753487545,-34.048614501953125,151.25,24.205689727562874,84.1667251586914
1261,-34.7268867747502,150.848735210225,-34.66775131225586,151.0,15.312563014501903,103.86984252929688
1262,-35.7146431208718,150.285173453958,-35.68942642211914,150.5,19.59987789196569,97.26882934570312
1263,-37.8155654272313,148.859261577292,-37.89142608642578,148.75,12.774144115862057,31.91339111328125
1264,-37.9243316698759,147.8859564355,-37.89142608642578,148.0,10.653414366187295,10.0
1265,59.995,-44.699278,59.92413330078125,-44.66337585449219,8.129507010877337,10.0
1266,60.734198488865,-45.6530918400344,60.576908111572266,-45.704227447509766,17.71049491730466,10.0
1267,60.9560047589561,-47.8175414094382,60.959251403808594,-48.112083435058594,15.903566712337087,10.0
1268,61.2068171988765,-48.6257357682422,61.18712615966797,-48.76813888549805,7.937056318138196,22.985990524291992
1269,62.7243487161218,-50.2442911071915,62.73032760620117,-50.2947998046875,2.658025576641576,10.0
1270,63.507217621383,-51.2651598529277,63.462730407714844,-51.25453567504883,4.974793835148967,10.0
1271,64.0157952170393,-51.3640637461083,63.98234176635742,-51.53972244262695,9.335814110391524,10.0
1272,64.949067358423,-52.1060951208555,65.0067138671875,-52.158748626708984,6.871734908047377,10.0
1273,65.3896542007259,-52.4474512133822,65.35179138183594,-52.697227478027344,12.316553206625446,10.0
1274,66.2500182465402,-53.5033215850121,66.18734741210938,-53.616058349609375,8.60904862718752,10.0
1275,66.9264769176233,-53.6768571970735,66.87429809570312,-53.517059326171875,9.069808064969601,10.0
1276,67.5184102183858,-53.3644136124359,67.5198974609375,-53.737117767333984,15.84753761157403,13.545416831970215
1277,68.0120091036014,-53.2250950725377,67.99794006347656,-53.159603118896484,3.1442508577402384,10.0
1278,68.5979896466782,-52.3652554143586,68.67350006103516,-52.07020568847656,14.606342927309953,19.372156143188477
1279,68.76573520832,-51.1180864100601,68.74906921386719,-51.44701385498047,13.380741509987635,333.7435302734375
1280,69.9808422118601,-50.9588652231739,69.95187377929688,-51.55016326904297,22.752974003580576,369.7043762207031
1281,70.6224568674129,-54.5369049274333,70.64375305175781,-54.55348205566406,2.4456526471581914,33.99602127075195
1282,70.4992532148179,-50.5792718265601,70.50950622558594,-51.405696868896484,30.689305721881496,32.554805755615234
1283,71.2332221992744,-51.7803096696448,71.06063842773438,-52.41140365600586,29.70650955691673,244.79638671875
1284,71.4427342609446,-53.9271765598172,71.39620971679688,-53.989192962646484,5.620599630621894,248.93389892578125
1285,72.4107571290923,-55.4325888149923,72.36863708496094,-55.78340148925781,12.697074189602075,221.17913818359375
1286,73.0400968674375,-55.037795944945,73.00604248046875,-55.12843704223633,4.795782084979492,10.0
1287,73.863320157201,-55.7634611466963,73.82572174072266,-56.10983657836914,11.50327083828631,10.0
1288,74.3523186026227,-56.2338130319111,74.30941772460938,-56.57554626464844,11.317333233704657,10.0
1289,75.2766429762812,-58.3260265701256,75.25736236572266,-58.61536407470703,8.458259548406026,117.53687286376953
1290,76.0406761105267,-60.5436214551499,75.96598815917969,-60.40476989746094,9.105869756253067,38.25706100463867
1291,76.2353616430527,-64.5032010469799,76.17121887207031,-64.2756118774414,9.343063527786583,181.3739776611328
1292,75.9722612126442,-66.6749854588344,76.02446746826172,-66.59928131103516,6.152002175368058,270.717041015625
1293,76.6619161175686,-68.6615010640642,76.55851745605469,-69.14691925048828,16.983072727421334,150.97311401367188
1294,77.2371921270303,-70.2846684599559,77.26433563232422,-70.21179962158203,3.508145224878175,418.685791015625
1295,77.6443494026238,-68.6296051059538,77.54232025146484,-68.12358856201172,16.578544922619127,208.19728088378906
1296,77.8876759952282,-71.3193811667657,77.72779846191406,-71.00886535644531,19.214947435194613,62.573875427246094
1297,78.8763960042834,-69.1941313226491,78.86469268798828,-69.40528106689453,4.715166366829372,112.37374877929688
1298,79.7617712484286,-65.0000385611348,79.74600982666016,-65.33065032958984,6.769952731961607,190.68667602539062
1299,80.2131338131306,-67.2577482229689,80.15925598144531,-67.57028198242188,8.424838276954432,68.76543426513672
1300,81.8744949345703,-60.0635145724368,81.92967224121094,-60.364349365234375,7.736120937569576,572.2323608398438
1301,81.9478442424625,-53.7801675327188,82.1610336303711,-52.06818771362305,35.41509042668463,96.90579223632812
1302,82.3127519671915,-51.491076750779,82.31698608398438,-51.821964263916016,4.942767217128662,100.57894134521484
1303,82.1071563439585,-45.5250370831359,82.09074401855469,-45.55190658569336,1.8706131024606079,10.0
1304,82.6558041354416,-42.9388052182101,82.72154998779297,-45.925899505615234,42.892116336771615,12.354483604431152
1305,83.217268357329,-39.2211802165732,83.1951904296875,-38.83633804321289,5.626047009070928,10.0
1306,83.6262679037566,-34.6903587520704,83.69419860839844,-35.13761901855469,9.338868569584143,102.05035400390625
1307,82.1784265465566,-25.6707445994656,82.1748046875,-25.64980697631836,0.5124696399771149,12.458508491516113
1308,81.7677977858432,-22.7293167215735,81.83429718017578,-21.49911117553711,20.86202495116167,20.11976432800293
1309,80.8652181607942,-23.6159308225544,81.58515930175781,-21.466960906982422,87.94925653811303,13.86550235748291
1310,81.5781572752935,-18.2597497159805,81.58184814453125,-18.4018611907959,2.3499880486248554,10.0
1311,80.2175355832823,-18.4069523209831,80.1831283569336,-17.365154266357422,20.08436341854216,71.51782989501953
1312,79.2542089419212,-19.4113688565975,79.30084228515625,-19.485355377197266,5.406588437354731,10.0
1313,78.1200290850318,-21.5362708927922,78.141845703125,-21.32708168029785,5.3640829339402805,10.0
1314,77.6762901666974,-19.8177471223826,77.61473846435547,-19.71925926208496,7.234225357411959,10.0
1315,77.2284998436645,-19.1659752642522,77.34901428222656,-19.225650787353516,13.479919390074008,91.34087371826172
1316,76.8951561394593,-20.939736741312,76.83299255371094,-20.848833084106445,7.283999996778853,10.0
1317,76.1705246160436,-19.8001163783617,76.16343688964844,-19.425065994262695,10.002160941163151,281.02459716796875
1318,75.4715766525713,-19.3719904712193,75.49475860595703,-19.060623168945312,9.053345520053602,160.81361389160156
1319,75.0398211193945,-21.3625240141953,74.9744873046875,-20.53016471862793,25.021255179580812,33.84727478027344
1320,74.2465348078235,-19.7481437434111,74.16253662109375,-19.73737907409668,9.345866328051352,212.42852783203125
1321,73.9923585299208,-22.2867051859687,74.0363998413086,-20.628177642822266,51.02245376626739,198.85336303710938
1322,73.4776282635332,-20.7925240419377,73.36237335205078,-20.698278427124023,13.16003899877898,324.85882568359375
1323,72.9096895108618,-25.5594534636673,,,,
1324,71.6534153803104,-23.0457718213322,71.74182891845703,-22.43291473388672,23.550264489751918,75.63485717773438
1325,70.7532802746859,-21.7726423712642,70.77454376220703,-21.33863639831543,16.074391179335276,256.2896423339844
1326,71.5500490656848,-25.9174141043432,71.19075012207031,-25.13237190246582,48.72073662018195,421.2762756347656
1327,71.6268055321755,-27.4967582589756,,,,
1328,70.7206548045334,-28.0791586253086,70.64004516601562,-25.47314453125,96.27949443328492,23.912620544433594
1329,70.3340728481714,-26.4598675659415,70.50272369384766,-25.463726043701172,41.5902864598123,627.7101440429688
1330,70.1258078485315,-22.4480407655342,70.23082733154297,-22.494001388549805,11.805535864125384,551.0400390625
1331,69.6133476198054,-23.6606398018719,69.54187774658203,-23.606645584106445,8.21859659218125,47.13850021362305
1332,69.0348271200057,-25.3694060433112,68.98198699951172,-25.379596710205078,5.889567151915253,29.591466903686523
1333,68.4844467041927,-27.6326025606449,68.54389190673828,-27.447973251342773,10.011743261603295,41.882965087890625
1334,68.2714789344291,-30.1457599970825,68.22061920166016,-29.820589065551758,14.545151891259513,18.65135955810547
1335,68.1318021522914,-31.6889279250147,68.02545928955078,-31.833473205566406,13.26015259020711,530.8179931640625
1336,67.1402317287495,-33.5859933328525,67.13665008544922,-33.302825927734375,12.239284479493723,91.17352294921875
1337,66.4595455488978,-34.5763863334183,66.52973937988281,-34.4634895324707,9.273040084000348,10.0
1338,66.1793317319234,-35.7525954668612,66.056640625,-35.6306266784668,14.706127907620576,10.0
1339,66.2551848103623,-37.2782840086731,65.73348999023438,-36.49916076660156,67.87655122193182,24.956958770751953
1340,65.6411117837152,-39.1733525485271,65.44181060791016,-39.26062774658203,22.522610340487237,10.0
1341,65.0809724271387,-39.9404242040031,65.12845611572266,-39.78005599975586,9.177556444726774,10.0
1342,64.3784996703102,-40.4420953843165,64.37980651855469,-40.453182220458984,0.552531714751863,10.0
1343,63.7405209415855,-40.5369544707928,63.80445861816406,-40.56862258911133,7.277881233803925,11.788476943969727
1344,63.3751138625196,-41.1566447533174,63.34764099121094,-41.02700424194336,7.148875493333604,10.0
1345,62.8269057359229,-41.8785919949474,62.729820251464844,-41.72923278808594,13.20062342129274,64.25635528564453
1346,62.1162588180733,-42.2939789717552,62.128135681152344,-42.13567352294922,8.336115763179922,15.985916137695312
1347,61.616188551071,-42.4502555139983,61.684295654296875,-42.297157287597656,11.077021184100058,10.0
1348,60.9933329784168,-42.7075374142633,60.934322357177734,-42.66426086425781,6.9649794815573145,10.0
1349,60.2021948651128,-43.3404893247531,60.17919158935547,-43.03416442871094,17.124728337086736,11.15099048614502
1350,-10.087917,150.0,-9.949613571166992,150.0,15.378660865658853,743.2127075195312
1351,-10.4602473669817,150.580678768497,-10.441716194152832,150.75,18.629652844793988,540.6812133789062
1352,-10.1088318629385,148.199232656179,-10.195759773254395,148.25,11.14932852084412,10.0
1353,-9.44690226349431,147.109023422519,-9.456768035888672,147.0,12.008501907743456,55.62432861328125
1354,-8.35173239299661,146.29294696438,-8.46899127960205,146.25,13.868050627546902,28.572237014770508
1355,-7.77960470565872,145.07527714482,-7.974132061004639,145.0,23.165196152088797,34.72117614746094
1356,-7.7198123671388,144.201256876931,-7.974132061004639,144.25,28.7843040161432,10.0
1357,-9.27063767554913,142.743887584127,-9.456768035888672,142.75,20.707642067257925,10.0
1358,-9.23352145634115,141.126983048348,-9.210078239440918,141.25,13.751420041696782,10.0
1359,-5.723699146785,138.100909819507,-5.740372657775879,138.0,11.317464433667004,10.0
1360,-5.16092751269226,137.706778922918,-5.242669105529785,137.5,24.63610737668186,10.0
1361,-4.90099131239132,137.05265787999,-4.99366569519043,137.0,11.841503574041154,10.0
1362,-4.47553224253476,135.616758346777,-4.495380878448486,135.5,13.130016001609157,15.891410827636719
1363,-3.63786428634869,133.869859488367,-3.7473256587982178,133.75,18.028867392226168,24.641841888427734
1364,-4.07893867372327,133.130849102646,-4.246108055114746,133.25,22.806576858524167,1049.555908203125
1365,-3.12830008310278,132.561139748616,-3.248258590698242,132.5,14.966605063409304,56.20882034301758
1366,-2.56423640306414,133.491712394016,-2.499207019805908,133.0,55.09916558526363,10.0
1367,-2.25321518231974,132.640766532055,-2.2494218349456787,132.75,12.144176342514772,10.0
1368,-1.59342571617487,131.85819549321,-1.7497279644012451,131.75,21.13487358365055,10.0
1369,-1.48082399204777,131.072909187264,-1.4998286962509155,131.0,8.375383374929738,10.0
1370,-0.539040013926019,132.029867697796,-0.4999936521053314,132.0,5.46625827382466,375.0782775878906
1371,-0.732065331029505,133.668643796395,-0.7499786019325256,133.75,9.26236331110623,20.31106185913086
1372,-3.29093643856736,135.527194705985,-3.248258590698242,135.5,5.624476449699905,414.6703186035156
1373,-1.49368749165727,137.762785017766,-1.4998286962509155,137.75,1.5766958566275793,10.0
1374,-2.1352435924004,139.321543538081,-1.99959397315979,139.25,17.050464215995625,17.756601333618164
1375,-2.63164161467762,140.780580930061,-2.499207019805908,140.75,15.112815044377035,202.36895751953125
1376,-3.20250039058072,142.458331989822,-2.9986300468444824,142.5,23.136663332085256,914.9057006835938
1377,-3.7961107947995,144.107196128055,-3.7473256587982178,144.0,13.07252932809284,10.0
1378,-4.36080777844128,145.12822626205,-4.246108055114746,145.25,18.573694802258064,1277.4163818359375
1379,-5.49448165674291,146.061129002975,-5.491572856903076,146.0,6.773757030086333,16.218000411987305
1380,-6.16208962102782,147.663365174452,-6.23764181137085,147.75,12.739571824388351,148.9724578857422
1381,-7.03698005149423,147.013109606141,-6.9826507568359375,147.25,26.833043249112524,935.4742431640625
1382,-8.06565267284781,148.109340973597,-7.974132061004639,148.0,15.76413550304623,30.244848251342773
1383,-9.01361556819576,149.190029792301,-8.963215827941895,149.25,8.648070483874488,69.96929931640625
1384,-4.014583,115.0,-4.246108055114746,115.0,25.744447079557336,12.904605865478516
1385,-3.27389775385843,113.332714592883,-3.248258590698242,113.25,9.614954879242143,10.0
1386,-3.39129063251476,112.14213527033,-3.4978253841400146,112.25,16.842457510500306,10.0
1387,-2.90929906269182,111.37567823936,-2.9986300468444824,111.5,17.007713853829983,10.0
1388,-2.61580363890496,110.151181063828,-2.499207019805908,110.0,21.216117184271834,10.0
1389,-1.22857492370899,109.920176500108,-1.2499008178710938,110.0,9.185282062251238,10.0
1390,-0.909051534075651,109.326670156796,-0.9999492168426514,109.25,13.221964369515895,10.0
1391,-0.143094351629291,109.195661953963,-0.24999921023845673,109.0,24.792211141658957,10.0
1392,1.19062346104182,108.98904762594,1.2499008178710938,109.0,6.7028640789069565,10.0
1393,2.03875661551987,109.649547528147,1.99959397315979,109.75,11.982209904475377,10.0
1394,1.4778806393417,110.710480266129,1.7497279644012451,110.75,30.545581172196485,10.0
1395,2.09760078147229,111.211484985934,1.99959397315979,111.0,25.90489076068799,10.0
1396,2.84715406395087,111.636648157154,2.7489447593688965,111.5,18.697076647468357,10.0
1397,4.62796135749613,114.171332563317,4.744568347930908,114.25,15.624569117066512,21.348201751708984
1398,4.92225143272868,115.387412533665,4.99366569519043,115.25,17.169169640999453,10.0
1399,5.79939167011438,115.967727023083,5.989063739776611,116.0,21.390550574091293,10.0
1400,7.02768026670245,116.742617432497,6.9826507568359375,116.75,5.072919417468014,10.0
1401,5.93972921435096,117.763499918247,5.989063739776611,117.75,5.685294062181306,10.0
1402,5.08976192478664,119.122165903807,4.99366569519043,119.0,17.241953313705473,52.312984466552734
1403,4.47692876472987,118.526177411442,4.495380878448486,118.75,24.89641105499888,10.0
1404,3.61710128597476,117.363883738821,3.248258590698242,117.5,43.707741215281914,10.0
1405,3.08157949324372,117.564000649762,3.248258590698242,117.5,19.849339140735538,10.0
1406,2.21003362930465,118.028787070831,1.99959397315979,118.0,23.61748573413285,10.0
1407,1.40065124635122,118.434697762159,1.4998286962509155,118.5,13.20266172400465,10.0
1408,0.885489707474504,118.123870683893,0.7499786019325256,118.0,20.413936993383334,10.0
1409,0.0719345498679802,117.47176907624,0.0,117.5,8.592699455618598,10.0
1410,-1.21556773136201,116.816395675849,-1.2499008178710938,117.0,20.765128291932932,10.0
1411,-1.90005238338632,116.435855854985,-1.99959397315979,116.5,13.16534501686472,18.068857192993164
1412,-2.606747993888,116.312737589421,-2.7489447593688965,116.5,26.127429328949667,10.0
1413,-25.487083,44.999139,-25.602783203125,45.0,12.865583353417053,66.0
1414,-24.6187782989839,43.8567385202301,-24.697599411010742,43.75,13.8984069170769,728.4524536132812
1415,-23.0401241610634,43.5644084523736,-23.097698211669922,43.5,9.187082074835518,36.20460510253906
1416,-21.6543771152546,43.4374886892101,-21.710968017578125,43.25,20.36907785613054,32.34589385986328
1417,-20.6199717695134,44.0514620976278,-20.54502296447754,44.0,9.907199228834678,46.194488525390625
1418,-19.2255336594019,44.3267189460593,-19.134098052978516,44.25,12.972698967477106,10.0
1419,-17.5221021567013,43.9404614659648,-17.472705841064453,43.75,20.9319597944789,10.0
1420,-16.1898806941374,44.7805962552472,-16.036428451538086,44.75,17.373360283542482,17.94599151611328
1421,-15.7802348510585,45.6835780216882,-15.796011924743652,45.75,7.3204821433103,10.0
1422,-15.7752791871472,46.3530534754702,-15.55531120300293,46.25,26.83273897111417,10.0
1423,-14.9046843032386,47.4801521059015,-14.831531524658203,47.5,8.409267573471846,10.0
1424,-14.2575987383915,47.9852921380328,-14.10532283782959,47.75,30.498145629890608,10.0
1425,-13.6164173927649,48.0766196156687,-13.619888305664062,48.0,8.289194438359065,10.0
1426,-12.055506525062,49.1734582697565,-11.913220405578613,49.25,17.878346680482522,324.5437316894531
1427,-14.1428494874272,50.1590777979132,-14.10532283782959,50.25,10.655499830328763,695.8438110351562
1428,-15.8450516768034,50.3107930875122,-15.796011924743652,50.5,20.963557977047827,526.607177734375
1429,-16.1420829790958,49.7394167466537,-16.036428451538086,49.75,11.802550886457514,71.5562973022461
1430,-19.1242878062756,49.0487979607798,-19.134098052978516,49.25,21.16543227258192,68.16893768310547
1431,-20.6934206582119,48.4994275065768,-20.778942108154297,48.5,9.509750844862157,10.0
1432,-22.2867709124698,47.9788765124121,-22.406063079833984,48.0,13.441420920981397,49.486663818359375
1433,-23.9513560795498,47.5111095568514,-24.014354705810547,47.5,7.095481934684918,10.0
1434,-25.1290693463383,46.719053460535,-25.151031494140625,46.75,3.958260986535506,11.523835182189941
1435,61.954944,-65.999139,61.90767288208008,-65.89815521240234,7.452821116525913,109.0223388671875
1436,62.2602276597604,-68.5577061431414,62.20966720581055,-68.64447021484375,7.197711760870615,36.607025146484375
1437,62.7834157430874,-69.7416696573274,62.72822570800781,-69.91657257080078,10.81326509108157,10.0
1438,64.4977577936902,-75.6786612447108,64.45172882080078,-75.69835662841797,5.204469122705837,10.0
1439,64.3297664435689,-77.7476412439177,64.30867004394531,-77.82270812988281,4.3113120053469896,89.44046783447266
1440,65.4227489753076,-77.0536180058492,65.45177459716797,-77.03271484375,3.36902613367672,10.0
1441,65.5323275393345,-74.1381779769645,65.53907012939453,-74.13646697998047,0.753871402776089,10.0
1442,66.6336361283781,-73.2888489324776,66.57376098632812,-73.43692016601562,9.331222273340192,10.0
1443,67.462323203827,-72.4362937531387,67.43103790283203,-72.5015640258789,4.455397981875297,10.0
1444,69.0116373669549,-75.4381502320965,69.11366271972656,-75.6372299194336,13.830322233935096,10.0
1445,69.4211250698414,-76.2598536435232,69.36316680908203,-76.18829345703125,7.026918082983933,49.54966735839844
1446,69.9263125175623,-77.122070652164,69.8478775024414,-77.33808898925781,12.01211240860411,10.0
1447,70.4543437809782,-78.8733474062426,70.4629898071289,-78.97138977050781,3.7711230672309104,10.0
1448,69.8883388278749,-78.7943586796456,69.8828125,-78.59088897705078,7.804815646586725,78.70331573486328
1449,69.7236416737419,-80.9283650670054,69.70941162109375,-80.85771179199219,3.149790882372725,10.0
1450,70.3146566895456,-87.4219900514001,70.28421020507812,-87.2835922241211,6.194706071513489,36.74843215942383
1451,71.0463885448618,-89.0599531685772,71.03678894042969,-89.05155181884766,1.1097373521587106,10.0
1452,72.0349932400879,-85.8452186654236,72.01470947265625,-85.85384368896484,2.274791480516481,11.056777000427246
1453,72.4293324626305,-84.8131696015941,72.32003784179688,-85.13546752929688,16.292564357203137,195.8422393798828
1454,73.0104138593331,-85.0069107422105,72.9862289428711,-85.55941009521484,18.163751986469467,306.640625
1455,73.6579582071912,-81.4308117513446,73.6416244506836,-81.30049896240234,4.4651580046412995,156.5491180419922
1456,72.327710905357,-81.1091463104951,72.23690032958984,-80.74639129638672,15.894976088885889,180.79718017578125
1457,72.5113996205453,-75.2880789034735,72.50914764404297,-75.0482406616211,8.018817303511263,92.91812896728516
1458,71.6194327860912,-75.045521732066,71.75569915771484,-74.61123657226562,21.442861128596746,129.9073486328125
1459,71.5709451579656,-73.5803975516081,71.5764389038086,-73.68875885009766,3.857260539733293,66.649658203125
1460,70.8332358916962,-70.6533774925786,70.87669372558594,-70.34344482421875,12.292158865262591,416.9217834472656
1461,70.2566697844334,-69.4015193865172,70.28909301757812,-68.73021697998047,25.452413693256023,71.60263061523438
1462,70.3029740327043,-68.0638591351114,70.31184387207031,-68.01152038574219,2.1951659273617197,10.0
1463,69.2013294957228,-67.7536719128512,69.15280151367188,-67.7724380493164,5.446819611558552,169.1492462158203
1464,69.1100874429881,-69.0760547151021,69.0965805053711,-68.03527069091797,41.30583669468986,34.33390426635742
1465,68.5869436367911,-68.6176180648183,68.69062042236328,-68.07212829589844,24.920402321787325,59.630409240722656
1466,67.8181820619626,-65.9496954753134,67.94503784179688,-65.92257690429688,14.151358445960158,11.517596244812012
1467,67.6758383892169,-64.2995385031393,67.73091125488281,-64.29121398925781,6.1338935435980195,21.538415908813477
1468,67.1860396943187,-64.368573788483,67.30357360839844,-63.75547790527344,29.429917245189237,23.437606811523438
1469,67.2712295635148,-63.0338128646928,67.29231262207031,-63.084415435791016,3.196567432382517,41.70492935180664
1470,66.8614651327715,-61.6446426766434,66.88310241699219,-61.64039993286133,2.4130849170761084,15.321759223937988
1471,66.2843824860967,-61.8281295182777,66.2996826171875,-61.98417663574219,7.181113163277331,10.0
1472,65.5911894690877,-62.7740201368754,65.51519012451172,-62.763511657714844,8.46457779218495,23.272825241088867
1473,64.998526722165,-63.7691187818316,64.95729064941406,-63.76023864746094,4.604230044739103,26.32124137878418
1474,65.1888452163891,-64.7488585837629,65.15437316894531,-64.86443328857422,6.619128784744387,241.54736328125
1475,65.6429169823415,-65.2386865045288,65.59017181396484,-65.31260681152344,6.7759341569052856,13.863003730773926
1476,66.1706999668004,-64.8310723171913,65.91312408447266,-65.66280364990234,47.229599568726165,34.708370208740234
1477,66.279974358016,-66.5158427595806,66.23992156982422,-66.6648941040039,8.022223326765545,108.19784545898438
1478,65.8982565206252,-67.4846048345717,65.83332061767578,-67.44048309326172,7.4940231173965595,10.0
1479,65.2350191246364,-66.9332032009934,65.30638122558594,-66.85256958007812,8.776925284687882,10.0
1480,64.8660808376371,-66.2384234324676,64.92440032958984,-66.1510238647461,7.6846926632254124,10.0
1481,63.5531329741008,-64.5691583712649,63.57201385498047,-64.32103729248047,12.46167130955462,10.0
1482,62.891255357132,-65.1448321925726,62.83663558959961,-64.89002990722656,14.27875851796502,10.0
1483,63.0077145261878,-66.5323469253285,62.966102600097656,-66.42524719238281,7.118044730783455,10.0
1484,63.5904798762403,-67.8138754406955,63.49540710449219,-67.74193572998047,11.156197666427838,10.0
1485,-5.325444,103.999139,-5.491572856903076,104.0,18.47295746081371,604.8646240234375
1486,-4.27739215760965,102.643550562594,-4.246108055114746,102.5,16.29364972722818,40.598899841308594
1487,-2.99823845965309,101.465723005767,-2.9986300468444824,101.25,23.954536956111983,322.95025634765625
1488,-0.156695853436798,99.756168432143,-0.24999921023845673,99.75,10.397522177999235,14.999857902526855
1489,1.18463559544852,98.8713874966803,1.2499008178710938,98.75,15.322271400080917,38.0059700012207
1490,2.25427977570861,97.989138312263,2.2494218349456787,97.75,26.575959712878312,10.0
1491,3.53921595373136,96.9956779231592,3.4978253841400146,97.0,4.627357900502973,10.0
1492,4.58486290372868,95.6166463375462,4.495380878448486,95.5,16.31506665023111,32.85483169555664
1493,5.52573808219215,95.8558436370108,5.491572856903076,96.0,16.401487726640404,405.5362854003906
1494,5.25506582747182,97.5023814460506,5.242669105529785,97.5,1.4034499176659974,10.0
1495,4.13194120649378,98.2408711677828,4.246108055114746,98.5,31.4160058908534,13.766483306884766
1496,3.2290365697721,99.6178413137165,3.248258590698242,99.75,14.826794950316696,10.0
1497,2.28562041137042,100.877037578229,2.2494218349456787,101.0,14.242707294034522,10.0
1498,-0.00253396404315007,103.741480762304,-0.24999921023845673,103.75,27.533218799962185,10.0
1499,-0.487932449157078,103.486298670682,-0.4999936521053314,103.5,2.029683637701684,10.0
1500,-1.03594837680331,104.133765485634,-0.9999492168426514,104.25,13.528442065915762,10.0
1501,-2.40654852576105,104.860119127029,-1.99959397315979,104.75,46.876377378552604,10.0
1502,-2.70536935870084,105.779662190877,,,,
1503,-4.11922253576635,105.856220979549,-3.9967546463012695,106.0,20.97059578351282,10.0
1504,-5.57657954164861,105.824955136262,-5.491572856903076,106.0,21.55632683615158,34.0
1505,-5.68707262272294,104.965844629683,-5.740372657775879,105.0,7.029006790901309,13.063377380371094
1506,33.710417,136.0,33.65104293823242,136.19833374023438,19.503245052416833,1615.622802734375
1507,34.2802996642508,135.087399427402,34.230777740478516,134.93702697753906,14.876870588088957,27.671321868896484
1508,34.6548627684647,134.208360548856,34.61259460449219,134.17864990234375,5.429467383708553,10.0
1509,34.3360760328936,133.049054273865,34.207889556884766,133.185791015625,19.000950750963707,19.413230895996094
1510,33.8917833637864,132.099749525218,33.802330017089844,132.1925048828125,13.126870659270903,10.319557189941406
1511,34.2325886406669,130.911576085763,34.3720588684082,130.93057250976562,15.606259434979963,10.0
1512,35.060077005974,132.319555946181,35.16645812988281,132.41416931152344,14.62837569096142,37.14579391479492
1513,35.5326632780262,133.976919311547,35.5748291015625,133.90585327148438,7.957084602693788,64.96611022949219
1514,35.5892178698337,135.445562268132,35.60036849975586,135.40745544433594,3.661869086841481,59.64794158935547
1515,36.2549142069473,136.127116198555,36.378623962402344,136.13743591308594,13.786954835963984,104.0309829711914
1516,37.5059972801126,137.307412141543,37.53583908081055,137.3525390625,5.181701282602571,23.865352630615234
1517,36.9763105661245,137.582469783892,36.97721481323242,137.6223602294922,3.54495323169639,52.91471481323242
1518,38.064481911328,139.276404882348,38.14291000366211,139.3363800048828,10.17799564289105,45.7297248840332
1519,39.6903421108234,140.096117193338,39.63746643066406,140.02378845214844,8.538135140383556,29.20383644104004
1520,40.7308288772438,139.983573732525,40.719940185546875,139.9646453857422,2.002548174467394,70.17508697509766
1521,40.9447691741321,141.000053068139,41.111873626708984,140.94822692871094,19.082987214526252,43.60489273071289
1522,41.4063552726739,141.404048759887,41.485870361328125,141.4286346435547,9.076052171785806,95.27142333984375
1523,39.8035754279434,141.995455440373,39.878841400146484,142.0233612060547,8.701730332277075,87.13902282714844
1524,39.002216076628,141.636046709994,38.94963073730469,141.8143310546875,16.48359474686136,111.40692138671875
1525,38.2300832763231,140.970718393675,38.18428421020508,141.0914764404297,11.715924515774253,25.4274959564209
1526,36.5521384977734,140.665505165192,36.461551666259766,140.64523315429688,10.234466632196412,11.965564727783203
1527,35.2854772725536,140.393962262092,35.28929901123047,140.42311096191406,2.6795827906057736,10.0
1528,35.6489759748268,139.930242519694,35.27849578857422,139.6720428466797,47.369745723476214,11.914847373962402
1529,34.8522492517872,139.115076501433,34.87821578979492,139.17962646484375,6.558962927963779,723.2035522460938
1530,34.6230695678658,138.218664889916,34.4699821472168,138.1862030029297,17.280253797843923,76.12792205810547
1531,68.999083,-113.554361,69.01382446289062,-113.66326141357422,4.63761837124205,18.59420394897461
1532,69.6614347462963,-116.852602623458,69.61497497558594,-116.9467544555664,6.321238639986214,26.105575561523438
1533,70.2606822314212,-113.513781880318,70.31584167480469,-113.46186828613281,6.435071765739312,17.45453453063965
1534,70.6815305257934,-117.670061819821,70.6415023803711,-117.81139373779297,6.847901049893759,119.7416000366211
1535,71.5652113313628,-117.667817004004,71.5383071899414,-117.91209411621094,9.101207439521747,10.0
1536,72.4559849651049,-118.515277215435,72.47947692871094,-118.55125427246094,2.876775782987314,21.248815536499023
1537,73.1631893515372,-113.941038507697,73.17657470703125,-113.86601257324219,2.8371972525836817,44.7611198425293
1538,72.8625474329484,-111.999138312372,72.85643005371094,-111.82440185546875,5.766542042711578,13.413302421569824
1539,72.4607966585173,-110.930387461243,72.46227264404297,-111.13243865966797,6.772356411455713,28.179506301879883
1540,72.0328315191714,-108.41135034544,72.04965209960938,-108.3759536743164,2.2295818365675713,10.0
1541,72.5347088920367,-107.944324214123,72.54972076416016,-108.03767395019531,3.533218108603213,170.98191833496094
1542,71.5779499743231,-104.297946655117,71.60989379882812,-104.3182601928711,3.6228906676746644,10.0
1543,70.5934371866832,-102.921966179943,70.57856750488281,-102.79781341552734,4.877522699967865,10.0
1544,69.7145272409023,-101.326908830778,69.67163848876953,-101.28771209716797,5.003150228046036,10.0
1545,69.5539360006341,-102.864341876637,69.50840759277344,-102.88865661621094,5.150065415425126,10.0
1546,68.8079036998022,-103.659718099981,68.76945495605469,-103.67401885986328,4.313849794421067,69.45197296142578
1547,69.462107517021,-106.489191759558,69.45634460449219,-106.47232818603516,0.9184329806364614,10.0
1548,68.5986407277013,-110.144488780966,68.58026123046875,-110.06351470947266,3.870429172222136,57.527103424072266
1549,50.787944,0.0,50.65520095825195,0.014843019656836987,14.797311262353078,35.82046890258789
1550,50.7223417587063,-1.894159595483,50.622802734375,-1.8256312608718872,12.07589441719908,17.18498420715332
1551,50.4517723246656,-3.50707788105083,50.40092086791992,-3.432598114013672,7.733662154640354,35.899314880371094
1552,50.1471713674944,-5.01061401770211,50.002681732177734,-5.05825662612915,16.422336514537637,28.321441650390625
1553,51.1810090710437,-3.38722568769671,51.206886291503906,-3.3041648864746094,6.463821024915426,16.14830207824707
1554,51.6765506824793,-5.11872295507558,51.64419174194336,-5.078426361083984,4.546700704840325,10.0
1555,52.471347222924,-4.09198973703401,52.5502815246582,-4.127567291259766,9.101351111466563,10.0
1556,53.2269003887042,-4.13962678355833,53.33678436279297,-3.9770538806915283,16.312777859181224,12.379504203796387
1557,53.4959515897076,-3.05598689435344,53.43519592285156,-3.1526145935058594,9.30334498789132,10.0
1558,54.1724447439367,-3.18899840231163,54.07490921020508,-3.2842304706573486,12.495419599135927,10.0
1559,54.8343686397108,-3.890853583842,54.751731872558594,-3.9450035095214844,9.82266674517192,15.093979835510254
1560,54.9426920076569,-4.99989059111188,55.00465774536133,-5.249266147613525,17.342815473098756,42.96503829956055
1561,55.7686780961218,-5.56061987250311,55.67816162109375,-5.92048978805542,24.681812519431077,123.8652114868164
1562,56.5275729646182,-5.0920689413128,56.28990173339844,-5.77901029586792,49.84351149073529,28.633638381958008
1563,58.1181343947316,-5.26611246155156,58.09686279296875,-5.3079938888549805,3.4129634861946463,11.62364673614502
1564,58.5487136390761,-4.43962594911355,58.62081527709961,-4.298220157623291,11.46506648686734,65.42656707763672
1565,58.0518736808528,-3.84927780367818,57.98332214355469,-3.9250950813293457,8.834180779837917,10.0
1566,57.4544217804963,-1.79411170999485,57.493595123291016,-1.8191699981689453,4.606326593492644,10.0
1567,56.4234514157943,-3.0099797513273,56.355133056640625,-2.7174344062805176,19.54350861563223,11.023248672485352
1568,54.7896652337999,-1.25463831728695,54.84038162231445,-1.2031772136688232,6.532596091257985,36.3742561340332
1569,53.5866471854492,0.0573347073246906,53.64273452758789,0.11717677861452103,7.380851656858137,10.0
1570,53.0148107595734,0.155886698495272,53.01019287109375,0.2342761904001236,5.269295858091012,10.0
1571,52.3562447570915,1.70840833487791,52.395469665527344,1.9565809965133667,17.40197123690347,30.264883041381836
1572,51.7313175163078,0.930000060748923,51.692012786865234,1.00617253780365,6.8296828244621,10.0
1573,83.125639,-77.088056,83.18164825439453,-77.14063262939453,6.266824614347125,260.3232421875
1574,82.7059060332545,-67.9952825306676,83.00112915039062,-68.01616668701172,32.82862886551996,165.94427490234375
1575,82.5239081192136,-62.2259184145529,82.50479888916016,-61.85268020629883,5.809352917252862,64.20204162597656
1576,81.5843597869178,-67.2535033374905,81.54226684570312,-66.89484405517578,7.492916225509113,47.545440673828125
1577,80.9115492910627,-67.6960707351888,80.85066986083984,-67.24148559570312,10.488119769683573,351.4041748046875
1578,80.1849809116234,-72.1505797272008,80.16580963134766,-70.26851654052734,35.7713477335282,203.65383911132812
1579,79.8813388453601,-74.3083119342227,79.69661712646484,-72.63306427001953,38.88725837874572,20.808565139770508
1580,79.4513139934208,-76.5266294714772,79.28443908691406,-75.24784851074219,32.1329609490648,77.09890747070312
1581,79.098698863216,-74.621937390936,79.14835357666016,-74.33320617675781,8.196657767003922,79.7654800415039
1582,78.0180530360112,-75.764555010812,78.00572967529297,-75.45669555664062,7.241206023565065,591.7510375976562
1583,77.3094519078768,-80.0191741393021,77.18441772460938,-79.02017211914062,28.188424751355548,110.1434326171875
1584,76.5714372563095,-78.071011903702,76.47723388671875,-77.84581756591797,11.99059049875953,272.4955139160156
1585,76.5540608124746,-82.0240866330285,76.42301940917969,-81.89627075195312,14.944726422903443,109.40397644042969
1586,76.4799024858435,-86.5906102826786,76.3857192993164,-86.52040100097656,10.631629539548262,56.46643829345703
1587,77.1701541577502,-87.3086052630278,77.1775131225586,-87.67794036865234,9.153529875421237,219.14227294921875
1588,77.8153719116108,-86.3404295841277,77.79459381103516,-86.26611328125,2.89571727669962,10.0
1589,78.6350277701634,-82.6950928106015,,,,
1590,79.0314460867988,-84.6867532672212,78.99823760986328,-84.89969635009766,5.830393191264729,141.34767150878906
1591,79.9342882071875,-85.489413532328,80.03627014160156,-86.47850799560547,22.234696634565147,91.2405014038086
1592,79.5904364903412,-81.6995164961025,,,,
1593,80.3963159491025,-81.7198508507916,80.43449401855469,-81.85271453857422,4.906410874921924,362.2938232421875
1594,80.8767238303728,-77.645128638699,80.8528823852539,-78.7763671875,20.14556898237171,10.82754898071289
1595,81.0152403275578,-87.0344171572674,81.00313568115234,-89.32701110839844,39.85883576403446,339.4467468261719
1596,81.6406478168121,-90.3260322621161,81.67984771728516,-91.95841979980469,26.68466642838939,44.887664794921875
1597,82.0011272384372,-87.3765405340502,82.0870132446289,-87.1313705444336,10.268496159195788,278.5530700683594
1598,82.4745820211436,-82.5325122816331,82.52216339111328,-83.09944915771484,9.784072438071098,506.4996032714844
1599,-5.000444,119.478333,-4.99366569519043,119.25,25.304232678180487,10.0
1600,-3.51087153061391,119.43183948217,-3.7473256587982178,119.5,27.35891405794162,10.0
1601,-2.6632691021612,118.914175598202,-2.7489447593688965,118.75,20.57375202826041,310.8681335449219
1602,-1.09704238403294,119.389531093131,-0.9999492168426514,119.25,18.899724583080385,1509.0999755859375
1603,-0.0430370696270036,119.635746848281,0.0,119.75,13.575808021856062,110.0
1604,0.912367773998114,120.26556152597,0.9999492168426514,120.25,9.89111505322311,121.5696792602539
1605,1.23305605287016,121.275445014406,1.2499008178710938,121.5,25.033718772458325,369.263671875
1606,0.87877099174529,122.716556530623,0.9999492168426514,122.75,13.978034009029711,58.93272399902344
1607,1.07705556466435,124.325707104076,0.9999492168426514,124.25,12.014766501027074,10.0
1608,1.44332711539888,125.172962798552,1.4998286962509155,125.25,10.620873342748917,10.0
1609,0.331637934427678,123.954890968551,0.24999921023845673,124.0,10.37137992601193,2404.0126953125
1610,0.499848236898972,122.252123915339,0.24999921023845673,122.25,27.7829863149299,2189.0
1611,0.529872267569754,120.628480589651,0.24999921023845673,120.75,33.92729032565,923.002197265625
1612,-0.901141598555484,120.261494380399,-0.7499786019325256,120.25,16.857095249984944,575.411865234375
1613,-0.862093895807406,123.091772128205,-0.9999492168426514,123.0,18.414115247669308,684.9845581054688
1614,-1.83981537691506,121.741628593909,-1.99959397315979,121.75,17.790935392967384,71.90255737304688
1615,-4.84849477103788,121.826368646214,-4.99366569519043,121.75,18.22508951064905,281.83746337890625
1616,-3.68649096401654,121.059526953823,-3.7473256587982178,121.0,9.454476734580245,139.5442657470703
1617,-2.66284216898984,120.635001274669,-2.7489447593688965,120.75,15.962938297671796,16.873371124267578
1618,-4.06608178033756,120.326001937238,-3.9967546463012695,120.5,20.782457269186022,411.1951599121094
1619,-5.58321004599922,120.414488988622,-5.491572856903076,120.5,13.906686435065332,505.0191955566406
1620,-46.255444,170.0,-46.3974609375,170.0,15.791584759833544,48.86701202392578
1621,-46.4995662441438,168.307236003221,-46.569602966308594,168.25,8.934039757232032,10.0
1622,-45.0389888547044,167.272984201763,-45.00071716308594,167.0,21.87437787952936,851.4838256835938
1623,-44.3451120740773,168.070583042837,-44.28925704956055,168.0,8.373020657347798,41.89154052734375
1624,-43.6453272450528,169.378191165483,-43.56907272338867,169.5,12.964593803357388,28.299898147583008
1625,-43.1456314695634,170.337385738592,-43.02321243286133,170.25,15.3512298689355,55.659393310546875
1626,-42.5126921613548,171.164276838992,-42.47245788574219,171.0,14.192842126007147,87.91365051269531
1627,-40.8158849816183,172.859727907097,-40.7908935546875,173.0,12.129304328095742,10.0
1628,-40.9871846481843,174.220721114535,-40.979896545410156,174.25,2.587861303798826,67.3967514038086
1629,-41.6374158297145,174.190276619022,-41.73051071166992,174.25,11.478473728080502,10.0
1630,-43.0366347844229,173.025422422225,-43.02321243286133,173.25,18.315317282580416,40.0117073059082
1631,-43.8879782419004,172.933128273443,-43.93025207519531,173.0,7.126998593883256,57.57503128051758
1632,-43.9641779480262,172.051034060377,-43.93025207519531,172.25,16.369454321868325,10.0
1633,-44.7559886499472,171.176005309839,-44.82366943359375,171.25,9.52545239313315,10.0
1634,-45.9018063410934,170.598137088275,-45.87777328491211,170.75,12.053598284411033,29.689023971557617
1635,-8.590444,114.0,-8.716185569763184,114.0,13.981843938507675,441.6453857421875
1636,-8.38293395901483,112.370599962688,-8.46899127960205,112.25,16.356612095149757,243.93951416015625
1637,-8.20646707797768,110.797971863531,-8.46899127960205,110.75,29.664684674598075,384.9053649902344
1638,-7.71473128363864,109.163717177698,-7.974132061004639,109.25,30.369653641517505,92.99488830566406
1639,-7.76146656868884,108.000550997025,-7.974132061004639,108.0,23.647434363600254,634.7985229492188
1640,-7.24520007522533,106.372014554176,-7.230730056762695,106.25,13.555137826606009,988.917724609375
1641,-6.72686040474818,105.245074766422,-6.734439849853516,105.25,1.0030554321824996,18.213336944580078
1642,-6.02663758460418,106.1709756831,-5.989063739776611,106.25,9.686250491489805,10.0
1643,-6.19382015639186,107.552131538829,-6.23764181137085,107.75,22.4088543660681,10.0
1644,-6.79309097986863,108.866176658159,-6.734439849853516,108.75,14.390959095474791,10.0
1645,-6.86968835936041,110.511115827937,-6.734439849853516,110.5,15.088966538736562,10.0
1646,-6.77025040712911,111.818366368737,-6.734439849853516,111.75,8.535075783508436,10.0
1647,-7.61125610072974,112.889696289374,-7.478672981262207,113.0,19.10984403587363,11.0
1648,-7.89714585153172,114.425233470437,-7.974132061004639,114.5,11.877778800089597,143.43081665039062
1649,-41.002944,174.937472,-40.979896545410156,174.75,15.942030200298149,155.9217987060547
1650,-38.5368780146592,174.63013373104,-38.48092269897461,174.5,12.919975041854086,60.389949798583984
1651,-37.5657485315507,174.753216459063,-37.69386672973633,174.75,14.248928966920213,15.264007568359375
1652,-37.0014986684211,174.475963214975,-37.09803009033203,174.5,10.943733300434682,10.0
1653,-36.2951529146553,174.306057490338,-36.49747085571289,174.25,23.049477076944427,10.0
1654,-35.1285161558363,173.157486468149,-35.07796096801758,173.0,15.390050884723497,49.6513671875
1655,-34.5952428497276,173.033295614046,-34.66775131225586,173.25,21.40375719791735,106.67322540283203
1656,-35.4674144807058,174.421976080659,-35.48611831665039,174.5,7.3649587604543045,34.16306686401367
1657,-36.8899478722999,175.020033736658,-36.89836502075195,175.0,2.0124454740117868,10.0
1658,-36.5186978821095,175.499206714501,-36.49747085571289,175.5,2.3614055223757227,52.8688850402832
1659,-37.7066084156966,176.191948317307,-37.49578094482422,176.25,23.99433509074813,57.3287353515625
1660,-37.6803681588715,177.732169296689,-37.69386672973633,177.75,2.1713477685049996,34.42457962036133
1661,-38.4975688838468,178.29640692159,-38.48092269897461,178.5,17.816166356620652,99.46566772460938
1662,-39.149304984428,177.16877315546,-39.25947952270508,177.25,14.109146546375179,48.48509979248047
1663,-40.6068798311114,176.466155981843,-40.601348876953125,176.5,2.9226231837285055,51.071285247802734
1664,46.998889,-55.201556,46.98944091796875,-55.05093002319336,11.472151370386868,71.02262115478516
1665,47.5390978171686,-55.7513899520614,47.454010009765625,-55.85588073730469,12.293947017141372,10.0
1666,47.6752026123474,-56.5241253309388,47.58330154418945,-56.629493713378906,12.914091454507203,20.32728385925293
1667,47.6198629937676,-57.5013026907168,47.54734802246094,-57.38580322265625,11.834707253367077,29.12335968017578
1668,47.5785049675856,-58.9925089145274,47.47410202026367,-58.89656448364258,13.662648538176043,161.39422607421875
1669,48.5476948546042,-58.6462193273369,48.61058807373047,-58.774959564208984,11.772993032195751,10.0
1670,49.4135091838149,-58.2067989713366,49.42803955078125,-58.37399673461914,12.201242017996291,54.144500732421875
1671,50.3198619092762,-57.5228544331827,50.42344284057617,-57.49869155883789,11.644474005007488,10.0
1672,51.3049307100401,-56.0646021867785,51.30707550048828,-55.845008850097656,15.266847298964645,10.0
1673,50.3685569981721,-56.4685411274144,50.32980728149414,-56.462257385253906,4.331784482772769,11.257633209228516
1674,49.6667863014701,-56.0735285549399,49.73027038574219,-55.86690139770508,16.45240018076592,17.13192367553711
1675,48.573837260916,-53.2109718047978,48.73478317260742,-53.193992614746094,17.939800553039134,121.037353515625
1676,48.0213834621533,-53.2195669237699,48.076316833496094,-53.124610900878906,9.334496586752861,10.0
1677,46.7311048560751,-53.3073842653857,46.55656051635742,-53.23939895629883,20.090395971306208,41.090476989746094
1678,46.8721377421369,-53.9357115184731,46.6956901550293,-54.011287689208984,20.446564725113102,62.7849235534668
1679,47.8731841570722,-54.2068049015299,,,,
1680,19.9155,-75.0,19.841127395629883,-75.0,8.269867710111889,1648.332763671875
1681,19.9758287689694,-76.4259347969185,19.841127395629883,-76.5,16.861381291760335,3774.317138671875
1682,20.2310511419726,-77.3372282567308,20.310745239257812,-77.25,12.700895252900036,10.0
1683,20.923277884259,-78.3546651597587,21.012475967407227,-78.5,18.05807797000192,10.0
1684,21.6575007294873,-79.5796594432167,21.47835922241211,-79.5,21.555732803085274,10.0
1685,22.4758067370998,-81.7241359314515,22.40498924255371,-82.00001525878906,29.426691609153448,10.0
1686,22.3071131430526,-83.2399413579707,22.173969268798828,-83.25000762939453,14.84115058050526,10.0
1687,21.8811207200275,-84.621006996936,21.71064567565918,-84.5,22.702787435247984,1841.7244873046875
1688,22.5657204754353,-84.1692920104597,22.635454177856445,-84.2500228881836,11.349360934297632,627.52880859375
1689,23.0114783876206,-82.6877030293557,23.095157623291016,-82.75004577636719,11.281152970097109,1316.91796875
1690,23.0786518210956,-81.2265639190667,23.09526252746582,-81.00005340576172,23.243160575482786,10.0
1691,22.7727932561595,-79.7140699806631,22.865711212158203,-79.75003814697266,10.969985203331348,10.0
1692,22.1108851572958,-78.1873017994116,22.1740665435791,-78.00000762939453,20.529749804809388,10.0
1693,21.2926554087211,-76.57815600829,21.47837257385254,-76.5,22.179734566327504,2568.614990234375
1694,20.8258265551044,-75.7124756859363,20.7789363861084,-75.5,22.693171625565768,43.717464447021484
1695,20.312306510468,-74.4196675818087,20.310745239257812,-74.25,17.693934430805626,141.59690856933594
1696,12.967917,123.999167,13.133454322814941,124.0,18.407157057258303,223.44371032714844
1697,13.7528243064311,122.812474566407,13.619888305664062,122.75,16.249914129342997,582.7951049804688
1698,13.3997997149022,122.46599568176,13.37679386138916,122.25,23.504556255964967,570.6478881835938
1699,13.633442960432,121.042765957215,13.619888305664062,120.75,31.673661850193316,646.1627807617188
1700,14.4895404666065,120.969334660686,14.589726448059082,120.75,26.104303286806612,10.0
1701,14.793495558449,120.185057013603,14.831531524658203,120.0,20.33821219780174,588.3477783203125
1702,16.1673774107982,119.765362449815,16.276554107666016,119.75,12.25021504744679,426.5241394042969
1703,16.8462018083093,120.379578232685,16.755922317504883,120.25,17.059680434100542,624.5118408203125
1704,18.5172686834837,120.614580808529,18.424028396606445,120.5,15.922545538518248,402.1537780761719
1705,18.3103060126974,122.032835126567,18.424028396606445,122.0,13.111533937783745,146.64480590820312
1706,17.2433386353131,122.410135075175,17.234085083007812,122.5,9.598963989099724,1145.1358642578125
1707,16.2289049351495,122.072950330147,16.276554107666016,122.25,19.628892817720047,412.7366943359375
1708,14.8650877540312,121.584336885055,14.831531524658203,121.75,18.192558848496784,156.40151977539062
1709,14.0752402021019,122.248021199733,14.10532283782959,122.0,26.957325423598316,10.0
1710,13.7221618566275,123.891781659045,13.619888305664062,124.0,16.31080565973423,309.6208190917969
1711,63.793722,-17.0,63.71792221069336,-16.942176818847656,8.895185443605493,116.58979797363281
1712,63.4554122797535,-19.3630338759121,63.35036849975586,-19.46293830871582,12.695165591174458,108.84417724609375
1713,63.8383499608085,-21.5243468671927,63.83133316040039,-21.572172164916992,2.471392910555064,14.753198623657227
1714,64.7702827401686,-22.6530321222947,64.71940612792969,-22.76405906677246,7.7297071081862345,24.021705627441406
1715,65.4736664231566,-22.355117211899,65.43822479248047,-22.407306671142578,4.619741933148401,14.308597564697266
1716,65.4635677920995,-24.1697595563842,65.44986724853516,-24.328271865844727,7.478225304325269,41.748023986816406
1717,66.1692547167308,-23.3094103955702,66.1626968383789,-23.343338012695312,1.6898847695272574,25.781274795532227
1718,65.5539968872198,-20.6510006470918,65.7041015625,-20.777286529541016,17.66810350487405,19.848726272583008
1719,65.98109819525,-19.4280294695006,65.96559143066406,-19.448974609375,1.9678309002712793,10.0
1720,66.122567420089,-17.8749940767692,66.20962524414062,-17.775047302246094,10.671357496455474,118.7169418334961
1721,66.2982912305114,-15.7025133978349,66.27401733398438,-15.456314086914062,11.335861349210573,51.392913818359375
1722,65.7612136176313,-14.5370377788678,65.80683898925781,-14.58806324005127,5.581635895550532,120.42420196533203
1723,65.1503951792435,-13.508518004952,65.17699432373047,-13.459492683410645,3.740427200673669,68.16368865966797
1724,64.626858074267,-14.4391543871171,64.63291931152344,-14.240992546081543,9.465061447662281,10.0
1725,5.85875,125.0,5.740372657775879,125.0,13.162978066443474,2747.81103515625
1726,7.65963338931742,123.471561582891,7.726475238800049,123.5,8.066115594707925,10.0
1727,7.48319477127991,122.806701330456,7.478672981262207,122.75,6.2714311908786655,10.0
1728,6.9439960532176,122.012254180367,6.734439849853516,122.0,23.340861174944283,10.0
1729,8.11865660187833,122.739899867794,8.221638679504395,122.75,11.504935713441558,1012.1599731445312
1730,8.4945814634104,123.80639365545,8.46899127960205,124.0,21.48190799438791,1143.5343017578125
1731,8.61439973732685,124.442026002181,8.716185569763184,124.5,12.988921956124136,1221.9171142578125
1732,8.97889891036062,125.396832291643,9.210078239440918,125.25,30.343205231966365,1253.7235107421875
1733,9.41574811022652,125.913929532863,9.456768035888672,126.0,10.48518969874372,10.0
1734,8.40918616112558,126.339843042249,8.46899127960205,126.5,18.829253787733307,669.5330810546875
1735,7.07733172331417,126.499277223543,6.9826507568359375,126.5,10.52835982626203,1151.872802734375
1736,6.66915982160866,126.081950719598,6.734439849853516,126.0,11.601614965189732,485.8703308105469
1737,6.58735972894949,125.442891291139,6.734439849853516,125.5,17.52869194219688,902.1165161132812
1738,51.858722,-8.0,51.810577392578125,-7.960475921630859,6.002884039637486,26.686290740966797
1739,51.5015227529831,-9.4210822152866,51.3865966796875,-9.33655834197998,14.057881741796166,63.80189895629883
1740,52.111847583811,-10.2492458184091,52.093544006347656,-10.305027961730957,4.319535443788591,11.422799110412598
1741,52.8710656681129,-9.39776338986704,53.02834701538086,-9.38045883178711,17.527296737859086,18.49842071533203
1742,53.3457142435485,-9.89503665405493,53.21708679199219,-9.88769817352295,14.31105825054296,48.96907043457031
1743,53.9360360327088,-9.85892595717067,53.8728141784668,-10.059431076049805,14.89779704140249,15.674020767211914
1744,54.2032042017265,-9.19412969629454,54.306663513183594,-9.181839942932129,11.531832202540757,35.82603454589844
1745,54.6288700741609,-8.45186878590957,54.5916862487793,-8.591854095458984,9.917603973094536,18.808870315551758
1746,55.1507992027468,-7.72778769017704,55.185787200927734,-7.938586235046387,13.941856037469428,10.800501823425293
1747,54.0099006700591,-6.17284889585996,53.952545166015625,-6.006534576416016,12.607147814308743,24.019006729125977
1748,52.7444526350048,-6.12411320716776,52.6702880859375,-5.969880104064941,13.2657361530691,44.98401641845703
1749,52.11709946121,-7.36408655621424,52.106101989746094,-7.388198375701904,2.0509744847777136,24.668853759765625
1750,41.999111,143.258694,41.9056396484375,143.16726684570312,12.852599637101747,50.58425521850586
1751,42.4834903573473,141.265428817785,42.3673095703125,141.36740112304688,15.393097288251832,190.96934509277344
1752,41.9498939587502,140.985719263676,41.99668502807617,140.88938903808594,9.512508394485646,20.360441207885742
1753,41.837100870287,140.104887594951,41.781654357910156,139.89547729492188,18.418687758555105,1257.391845703125
1754,43.1560786848929,140.379262045434,43.1894645690918,140.2901611328125,8.12341828109907,138.872314453125
1755,43.8765151530195,141.545151183615,43.9325065612793,141.48995971679688,7.636368699684849,51.13092041015625
1756,45.4356896796996,141.829075486702,45.47484588623047,141.83956909179688,4.430243424741548,24.062807083129883
1757,44.2529278969183,143.49323611365,44.37091827392578,143.4796600341797,13.164340939154108,46.020904541015625
1758,43.9548378942489,144.813764257208,44.084144592285156,144.77493286132812,14.70970921912755,315.84771728515625
1759,43.4246775055145,145.313349081091,43.40738296508789,145.33685302734375,2.7022542089537724,10.0
1760,43.0057236376359,144.866828607818,42.858734130859375,144.87094116210938,16.347938924411768,81.11896514892578
1761,45.96875,142.0,45.97221755981445,141.78123474121094,16.911398806439284,54.16623306274414
1762,47.7112768155048,142.023484983535,47.79557418823242,142.04649353027344,9.529971031903045,10.0
1763,49.4022459735938,142.112253399189,49.40087127685547,142.0384063720703,5.345800480741631,32.199432373046875
1764,51.1706000353164,142.230617130822,51.12405014038086,141.95359802246094,20.004674669728885,61.51904296875
1765,52.6724661323057,141.85006510614,52.80799865722656,141.81121826171875,15.295774961068929,10.0
1766,53.6190715410773,142.490219041737,53.627681732177734,142.39149475097656,6.58075954823166,10.0
1767,54.3673003514025,142.652707691669,54.41842269897461,142.7024383544922,6.53298418383888,10.086568832397461
1768,53.3297385874332,143.138328034865,53.405574798583984,143.25779724121094,11.573172700369472,30.944904327392578
1769,52.4624318515304,143.160700484148,52.3267822265625,143.26266479492188,16.594619267965914,10.0
1770,51.4896412180705,143.418890836403,51.563480377197266,143.43722534179688,8.307945037126226,10.0
1771,49.9365029276768,144.00608984256,49.871055603027344,144.03518676757812,7.569894723838212,10.0
1772,48.946273356411,144.49188017506,48.93390655517578,144.45298767089844,3.1559804055309337,11.979121208190918
1773,48.5258759221269,142.783615166352,48.507179260253906,142.96792602539062,13.733874061733852,111.70600891113281
1774,46.8974883695054,143.110589878169,46.88643264770508,143.20152282714844,7.0183247752407,19.568603515625
1775,46.1239089617266,143.391176898333,46.05955505371094,143.30340576171875,9.849747236148897,59.161773681640625
1776,18.2303467291625,-72.3767912719218,18.186677932739258,-72.25,14.245693402814982,677.505126953125
1777,18.5611977514982,-73.6502762285594,18.661048889160156,-73.75,15.287674396945299,133.09390258789062
1778,18.7633379210524,-72.5238388075407,18.661048889160156,-72.75,26.395089831184304,66.56877899169922
1779,19.7170084173047,-73.4388110644863,19.605792999267578,-73.5,13.92786659842397,1680.25341796875
1780,19.711987304803,-71.8941153668304,19.841127395629883,-72.0,18.137135591982663,872.8910522460938
1781,19.7767646530576,-70.5145120579906,19.841127395629883,-70.5,7.316075661826423,601.0004272460938
1782,19.2209653916398,-69.2042568538327,19.134098052978516,-69.25,10.78797175128896,10.0
1783,18.70821842388,-68.4684002128829,18.897741317749023,-68.5,21.334895706682957,712.8839111328125
1784,18.4045319231255,-69.6016003764958,18.424028396606445,-69.75,15.805776885980933,393.58221435546875
1785,18.2724418139142,-71.0115574498849,18.186677932739258,-71.0,9.614321964196415,829.6021118164062
1786,71.998111,-120.334222,71.97367858886719,-120.24534606933594,4.089147360307971,53.46456527709961
1787,71.3179114867405,-123.45376386857,71.32427215576172,-123.53582763671875,3.0068071460383528,53.99937057495117
1788,72.5376004944629,-125.062194152439,72.5850830078125,-125.28582000732422,9.132821705712589,10.0
1789,73.9928928365333,-124.320635290887,73.9665756225586,-124.62251281738281,9.715013410872224,11.384664535522461
1790,74.2711956585181,-119.834691572037,74.27139282226562,-119.65071105957031,5.545777845016931,314.1130676269531
1791,73.8132217548053,-116.205775778723,73.8462905883789,-115.89820861816406,10.209573697866976,362.7226257324219
1792,5.997111,80.257472,5.989063739776611,80.0,28.487201269909328,70.8871841430664
1793,7.67990785090313,79.8018506575364,7.726475238800049,79.75,7.710805808247624,10.340227127075195
1794,8.5961805697262,79.9172988950531,8.716185569763184,79.75,22.72195011213019,20.098264694213867
1795,9.03442855185187,80.9228127654243,8.963215827941895,81.0,11.600241916853378,17.92949676513672
1796,7.76718218965162,81.6779223951147,7.726475238800049,81.75,9.14091219119153,39.0831413269043
1797,6.20860286707472,81.3439198503906,6.23764181137085,81.5,17.55263360397915,31.44894790649414
1798,-42.2282287284799,145.17481423838,-42.287784576416016,145.0,15.837852930997995,99.0
1799,-41.5526523550594,144.867867071921,-41.543670654296875,144.75,9.859401898883862,56.3416748046875
1800,-40.8501014201903,145.427172301815,-40.7908935546875,145.5,8.994460591782602,33.72935485839844
1801,-41.0500712616221,146.806984295105,-40.979896545410156,146.75,9.151305167716098,35.8248291015625
1802,-41.2257721459105,148.279105079689,-41.16836166381836,148.5,19.553393674914734,95.77388763427734
1803,-41.9944570481219,148.171806219787,-42.102569580078125,148.25,13.645705962392528,10.0
1804,-43.20333857803,147.972797139269,-43.205711364746094,148.0,2.2205686966613616,47.26649475097656
1805,-43.2298721289862,147.032985832915,-43.38766098022461,147.25,24.822705205126233,10.0
1806,-43.351986633318,145.988178978425,-43.38766098022461,145.75,19.6568352194165,103.96136474609375
1807,74.992306,-92.1665,74.94595336914062,-92.2596206665039,5.811770948033228,132.14385986328125
1808,76.2537936492263,-93.6728138687298,76.26323699951172,-93.40010833740234,7.279222103017336,58.7811279296875
1809,76.7963392563477,-96.6683755537751,76.82235717773438,-97.14423370361328,12.416064967843797,20.794910430908203
1810,76.3206064087005,-89.5799087037586,76.38685607910156,-89.30792236328125,10.255680815405348,102.28750610351562
1811,75.498585295737,-89.0475960057751,75.65821075439453,-88.5318374633789,22.782695188814383,10.0
1812,75.4572623508815,-85.83821227691,75.46726989746094,-86.27264404296875,12.176749013442082,18.95099449157715
1813,75.6584921552809,-81.2753393836544,75.80230712890625,-81.04872131347656,17.155340579232217,416.97491455078125
1814,74.8400815685151,-79.74922576754,74.82655334472656,-79.81333923339844,2.3961848031357684,23.228900909423828
1815,74.8582122778876,-83.3318946523495,74.63752746582031,-83.24864959716797,24.659581637440837,279.7723693847656
1816,74.519953797524,-86.1447153778508,74.47295379638672,-86.30973052978516,7.167150320818541,256.4930725097656
1817,74.8108934091348,-88.6686934985541,74.72039794921875,-88.71061706542969,10.136932266618063,102.55177307128906
1818,-55.0025,-66.724167,-55.06718444824219,-66.75,7.378567233607206,10.0
1819,-54.8963523408852,-69.3406393795197,-55.06718444824219,-70.0,46.16166941908243,10.92276668548584
1820,-54.6595056540846,-71.2689360366795,-54.779850006103516,-71.25,13.436848308921004,10.0
1821,-53.0628419201034,-68.30252748008,-53.01243209838867,-68.25,6.614673122992176,10.0
1822,-54.1921603014575,-67.0232390711343,-54.05250930786133,-67.0,15.602174627554843,19.548324584960938
1823,-54.9148825237644,-65.6831565664509,-54.92377471923828,-65.5,11.746682939510098,15.67767333984375
1824,73.999583,58.257389,73.95246887207031,58.27473831176758,5.26585484321315,70.15542602539062
1825,73.6214268416841,54.3680681258202,73.54961395263672,54.03263473510742,13.223242910712848,27.075504302978516
1826,74.1529922462616,55.5531238961803,74.28219604492188,55.26774978637695,16.759859347723804,10.0
1827,74.7827609868483,56.1747462710073,74.71588134765625,56.06837463378906,8.061281459761117,22.19690704345703
1828,75.3208982814568,57.6707823541995,75.42811584472656,57.508941650390625,12.758641753116056,45.94860076904297
1829,75.9876352510858,60.8204316998363,76.20777893066406,60.451717376708984,26.386499304148334,30.972047805786133
1830,76.5346478637884,65.6273098481038,76.54289245605469,65.38089752197266,6.443876625103548,22.995771408081055
1831,76.2486237219876,68.4640085416697,76.28868103027344,68.6777114868164,7.187166353880698,71.20120239257812
1832,75.4952184959218,62.7684395389295,75.52735900878906,62.898414611816406,5.084005162870261,10.0
1833,74.7408197654551,60.2203276713195,74.6745376586914,60.12016677856445,7.934033738448246,63.50330352783203
1834,63.437528,-81.0,63.44263458251953,-80.93133544921875,3.460835611127725,10.0
1835,64.1019365074193,-83.5261551539564,64.03997802734375,-83.35063934326172,10.967654551604587,10.0
1836,63.3171790385017,-85.6321718577228,63.28068161010742,-85.79644012451172,9.156027467257605,26.853422164916992
1837,64.060380842584,-86.2889744753662,64.13821411132812,-86.47936248779297,12.665620579623413,10.0
1838,65.2049931571492,-84.1153066249926,65.27037048339844,-84.12599182128906,7.286651261659544,87.70838165283203
1839,64.0919615980703,-81.7774495384364,64.11664581298828,-81.8001708984375,2.9582494521028937,10.0
1840,74.994611,-115.559833,74.9947280883789,-115.39750671386719,4.673292539005103,78.78021240234375
1841,75.9151340388501,-116.690763912234,75.95870971679688,-116.69834899902344,4.8497332613042206,21.484556198120117
1842,76.2672612618614,-114.028617001355,76.30362701416016,-113.72376251220703,8.996724674117749,113.28192138671875
1843,75.5701554355146,-110.33854253159,75.5762939453125,-110.3077163696289,1.0932537257304542,18.119855880737305
1844,76.4358733525424,-110.298381204784,76.50228881835938,-110.32133483886719,7.409177602433312,80.43571472167969
1845,75.9748330649513,-107.653848914548,75.97917175292969,-107.61033630371094,1.2677784256950995,10.0
1846,75.7167903500179,-105.384217119006,75.69429016113281,-105.2027587890625,5.57481922063357,91.23234558105469
1847,74.9768001396122,-108.512228638982,74.97021484375,-108.65741729736328,4.249220669257623,39.120487213134766
1848,74.5385171281235,-113.89398439022,74.43089294433594,-113.96858215332031,12.17123754805104,359.11895751953125
1849,75.1396279570128,-112.267042739416,75.1493911743164,-112.29190826416016,1.2965649694670227,23.445911407470703
1850,75.2911328228178,-114.124191873781,75.0656967163086,-114.1461410522461,25.075159362827147,149.06271362304688
1851,78.998083,-94.197028,78.97186279296875,-94.3967514038086,5.148362234280582,207.1007080078125
1852,79.3433943503912,-92.1613339549102,79.22895050048828,-93.46884155273438,29.87333048133676,150.0762481689453
1853,79.5251732304668,-95.7691559799665,79.54733276367188,-95.65666961669922,3.351363996693106,10.0
1854,80.0066793089083,-94.76448387267,80.07532501220703,-96.0174560546875,25.274773468574935,10.0
1855,80.6013766981644,-95.0547516337491,80.58433532714844,-95.87178039550781,14.969559852546663,14.437417984008789
1856,81.2230862680865,-93.5035594378707,81.14791107177734,-94.35316467285156,16.716342825264782,238.39950561523438
1857,80.4755678947889,-89.0703520055184,80.55242919921875,-89.07406616210938,8.546869934378732,500.8170166015625
1858,78.7251309289087,-88.1127741053236,78.68220520019531,-87.4442138671875,15.324298579758423,56.750396728515625
1859,78.4045504199805,-89.9182542670402,78.16293334960938,-90.1651611328125,27.438921765763922,100.82435607910156
1860,77.0,15.438222,76.91973876953125,15.225990295410156,10.392407374891588,123.45350646972656
1861,77.7134720309163,15.3595062302765,77.71686553955078,15.009132385253906,8.298124938061136,73.45352172851562
1862,78.0778600588676,14.0368052344422,78.07106018066406,13.447073936462402,13.571506889801325,315.13690185546875
1863,78.6634984707159,16.4730559007309,78.36970520019531,19.19999885559082,68.63031718510553,74.12947082519531
1864,78.9708575992492,11.3586723230151,78.92389678955078,11.228958129882812,5.908750771461102,158.486328125
1865,79.5476117795512,10.8749073647301,79.59561920166016,10.393037796020508,11.070593662553641,48.46858596801758
1866,79.2646398221338,15.5366691151407,79.85049438476562,14.98305606842041,66.09198098015732,87.98077392578125
1867,80.0430933136595,16.2197474170545,80.06238555908203,15.7796630859375,8.721077327448945,194.1771697998047
1868,79.1595347516361,18.9882420415048,79.25773620605469,19.653423309326172,17.635645991734275,10.0
1869,78.208662222396,19.0304029450994,78.19808959960938,19.28400421142578,5.883644517053757,93.0058822631836
1870,76.6441314440585,17.05998416441,76.59912872314453,17.363435745239258,9.27333694975222,58.33116912841797
1871,-0.0999421224916324,-50.3417666325242,0.4999936521053314,-50.25,67.48578364072762,10.0
1872,-0.235068466945455,-48.65377581848,-0.24999921023845673,-48.5,17.17937201687537,10.0
1873,30.999111,130.668861,30.965444564819336,130.72799682617188,6.76719438949702,91.5535888671875
1874,32.2611136821144,130.427830185331,32.3906135559082,130.46295166015625,14.773061316989473,30.658241271972656
1875,33.0078588403874,130.193362242072,32.79152297973633,130.45758056640625,34.455350207680105,36.46681594848633
1876,33.3856299613828,129.649065325621,33.37860107421875,129.69821166992188,4.629691077613471,10.0
1877,33.8200810472513,130.491062874174,33.780601501464844,130.44168090820312,6.331820484973173,10.0
1878,32.8159795425312,131.960371296989,32.80640411376953,131.95809936523438,1.0857042866387887,10.0
1879,31.4902526694461,131.391510814589,31.58715057373047,131.47244262695312,13.22569369454364,51.46917724609375
1880,21.999583,120.864139,21.9422550201416,120.99999237060547,15.391256802969798,1099.343017578125
1881,23.1305492420757,120.107282671891,23.093612670898438,119.99989318847656,11.725612395402164,29.336994171142578
1882,24.5694083937773,120.69468936546,24.682750701904297,120.7493667602539,13.761708399034543,25.81358528137207
1883,24.9543592107913,121.938624498682,24.908039093017578,121.99922180175781,7.9914478728511185,190.28329467773438
1884,23.2747083128502,121.438108606434,23.322555541992188,121.4998550415039,8.250597644659099,337.2926940917969
1885,-6.001694,151.052944,-5.989063739776611,151.25,21.837016594323817,1445.8466796875
1886,-6.13280490507974,149.4442066754,-6.23764181137085,149.5,13.188474787052558,116.55531311035156
1887,-5.45651006360868,148.427352077192,-5.491572856903076,148.5,8.936579097478162,10.0
1888,-5.40156329264753,149.954671434233,-5.491572856903076,150.0,11.195908359326355,15.842080116271973
1889,-5.53511568091936,150.595733549338,-5.242669105529785,150.5,34.20203349208606,791.2056884765625
1890,-4.53913311495964,151.631616172668,-4.495380878448486,151.5,15.379377096456107,1091.024169921875
1891,-4.33149188417142,152.359211361879,-4.246108055114746,152.25,15.387894104619772,159.65826416015625
1892,-5.56228902089435,151.858256384974,-5.740372657775879,151.75,23.14342579249123,2846.941650390625
1893,71.280861,-85.0,71.44338989257812,-84.91596984863281,18.31744807040657,10.692218780517578
1894,72.7013082981683,-89.4977886102477,72.64518737792969,-89.67127990722656,8.482416926165028,10.0
1895,73.8439826056601,-86.6510958252294,73.88368225097656,-86.77655792236328,5.8753487631539745,251.54214477539062
1896,72.6443603858488,-86.6127435786048,72.59585571289062,-86.44918823242188,7.655119368927495,285.4936218261719
1897,18.360417,108.999167,18.186677932739258,109.0,19.31912974017443,28.598648071289062
1898,19.7120748264336,109.193288865567,19.841127395629883,109.25,15.528551706495156,10.141988754272461
1899,20.0394804588638,110.248030653087,20.07611083984375,110.5,26.63171115703956,10.0
1900,19.6150233633811,110.85422010005,19.605792999267578,111.0,15.30422535243871,19.460079193115234
1901,18.6268408278568,110.215940359429,18.424028396606445,110.25,22.835861707972086,60.55829620361328
1902,71.4470212274613,-99.3126953694858,71.47222137451172,-99.51325988769531,7.624914574813145,54.966224670410156
1903,72.5697145317552,-102.227838708142,72.52314758300781,-102.36090850830078,6.81966346303507,21.367502212524414
1904,73.0250468744225,-100.416702717202,73.02464294433594,-100.51913452148438,3.325667641289113,16.853076934814453
1905,73.4639155105286,-101.525830706367,73.43617248535156,-101.57579803466797,3.467184634712046,39.0970573425293
1906,73.9326444431858,-99.8015545981257,73.96238708496094,-99.7985610961914,3.308515989322569,43.46271514892578
1907,73.3880242942568,-97.1710386033396,73.39033508300781,-97.05590057373047,3.668930977232451,138.28903198242188
1908,72.7399528448428,-96.5887073266896,72.78656005859375,-96.54801177978516,5.353150915987512,141.906982421875
1909,70.737083,53.9975,70.73601531982422,54.07707977294922,2.921766642994802,10.0
1910,71.1999060274748,53.5513069908109,71.11138916015625,53.21242904663086,15.652848414098935,10.0
1911,71.520624997326,51.639210808032,71.49102020263672,51.499210357666016,5.9347637460251885,61.365238189697266
1912,72.621527305417,52.7338556081656,72.60999298095703,52.346214294433594,12.942166410181787,25.832477569580078
1913,72.2455969260252,55.3969408353097,72.2723388671875,55.65984344482422,9.391080150631733,30.085309982299805
1914,70.8214741202849,57.2994352237343,70.88190460205078,57.20750045776367,7.509761669224517,44.82956314086914
1915,48.999556,-125.672556,49.06753158569336,-125.7725601196289,10.501531311493622,23.493127822875977
1916,49.4977067068434,-126.285948823838,49.34230422973633,-126.22350311279297,17.86058529211744,10.0
1917,50.1824829913799,-127.440568453684,50.04364013671875,-127.58177185058594,18.431787138760765,10.0
1918,50.8051343701353,-128.315579786682,50.83281326293945,-128.42164611816406,8.061784419061098,11.863785743713379
1919,49.2045946973939,-124.003365985587,49.223018646240234,-124.05118560791016,4.0326113218002995,10.0
1920,48.3652076097299,-123.512116068316,48.32187271118164,-123.42352294921875,8.129647391265621,144.7277374267578
1921,49.0298637661697,-124.854093301576,48.91716003417969,-125.30428314208984,35.16768396816886,27.84219741821289
1922,-10.277917,124.0,-10.441716194152832,124.0,18.213664536012104,950.196044921875
1923,-9.52083271981103,123.788530938899,-9.456768035888672,123.75,8.282778723937065,941.4966430664062
1924,-8.61862370280406,125.251530667436,-8.46899127960205,125.25,16.6392406124042,3142.7099609375
1925,-8.33736346120536,126.98547347984,-8.221638679504395,127.0,12.96692405402744,2857.320556640625
1926,-9.07565788052529,126.048247341442,-9.210078239440918,126.0,15.857628921142783,801.2787475585938
1927,-10.0065476411901,124.600927452717,-9.949613571166992,124.75,17.509931662373944,410.7864074707031
1928,36.701222,14.999167,36.651119232177734,14.880621910095215,11.950101017262831,41.70415115356445
1929,37.5168114292118,13.0964884299773,37.42930221557617,13.155394554138184,11.032123967762809,32.6953239440918
1930,38.2255550550892,13.3096878447486,38.1513786315918,13.436104774475098,13.78765827302339,249.724365234375
1931,38.2617491578173,15.2403758089491,38.281307220458984,15.19686508178711,4.376900435761372,392.8860778808594
1932,73.397306340754,-95.5864460097812,73.45272064208984,-95.74618530273438,7.97762168152615,88.32049560546875
1933,74.1634818492347,-93.2796027149446,74.1756362915039,-93.43701171875,4.962288840817757,24.653785705566406
1934,73.2494691886667,-91.3972273574216,73.18714904785156,-91.15476989746094,10.421714314700695,252.3887481689453
1935,72.5559717943617,-93.566832720421,72.60669708251953,-93.42559814453125,7.3427050550704385,32.47332763671875
1936,38.997444,8.451222,39.01813507080078,8.458309173583984,2.3808454367996306,10.0
1937,40.1459790533821,8.45191970458323,40.10761260986328,8.26386547088623,16.548110790721186,99.17259216308594
1938,41.1413285220233,9.04719540344756,41.14864730834961,8.832361221313477,18.007560362746005,100.1202163696289
1939,40.3139028066831,9.67235818901366,40.23362731933594,9.779764175415039,12.755704897482962,814.4977416992188
1940,39.2007559380587,9.08848138443788,38.99644470214844,9.210489273071289,25.039499218043296,312.14190673828125
1941,74.845028,137.993778,74.84436798095703,137.67506408691406,9.26542885241646,16.964038848876953
1942,75.869404753738,137.51640502119,75.8332290649414,137.35321044921875,5.98801587913186,11.807283401489258
1943,75.6052457141222,140.568608092154,75.7687759399414,140.6610870361328,18.360598485225854,10.0
1944,75.764254132621,144.15493210641,75.82844543457031,144.20510864257812,7.267857308784589,10.0
1945,74.8913698869775,142.982016899238,74.87174987792969,143.10487365722656,4.177876368951662,10.0
1946,32.983306,132.998694,33.01925277709961,133.20578002929688,19.72105788595923,103.92069244384766
1947,33.2661822510917,134.186301668393,33.229740142822266,134.2033233642578,4.3503747013210905,211.7838897705078
1948,-0.303,128.0,-0.24999921023845673,128.0,5.893427069975413,80.00074005126953
1949,1.12276730697147,127.414231876312,0.9999492168426514,127.25,22.80099188639472,1063.0364990234375
1950,1.84179106980783,127.851345379621,1.7497279644012451,128.0,19.435966950663865,26.189096450805664
1951,0.991620300196603,128.562881009687,0.9999492168426514,128.75,20.82417346965204,592.2716064453125
1952,0.320483321366745,128.639962958068,0.24999921023845673,128.75,14.53037595645465,457.0179443359375
1953,-3.07125,127.999139,-2.9986300468444824,128.0,8.075547459167177,202.37045288085938
1954,-2.78349200485761,129.375141262319,-2.7489447593688965,129.5,14.389737204740944,366.0401306152344
1955,-3.48284651232489,130.83197116023,-3.4978253841400146,131.0,18.723551845576697,460.3216247558594
1956,-3.29927910329765,129.598295484296,-3.4978253841400146,129.5,24.626299732017806,892.6922607421875
1957,-22.343167,167.0,-22.406063079833984,167.0,6.993734643514514,81.42131042480469
1958,-21.904554724435,165.869401638395,-21.943044662475586,165.75,13.03912361837021,312.3892517089844
1959,-20.9655828835891,164.66152922013,-21.01249885559082,164.5,17.562219979855218,430.2083435058594
1960,-20.2484817003047,164.34285473799,-20.310745239257812,164.25,11.905126771902225,10.0
1961,-21.2726243811126,165.623868525436,-21.245691299438477,165.75,13.409487459244767,31.935354232788086
1962,74.987444,-100.016583,74.97669982910156,-99.92323303222656,2.943085974423282,10.0
1963,75.6772543967643,-99.8482699254174,75.63578033447266,-100.0779800415039,7.829984109022446,11.92742919921875
1964,76.0936496153113,-100.659320298178,76.42318725585938,-100.9109115600586,37.24060152774356,13.834006309509277
1965,75.4641513900429,-97.9371411633215,75.41963958740234,-97.8555908203125,5.449118799587336,10.0
1966,77.438694,-117.0,77.39887237548828,-117.08395385742188,4.872551594672493,10.0
1967,76.5506476211233,-116.949426693052,76.54700469970703,-116.560546875,10.066832786219372,57.50937271118164
1968,76.2717704282585,-118.949200314336,76.31519317626953,-118.6493911743164,9.258020455167715,10.0
1969,76.2066364048127,-120.85575807637,75.93354034423828,-120.9197006225586,30.415134500645166,10.0
1970,-9.095083,116.999583,-9.210078239440918,117.0,12.786986820004566,1669.9498291015625
1971,-8.47335025962251,117.579508113363,-8.46899127960205,117.75,18.75729415977943,187.6407470703125
1972,-8.31171894852824,118.874262933223,-8.221638679504395,118.75,16.95005231238613,1510.8773193359375
1973,-8.80655029284801,118.747992995666,-8.963215827941895,118.75,17.42183207002285,1321.975830078125
1974,78.977083,95.989833,78.93811798095703,95.91515350341797,4.615425993621616,44.669551849365234
1975,79.7802669437944,94.4749422687472,79.61895751953125,93.35896301269531,28.53104104836258,51.72792053222656
1976,80.0513166440374,98.7509344379753,80.07100677490234,98.77055358886719,2.2215864682594963,15.249210357666016
1977,78.7805935642041,99.1648451788916,78.79330444335938,98.92529296875,5.36914443809245,21.36810874938965
1978,79.944556,27.0,80.02177429199219,27.551727294921875,13.696394703201996,93.86614990234375
1979,80.470493125149,19.752025493941,80.47581481933594,20.033824920654297,5.219843605608555,10.0
1980,80.4479587698168,23.1583463492021,80.47525024414062,23.60093879699707,8.70149555348996,59.752017974853516
1981,-8.337917,123.0,-8.221638679504395,123.0,12.929577176929154,414.032470703125
1982,-8.88934996633134,121.635198913796,-8.963215827941895,121.75,15.049649992154137,2146.454345703125
1983,-8.8015803985358,120.064339863983,-8.963215827941895,120.0,19.313062645934888,645.4007568359375
1984,-8.34458072648469,120.780217542684,-8.221638679504395,120.75,14.069098056040351,2220.5478515625
1985,-8.62022313422525,122.312348807915,-8.46899127960205,122.25,18.160110190511926,609.33642578125
1986,68.917167,-99.005889,68.84142303466797,-99.12512969970703,9.683080276060716,10.0
1987,69.5458889653143,-98.3617151712515,69.64566802978516,-98.39224243164062,11.157879583830491,20.3843994140625
1988,69.3412116465918,-96.257727243082,69.3786849975586,-96.18600463867188,5.026493791974218,10.0
1989,68.5619344643438,-96.0935573093635,68.53521728515625,-96.02830505371094,3.9833245076814046,10.0
1990,9.999583,123.215861,10.195759773254395,122.75,55.468432964831685,26.0
1991,9.41565628043296,122.637053457277,9.456768035888672,122.5,15.713140323696111,881.5967407226562
1992,10.6996526820054,122.947350761953,10.441716194152832,122.75,35.8882490834951,10.0
1993,11.268722,125.0,10.9330415725708,125.25,46.2315187636566,10.0
1994,12.4491832982975,124.316887828051,12.40200424194336,124.25,8.959801621028863,10.0
1995,-8.393806,138.0,-8.46899127960205,138.0,8.360233197730736,10.0
1996,-7.44810023733648,138.436478642303,-7.478672981262207,138.25,20.838996534170693,10.0
1997,-8.36047072331836,138.491544959174,-8.46899127960205,138.5,12.102739354205422,10.0
1998,-3.001361,106.691694,-3.248258590698242,106.75,28.206731941826757,18.0
1999,-2.13546620483465,105.709259869014,,,,
2000,-1.67328005877963,105.701253114031,-1.4998286962509155,105.75,20.0335799552156,10.0
2001,-2.36546151966964,106.26767527598,-2.2494218349456787,106.25,13.051629903233025,10.0
2002,8.90688182055475,117.504327348216,8.963215827941895,117.5,6.282073900810922,26.75769805908203
2003,10.1295585687138,118.756025468728,10.195759773254395,118.75,7.390730932104274,10.0
2004,10.9238114266691,119.254085238062,10.9330415725708,119.25,1.1190718863997053,10.0
2005,10.440417,121.996667,10.441716194152832,122.0,0.3920624760964032,73.94889831542969
2006,11.8998864699445,121.88265140375,11.913220405578613,121.75,14.508795387041381,671.72265625
2007,11.5780644662385,123.117220284238,11.668495178222656,123.0,16.251433815049257,10.0
2008,77.904667,-99.0,77.88867950439453,-98.9731674194336,1.8845953670242923,37.43899917602539
2009,78.43069030944,-104.767254969218,78.32794952392578,-104.98957824707031,12.462352763576407,233.175537109375
2010,78.9194930458462,-104.824570868757,78.91273498535156,-105.28234100341797,9.814449190511388,229.4196319580078
2011,79.068903202465,-101.728758856285,79.05247497558594,-101.6293716430664,2.781232166965161,10.0
2012,77.994972,100.324944,77.95879364013672,100.76879119873047,11.039694307607931,99.67228698730469
2013,79.0206067422271,101.195343927004,78.98685455322266,100.8331069946289,8.550670849513258,148.6434326171875
2014,78.2216846018498,103.19159165305,78.17512512207031,103.37980651855469,6.717500248981762,64.4015884399414
2015,72.998944,-80.132778,73.02371978759766,-80.28594970703125,5.688111650910952,201.54058837890625
2016,73.6408126275404,-77.9522575223683,73.69959259033203,-77.73016357421875,9.535893183760225,1009.5208129882812
2017,72.8679179511145,-78.4478894168498,72.82707214355469,-78.51583862304688,5.059013805154991,437.13739013671875
2018,17.84375,-77.0,17.711013793945312,-77.0,14.759613082145632,10.0
2019,18.2805369129336,-78.3522503729056,18.186677932739258,-78.25,15.017952784486559,166.15768432617188
2020,18.247470767326,-76.6875986138694,18.424028396606445,-76.75,20.70772701235886,2575.542724609375
2021,-10.049583,120.0,-10.195759773254395,120.0,16.254138030301423,242.8826904296875
2022,-9.36749230463461,119.442743525588,-9.210078239440918,119.5,18.59721632412886,785.6173095703125
2023,-10.0163850882455,120.814456990333,-9.949613571166992,121.0,21.63310289744861,442.7414855957031
2024,45.998333,-59.846306,45.95095443725586,-59.757476806640625,8.653120977281349,13.771522521972656
2025,45.8531628558282,-61.5049476775999,45.875030517578125,-61.51360321044922,2.5222516531556423,10.0
2026,46.8666856022757,-60.3280221118998,46.914066314697266,-60.353519439697266,5.61348500078154,40.32780075073242
2027,-17.9002488686113,177.302165642387,-17.711013793945312,177.25,21.75468840009038,20.0
2028,-17.6086380278137,178.515683621747,-17.472705841064453,178.5,15.206183504632492,501.621826171875
2029,18.998167,-155.786889,18.897741317749023,-155.75,11.821579006911996,979.3106079101562
2030,20.1303980680835,-155.545824669508,20.310745239257812,-155.5,20.615861326605067,1248.6744384765625
2031,12.996639,120.760417,12.889873504638672,120.75,11.92535003721947,17.643064498901367
2032,67.988556,-75.111944,67.95089721679688,-75.07325744628906,4.487597583370759,10.0
2033,67.7149706855303,-77.2696716488927,67.72431945800781,-77.35091400146484,3.579326301544137,11.641063690185547
2034,56.9995,-154.138389,56.859989166259766,-154.19371032714844,15.871914768733465,10.0
2035,57.4725702077154,-154.61897300045,57.47759246826172,-154.7713623046875,9.12782209623488,73.49058532714844
2036,57.6379803880083,-153.694212241776,57.68874740600586,-154.15806579589844,28.160365378540607,48.755863189697266
2037,57.4738845530425,-152.641493376259,57.359432220458984,-152.42015075683594,18.37500585242416,60.86741638183594
2038,34.567861,32.998194,34.47296142578125,33.07526397705078,12.696781567846099,1469.9564208984375
2039,35.3996021197009,32.9984964112236,35.36625289916992,33.09807205200195,9.75924229415631,46.75853729248047
2040,35.4340512772671,34.181844296679,35.3475227355957,34.096893310546875,12.323745179110515,56.02202606201172
2041,52.880417,-132.000528,52.70301055908203,-132.15809631347656,22.391939942243045,391.20428466796875
2042,52.161110276603,-131.274597887524,52.14781951904297,-131.31640625,3.212387519575386,10.0
2043,53.3455325756185,-132.489540077841,53.351478576660156,-132.71771240234375,15.159921148941317,10.0
2044,54.1392312007922,-132.73446777267,54.17080307006836,-132.71649169921875,3.700631770196003,52.31074523925781
2045,80.7350965569646,92.6945458802023,80.73145294189453,92.90785217285156,3.840850083468433,10.0
2046,80.7989163859146,97.4478778989452,80.7819595336914,97.68791961669922,4.669466735252976,10.0
2047,-43.381694,-74.002056,-43.38766098022461,-74.0,0.6839856249326969,10.0
2048,-42.0707169124417,-74.0094644933749,-42.102569580078125,-74.25,20.162852652721437,115.91102600097656
2049,-42.3582060175218,-73.4766476826431,-42.47245788574219,-73.5,12.848071353987361,12.499105453491211
2050,42.4933434392294,8.68709674282228,42.53779602050781,8.686705589294434,4.943012308449326,33.9500732421875
2051,42.1937044522239,9.54358368946381,42.151458740234375,9.66374683380127,10.960289453078891,317.74554443359375
2052,17.977083,-66.0,17.949007034301758,-66.0,3.1219092584498336,137.5049591064453
2053,18.4591357339169,-67.1612170354471,18.424028396606445,-67.25,10.146299973534738,603.0137939453125
2054,-5.87747767275367,155.222226005084,-5.740372657775879,155.25,15.551925984400233,913.7662963867188
2055,-6.86302854031148,155.614086772986,-6.9826507568359375,155.5,18.3172310100992,43.112693786621094
2056,69.55375,-52.0,69.51337432861328,-51.82500457763672,8.151624203806616,214.36056518554688
2057,69.5168086348972,-53.8136704479804,69.42566680908203,-54.587501525878906,31.830660347715188,100.86434173583984
2058,70.1402323200347,-54.8004043388451,70.16587829589844,-55.08158493041992,10.991412967145617,99.1488265991211
2059,-3.289583,125.998361,-3.248258590698242,126.0,4.598672000574963,147.15748596191406
2060,-3.41755166605946,127.256906709598,-3.4978253841400146,127.25,8.958900686178314,95.75153350830078
2061,34.999139,24.745417,34.9795036315918,24.58890724182129,14.423862040925249,368.5643005371094
2062,35.6511144887876,23.7344830367926,35.726661682128906,23.85973358154297,14.08977027350201,413.01220703125
2063,35.3222931242921,25.2153398938968,35.5201301574707,25.10394859313965,24.20363027734782,533.883056640625
2064,35.0324720852539,25.9113419882453,34.95777130126953,25.838563919067383,10.627558552316916,1090.3553466796875
2065,49.076278,-62.0,49.0637092590332,-61.875858306884766,9.15082277787168,10.0
2066,49.8345729904321,-64.3876010342112,49.813968658447266,-64.51868438720703,9.678445515854893,29.768959045410156
2067,70.818694,178.997472,70.74021911621094,178.96719360351562,8.796131189589751,26.969722747802734
2068,71.3605778935981,-177.787097359939,71.40385437011719,-177.71795654296875,5.4019409254137685,14.306975364685059
2069,54.998722,11.919917,55.037227630615234,11.686685562133789,15.472770945352586,10.795882225036621
2070,55.9663015468805,11.5048320892301,56.05255126953125,11.584839820861816,10.803493866285063,18.153076171875
2071,-6.001667,134.298806,-5.989063739776611,134.25,5.576276789824205,10.0
2072,75.009306,-96.374639,74.95248413085938,-96.61312866210938,9.335257387979473,68.71782684326172
2073,-4.097917,153.0,-3.9967546463012695,153.0,11.24875603614339,888.53466796875
2074,-2.93467638487378,151.220145398846,-2.7489447593688965,151.25,20.916897733535937,620.4756469726562
2075,10.999194,124.400417,10.9330415725708,124.5,13.125758187698308,22.527359008789062
2076,10.1313524000859,125.006078904689,9.949613571166992,125.0,20.219421753346147,762.20556640625
2077,54.997528,-132.425833,54.99725341796875,-131.94850158691406,30.445598117679186,99.86840057373047
2078,55.3719980054618,-133.220330197004,55.30299758911133,-133.5487823486328,22.143409344211694,118.69304656982422
2079,56.2436574517258,-133.636330213794,56.226016998291016,-133.668212890625,2.7802925000975636,16.933040618896484
2080,-49.717417,68.999639,-49.73710250854492,69.0,2.18908549872632,55.5700798034668
2081,-48.6920178355365,69.0771108777606,-48.757957458496094,69.0,9.260347115511253,27.44234848022461
2082,-49.1994232904624,69.9144467416907,-49.08649826049805,70.0,14.014254941402404,23.961669921875
2083,-49.6232223653715,69.6840170598751,-49.73710250854492,69.75,13.523582576470123,73.34900665283203
2084,-52.1088307375204,-59.6789163766457,-52.10050582885742,-59.75,4.94235677221654,10.0
2085,-51.6121172278247,-57.8711678768309,-51.63741683959961,-57.75,8.824738438741214,10.0
2086,-49.6696366097894,-74.9919991423082,-49.898406982421875,-75.0,25.444624681117023,10.0
2087,74.999167,147.146167,74.9348373413086,146.91270446777344,9.823706760015364,10.0
2088,75.2368692502552,149.155861963455,75.26811218261719,149.4348602294922,8.627619215898383,10.0
2089,45.997056,-62.892583,45.98346710205078,-62.78145217895508,8.717495141129518,10.0
2090,46.5604593409197,-63.8545546012192,46.595603942871094,-63.59589385986328,20.15241235522542,12.91015625
2091,46.4694936230324,-62.5863922226564,46.482479095458984,-62.577972412109375,1.581331812177746,10.0
2092,-11.355444,130.999139,-11.178401947021484,131.0,19.68642919870009,15.591766357421875
2093,-11.5889569397107,131.391798080378,-11.668495178222656,131.5,14.734209037050897,16.329132080078125
2094,-11.2544589134315,130.525292249401,-11.178401947021484,130.5,8.895714898092807,15.295883178710938
2095,-16.147917,180.0,-16.036428451538086,180.0,12.396978091342463,715.9165649414062
2096,-16.7220577027491,179.885776472327,-16.755922317504883,179.75,14.94026538194728,191.15536499023438
2097,-16.9299621606962,178.636545223789,-16.99515724182129,178.75,14.076949716787865,10.0
2098,62.8545,-83.001611,62.93605041503906,-83.00684356689453,9.071879015042112,10.0
2099,62.1856233935381,-83.592189759747,62.18907165527344,-83.47195434570312,6.249780059802299,12.665153503417969
2100,-8.174583,115.0,-7.974132061004639,115.0,22.28915824447631,867.2083129882812
2101,-8.74630496755252,115.126185679714,-8.716185569763184,115.25,14.014070694346904,10.0
2102,57.54875,-135.0,57.12723922729492,-134.48953247070312,55.99232631695528,11.538986206054688
2103,57.4768696409901,-135.874199508201,57.46992874145508,-136.06419372558594,11.385674420659285,18.97797203063965
2104,58.0483264639551,-134.988436046527,,,,
2105,-9.428722,159.995861,-9.210078239440918,160.0,24.316352100748517,566.9677124023438
2106,77.882444,-96.0,77.84255981445312,-95.94957733154297,4.588930753437026,53.2012939453125
2107,78.8144288838352,-98.118938250027,78.8407974243164,-98.03599548339844,3.4337149517801917,69.62919616699219
2108,73.203722,143.0,73.1541748046875,143.109130859375,6.533371960755029,10.0
2109,73.8794050041762,141.616391751198,73.98686218261719,141.51300048828125,12.365084674845953,10.0
2110,77.920139,-110.0,77.93470001220703,-109.70628356933594,7.020081024110934,36.855648040771484
2111,77.8521912280806,-113.173831500702,77.94805145263672,-113.37800598144531,11.673285925769028,64.72914123535156
2112,77.62375,24.0,77.57601165771484,23.98059844970703,5.328445500933184,10.0
2113,77.8960258965544,21.5400697676004,77.9178466796875,21.065752029418945,11.312651772574958,23.59239387512207
2114,68.728722,48.994972,68.69436645507812,48.859867095947266,6.659059499066162,10.0
2115,69.2645270295004,50.1313827312425,69.23047637939453,50.23275375366211,5.503447290599073,10.0
2116,62.991639,-169.54925,62.96231460571289,-169.5181884765625,3.618695109003395,15.51739501953125
2117,63.7204565915981,-171.59343410103,63.824832916259766,-171.60348510742188,11.616638643227256,23.01546859741211
2118,10.134861,-61.002,9.949613571166992,-61.0,20.599766678603228,49.95362854003906
2119,10.6323866060646,-61.4983150741038,10.687479019165039,-61.5,6.128771642183084,12.702624320983887
2120,-1.000833,-91.059611,-0.9999492168426514,-91.0,6.6281681488040585,56.657100677490234
2121,-0.0256107286197351,-91.4529688164436,0.24999921023845673,-91.5,31.089467925078722,2626.998291015625
2122,-8.746278,116.0,-8.716185569763184,116.0,3.346130194604792,10.0
2123,-8.88938707986757,116.562850976072,-8.963215827941895,116.5,10.72662187103183,96.095703125
2124,-3.250806,107.994556,-3.248258590698242,108.0,0.6674595411587204,10.0
2125,-2.59321553176787,107.996205144134,-2.499207019805908,108.0,10.461780615881938,10.095157623291016
2126,-52.0620579052739,-60.8341565111285,-52.10050582885742,-61.0,12.112357178122508,13.46177864074707
2127,-51.6893964405039,-60.3993799905278,-51.63741683959961,-60.5,9.031620334941683,10.0
2128,72.994806,-105.04675,72.95452880859375,-105.00654602050781,4.665982282907053,32.92774963378906
2129,73.6601601969463,-104.804432546236,73.72364807128906,-104.81857299804688,7.0733325468875545,68.29647064208984
2130,-4.83969315058241,123.008754000291,-4.744568347930908,123.25,28.74821130245512,282.8146057128906
2131,-5.65715173289851,122.631711071652,-5.740372657775879,122.75,16.029080161563765,398.7043151855469
2132,-7.002111,112.766694,-6.734439849853516,112.75,29.8207186586103,20.908790588378906
2133,-7.13335723103359,113.847813091399,-7.230730056762695,113.75,15.28652182457349,10.0
2134,10.4462711236636,123.673853955655,10.687479019165039,123.75,28.082970659261118,225.8193359375
2135,-36.019694,137.0,-36.094486236572266,137.0,8.316528746498392,28.333101272583008
2136,-55.4800263245723,-68.0520420777081,-55.494346618652344,-68.0,3.6449728327478046,10.0
2137,59.999667,-165.643833,60.077388763427734,-165.62747192382812,8.689906394554598,10.0
2138,60.237607973761,-166.81905241498,60.32916259765625,-166.95556640625,12.65948011246863,21.02286148071289
2139,56.1786516507294,-134.666207712828,56.13488006591797,-134.6943359375,5.169496620486133,138.72799682617188
2140,54.62875,-164.001639,54.608882904052734,-163.79815673828125,13.285834375975089,28.063892364501953
2141,55.0423220357483,-163.460932923404,55.04127502441406,-163.44451904296875,1.0522284538854931,10.0
2142,0.996778,97.392361,0.9999492168426514,97.25,15.83136734711968,53.0
2143,0.89110101549941,97.8943912681761,0.9999492168426514,98.0,16.862870372599673,65.9360122680664
2144,-15.000778,166.592472,-15.073066711425781,166.5,12.775901360396391,972.5642700195312
2145,-15.2718887879846,167.177523720242,-15.314327239990234,167.25,9.093831614209419,450.6372985839844
2146,-9.259639,160.995861,-9.456768035888672,161.0,21.92448235370283,1126.8428955078125
2147,-8.63532345534932,161.001311922455,-8.716185569763184,161.0,8.992625686438442,100.38658905029297
2148,-1.003389,98.942889,-0.9999492168426514,99.0,6.361001670503079,148.13929748535156
2149,-54.090444,-73.0,-54.199012756347656,-73.0,12.072311572932644,10.0
2150,-8.071278,159.0,-8.221638679504395,159.0,16.719367821459787,1493.98583984375
2151,9.603722,124.0,9.456768035888672,124.0,16.340557829994847,1441.146728515625
2152,9.74988551937993,124.519294598029,9.70328140258789,124.5,5.596989940399452,892.574462890625
2153,37.998722,24.393278,38.00292205810547,24.449790954589844,4.973749425804198,10.0
2154,39.317917,3.0,39.167537689208984,2.9385623931884766,17.53851961389785,21.76063346862793
2155,39.8276941913842,3.16668902914593,39.90043640136719,3.2230989933013916,9.413032019905684,51.97585678100586
2156,12.325389,53.998333,12.157724380493164,54.0,18.64436084760622,51.753353118896484
2157,-54.802917,-36.0,-54.92377471923828,-36.0,13.43878378754227,39.250213623046875
2158,-54.1643888418452,-37.5100362556134,-54.199012756347656,-37.5,3.905009251151822,18.459251403808594
2159,-54.1249518130895,-36.6412988407231,-54.05250930786133,-36.75,10.730656766896452,59.083412170410156
2160,24.7540304969342,-78.2659658766339,24.914777755737305,-78.25039672851562,17.94322071540213,10.0
2161,24.4664257205397,-77.7346790620279,24.463193893432617,-77.5002670288086,23.727916489275035,1642.586669921875
2162,72.464556,-24.002556,72.15194702148438,-22.816940307617188,53.04006585372215,345.5582275390625
2163,69.717861,60.0,69.64696502685547,60.06290817260742,8.248968514219817,10.0
2164,70.399578413092,59.2310239566482,70.40363311767578,59.415748596191406,6.904524618750603,84.3238754272461
2165,-10.797083,162.0,-10.9330415725708,162.0,15.117924385446743,1282.8890380859375
2166,-8.001667,131.131278,-7.974132061004639,131.0,14.776517479236134,79.7133560180664
2167,-7.40338365604291,131.657894958389,-7.478672981262207,131.75,13.161261122483259,128.92852783203125
2168,11.797917,124.0,11.913220405578613,124.0,12.821171434513408,10.0
2169,12.3900183114314,123.271489840045,12.646055221557617,123.25,28.565454741918533,594.3778076171875
2170,44.473694,146.996528,44.355953216552734,147.03842163085938,13.508418796233933,153.9129638671875
2171,45.3657474106997,147.96024346253,45.441802978515625,147.96331787109375,8.460410345437651,117.45771789550781
2172,61.727917,-80.0,61.74164581298828,-80.16864013671875,9.010314930921844,10.0
2173,-0.344611,131.0,-0.4999936521053314,131.0,17.277786467751454,413.98150634765625
2174,-0.302433209039565,130.523739494442,-0.4999936521053314,130.5,22.12577132506539,23.46319007873535
2175,40.6258423672393,-73.7626902022168,40.560203552246094,-73.68805694580078,9.642773917674848,11.792576789855957
2176,-7.0717083590318,157.120488529959,-6.9826507568359375,157.25,17.388232506465663,731.6282958984375
2177,56.996667,18.19575,56.926849365234375,18.203664779663086,7.778191184578337,10.0
2178,57.7409252076339,18.8079336637776,57.731483459472656,19.008115768432617,11.928686016292147,10.0
2179,55.0718653003163,10.3732964606902,54.93939208984375,10.28035831451416,15.877939074385395,14.39440631866455
2180,52.999833,-82.037722,53.165679931640625,-81.96412658691406,19.085221219715606,10.0
2181,-4.83216257557937,122.319643576211,-4.99366569519043,122.25,19.545649755555846,26.39811897277832
2182,-2.002556,124.392083,-1.99959397315979,124.5,11.997043592956269,31.743860244750977
2183,-1.89186159951764,125.105022946266,-1.99959397315979,125.0,16.724924872299514,1584.8463134765625
2184,56.996667,-133.979194,56.95597839355469,-134.076904296875,7.451894461848097,26.49887466430664
2185,78.3510244751289,-111.252663662038,78.29813385009766,-111.06980895996094,7.177632509181422,31.272424697875977
2186,53.479028,-167.0,53.40018081665039,-166.90774536132812,10.686732497437355,26.8530330657959
2187,53.8490106276444,-166.32139319232,53.8380012512207,-166.31198120117188,1.3710955379839098,22.3284854888916
2188,80.17375,46.990056,80.17267608642578,46.939247131347656,0.9716007981694751,102.25152587890625
2189,80.9102737332467,50.3511955561871,80.92160034179688,50.31026077270508,1.4500683436622654,11.860158920288086
2190,57.943583,22.0,57.93039321899414,22.026836395263672,2.158797174122557,10.0
2191,52.7002421823526,-128.785588207202,52.7822151184082,-129.2183074951172,30.52304791962546,14.532827377319336
2192,-8.001667,125.811222,-7.974132061004639,126.0,21.011785783577846,1695.019287109375
2193,-7.92307797987413,126.499183349069,-7.974132061004639,126.5,5.677674984475088,624.4642944335938
2194,-1.159611,135.999167,-1.2499008178710938,136.0,10.040210618721936,500.826416015625
2195,-0.710451096222254,135.710082119312,-0.4999936521053314,135.75,23.819012305143758,1937.050537109375
2196,-1.504583,127.999167,-1.7497279644012451,128.0,27.259071228100073,581.6651000976562
2197,-21.001222,55.265806,-21.01249885559082,55.25,2.0650338609531027,60.01386260986328
2198,73.092056,-23.0,73.10155487060547,-22.805309295654297,6.382465224490005,88.38770294189453
2199,-1.520417,122.998361,-1.7497279644012451,123.0,25.498901856952042,184.0113983154297
2200,-1.47824127759513,123.474947778924,-1.4998286962509155,123.5,3.676518019313018,10.0
2201,-14.000861,136.412917,-14.10532283782959,136.25,21.065305359456833,10.0
2202,-14.2034813052227,136.831099178864,-14.10532283782959,136.75,13.985346662497388,10.0
2203,-1.817944,135.9925,-1.99959397315979,136.0,20.215773326959308,920.1343994140625
2204,-1.71493464751614,136.543493926266,-1.7497279644012451,136.75,23.275752043133956,11.0543794631958
2205,21.465417,-83.0,21.245615005493164,-83.0,24.44090041467796,3571.73291015625
2206,60.357111,-165.000556,60.3100471496582,-164.984375,5.30849842890111,10.0
2207,57.960417,-7.0,57.923397064208984,-7.051949501037598,5.132811254280409,10.0
2208,58.244416765116,-6.22051863444388,58.3108024597168,-6.0991106033325195,10.240938583463866,64.19559478759766
2209,0.0170009287674461,-49.9013100916275,0.24999921023845673,-49.75,30.89198399902241,10.0
2210,-8.16852728035103,124.898193318044,-7.974132061004639,125.0,24.348870382743108,4058.22607421875
2211,-4.001722,116.04875,-3.9967546463012695,116.0,5.435696434815938,10.0
2212,80.39875,59.98,80.36856842041016,60.168392181396484,4.848592910056909,26.763946533203125
2213,-2.0075,130.292944,-1.99959397315979,130.5,23.0263210640012,10.0
2214,-8.26650187671272,157.482329960317,-8.46899127960205,157.5,22.599583074648113,532.0861206054688
2215,-16.000833,167.367056,-16.036428451538086,167.5,14.74971950751395,516.67626953125
2216,27.99875,-16.692472,28.059099197387695,-16.7480525970459,8.648277944440139,10.0
2217,50.381278,155.998389,50.24855041503906,155.99290466308594,14.763791105403607,32.237709045410156
2218,73.110444,71.0,73.05741119384766,70.96925354003906,5.980305559987171,10.0
2219,58.989167,163.909139,59.095462799072266,163.90213012695312,11.826366949290225,10.0
2220,58.4784315536198,163.45569977266,58.46220016479492,163.40818786621094,3.300033287058361,13.097916603088379
2221,3.355778,8.419528,3.4978253841400146,8.5,18.145613687879948,116.16275787353516
2222,-2.202083,147.0,-2.2494218349456787,147.0,5.263845549946714,66.34751892089844
2223,20.698167,-156.000583,20.778940200805664,-156.0,8.981787158088048,236.3645477294922
2224,57.998444,-152.871972,57.93949890136719,-152.7230987548828,10.956562194116577,16.960159301757812
2225,58.3585327618092,-152.129347036631,58.395816802978516,-151.9954071044922,8.841288204963847,35.82471466064453
2226,54.854194,137.999111,54.81754684448242,138.22119140625,14.794204307941843,20.30132293701172
2227,-20.000833,57.54125,-20.07611083984375,57.5,9.414576498071378,67.61617279052734
2228,-0.477556,127.282861,-0.4999936521053314,127.25,4.424411521733189,10.0
2229,55.899083,-80.0,55.93488693237305,-79.962646484375,4.61171191166188,11.635112762451172
2230,56.5697423559856,-79.2753514763066,56.59719467163086,-79.2608642578125,3.1788666013479516,10.0
2231,33.290833,126.16125,33.14202117919922,126.20059967041016,16.94720185476323,133.22415161132812
2232,52.90675,-168.756111,52.86219024658203,-168.82122802734375,6.606078624616296,25.237152099609375
2233,53.326308849279,-168.007089520842,53.140724182128906,-167.9962158203125,20.648788417541315,61.36157989501953
2234,80.685389,62.989917,80.5870361328125,63.281551361083984,12.142525878053165,51.09003448486328
2235,2.787889,95.999167,2.9986300468444824,96.0,23.433550206313768,490.19329833984375
2236,67.996278,-73.805583,68.0117416381836,-73.82293701171875,1.8652009896009207,10.0
2237,-13.519167,-172.834667,-13.619888305664062,-172.75,14.463339324695013,252.712890625
2238,-11.780056,130.011222,-11.668495178222656,130.0,12.465038062985796,10.0
2239,-47.117944,167.999167,-47.25271987915039,168.0,14.986546908790931,99.8256607055664
2240,57.277889,-6.0,57.08891296386719,-6.13961935043335,22.63506461128692,68.10343170166016
2241,-25.435417,152.999139,-25.602783203125,153.25,31.30544171066153,52.0
2242,28.207083,-14.004167,28.05669403076172,-13.997599601745605,16.734909133648888,1151.956298828125
2243,38.999611,26.287472,38.94680404663086,26.252931594848633,6.58746443432074,707.92724609375
2244,3.999056,108.356139,3.9967546463012695,108.5,15.959760879537392,33.80527877807617
2245,1.001587,102.735831,1.2499008178710938,102.75,27.656171330485247,10.0
2246,69.52125,17.961639,69.55684661865234,17.6197509765625,13.866223748916513,12.164443016052246
2247,21.313917,-158.0,21.24567222595215,-158.0,7.588483125770143,542.2105712890625
2248,-6.000833,39.379556,-5.989063739776611,39.5,13.383673128974593,380.3522644042969
2249,20.998306,-73.147139,21.012479782104492,-73.0,15.354979213361663,2480.076171875
2250,27.998306,-15.371278,28.057849884033203,-15.247804641723633,13.810028582236589,1143.3031005859375
2251,1.999556,101.769139,1.99959397315979,101.75,2.126870963627809,10.0
2252,43.999139,145.652056,43.943016052246094,145.5482177734375,10.392166738936742,22.43315315246582
2253,12.604111,92.693694,12.646055221557617,92.5,21.52834421893116,70.81088256835938
2254,82.636861,-48.46825,82.68284606933594,-48.63627624511719,5.6430295961728865,46.43601989746094
2255,13.999139,124.279583,14.10532283782959,124.25,12.230734220217064,10.0
2256,15.999139,-61.5995,16.036428451538086,-61.5,11.414131661893597,334.52886962890625
2257,26.732083,55.996639,26.643394470214844,56.00148010253906,9.873449492642253,40.528656005859375
2258,21.997222,-159.772194,21.942928314208984,-159.75,6.456436420192797,450.27325439453125
2259,45.82125,150.0,45.70345687866211,149.98251342773438,13.168071084734558,141.06280517578125
2260,35.998306,27.915389,35.99672317504883,28.11910057067871,18.32704936549115,1185.8338623046875
2261,77.544556,-90.0,77.50843048095703,-89.94133758544922,4.256886186093547,10.0
2262,63.112083,-78.0,63.09563446044922,-78.06916046142578,3.9303891499133714,93.37113952636719
2263,-40.107083,148.0,-40.22064208984375,148.0,12.627212106422743,10.0
2264,-9.381667,150.422944,-9.456768035888672,150.25,20.727878787990548,17.215272903442383
2265,77.407806,-105.0,77.46338653564453,-104.80862426757812,7.721735503307306,18.81218147277832
2266,-48.106667,-75.589556,-48.09438705444336,-75.5,6.789066995065718,10.0
2267,11.997917,92.772472,11.913220405578613,93.0,26.482400814383038,10.0
2268,23.999583,-77.525861,24.009302139282227,-77.50016784667969,2.8247752725353674,55.45643997192383
2269,-8.40790748438239,123.628795296839,-8.221638679504395,123.75,24.634019219040255,183.20912170410156
2270,74.997861,-18.785028,74.95545196533203,-18.700742721557617,5.304659994080234,197.12168884277344
2271,-10.85625,123.0,-10.9330415725708,123.0,8.538845073269565,113.42922973632812
2272,-2.51125,150.0,-2.499207019805908,150.0,1.3391201489328657,10.0
2273,54.999361,166.384861,55.05966567993164,166.47047424316406,8.645000200312777,10.0
2274,-1.793778,125.998361,-1.7497279644012451,126.0,4.901533358127922,516.7183837890625
2275,28.999167,-112.505,28.849369049072266,-112.49889373779297,16.66739346471475,30.025175094604492
2276,0.999528,104.448306,0.9999492168426514,104.25,22.04734466222813,10.0
2277,26.510417,127.9975,26.47071647644043,128.24755859375,25.274453255391013,520.0174560546875
2278,25.997056,-77.404167,26.034894943237305,-77.50094604492188,10.546557289342521,599.869873046875
2279,26.7602152223715,-77.4136200376269,26.699975967407227,-77.50147247314453,10.99953891327633,10.0
2280,67.995639,-86.84025,68.02935028076172,-86.98230743408203,7.002021248022909,24.405384063720703
2281,75.051722,-104.0,75.03436279296875,-103.88556671142578,3.8093467533390584,28.123554229736328
2282,-21.002583,167.382056,-21.01249885559082,167.5,12.29264335056267,197.42254638671875
2283,-14.001278,-171.838417,-14.10532283782959,-171.75,14.993591399559234,2241.89892578125
2284,14.549278,-61.003139,14.347655296325684,-61.0,22.42200047134551,439.8005676269531
2285,76.0675,-104.010278,76.05207824707031,-104.489501953125,12.951404071733728,67.28211212158203
2286,68.997583,-79.289194,68.97250366210938,-79.33648681640625,3.366487479820171,10.0
2287,-40.000861,144.13125,-40.029483795166016,144.25,10.60192555738739,31.0
2288,80.587083,44.975056,80.6219482421875,44.75917053222656,5.512453400061347,71.96844482421875
2289,52.02875,-175.005056,51.961971282958984,-174.9436492919922,8.533066252544613,96.58805084228516
2290,76.66975,-104.026167,76.69498443603516,-103.95592498779297,3.333210740469847,46.86879348754883
2291,53.213389,-130.0,53.207305908203125,-130.07742309570312,5.199970432899704,10.0
2292,-17.575028,-149.621833,-17.472705841064453,-149.5,17.214550626501968,695.2681884765625
2293,61.400389,-65.0,61.29015350341797,-64.91869354248047,13.001740912368273,78.27131652832031
2294,58.999139,22.489194,59.0730094909668,22.35738754272461,11.150381432965588,23.799026489257812
2295,-11.735028,43.219556,-11.913220405578613,43.25,20.089247523399063,1473.5408935546875
2296,59.9975,-1.34591700000004,59.98209762573242,-1.2106205224990845,7.716921138647337,10.0
2297,-16.635028,139.145417,-16.516386032104492,139.25,17.27047882859258,10.0
2298,65.756417,-84.0,65.74333190917969,-84.07984161376953,3.925950157473265,10.0
2299,14.997917,-23.7275,14.831531524658203,-23.75,18.65853427985053,2305.686767578125
2300,-0.627528,-90.551278,-0.7499786019325256,-90.5,14.761414834403498,38.98316192626953
2301,54.4963920956515,13.603900617016,54.47903823852539,13.630631446838379,2.589328645589467,11.738056182861328
2302,10.995417,-64.032556,11.178401947021484,-64.0,20.654823573135893,14.453937530517578
2303,80.440417,56.994944,80.47613525390625,57.238712310791016,5.996939676836384,65.0395736694336
2304,6.998306,93.959556,6.9826507568359375,94.0,4.791173413160472,109.38578033447266
2305,73.997361,-97.742583,73.99588012695312,-97.6425552368164,3.0708510213838185,72.24956512451172
2306,26.725444,-78.001667,26.699607849121094,-78.00145721435547,2.8729284386353218,10.0
2307,80.939583,54.979917,80.94933319091797,54.882545471191406,2.0197648343398846,116.65621185302734
2308,1.595389,102.0,1.7497279644012451,102.0,17.161733529756848,10.0
2309,79.72675,-99.0,79.6819839477539,-99.16964721679688,6.012078327804265,175.1527099609375
2310,60.296583,-68.002972,60.33200454711914,-67.86939239501953,8.344125410840814,23.418729782104492
2311,13.202889,122.0,13.133454322814941,122.0,7.720794500582195,575.8471069335938
2312,-44.000861,-176.663778,-43.93025207519531,-176.75,10.45288551327967,94.90103912353516
2313,-0.000472,-49.364222,0.0,-49.25,12.701032893903653,10.0
2314,52.999139,172.725806,52.987735748291016,172.96771240234375,16.24013177668344,10.0
2315,-10.000861,151.046306,-9.949613571166992,151.0,7.628180340678502,11.534001350402832
2316,55.998333,-132.205889,,,,
2317,56.582944,-6.00175000000002,56.63402557373047,-6.250988006591797,16.275891010703344,10.0
2318,-17.718333,168.150417,-17.711013793945312,168.0,15.953333615676211,1456.8116455078125
2319,-18.899611,169.0,-19.134098052978516,169.0,26.073806669670912,977.1070556640625
2320,68.582889,14.996694,68.5862808227539,14.907529830932617,3.639690218458558,10.0
2321,-3.001694,100.42625,-2.9986300468444824,100.5,8.196481052493544,540.591796875
2322,59.999528,20.114917,59.972145080566406,20.135942459106445,3.2617070863943978,10.497496604919434
2323,-0.299611,105.0,-0.24999921023845673,105.0,5.516586943063971,10.0
2324,-51.0609701467442,-74.3956692067225,-51.32603454589844,-74.5,30.357288804234702,10.0
2325,-9.145444,152.999139,-9.210078239440918,153.0,7.187630866099178,55.18541717529297
2326,37.996389,138.312889,37.932518005371094,138.3409423828125,7.51589004623646,10.0
2327,5.998722,121.362528,5.989063739776611,121.5,15.240526811509094,181.4251251220703
2328,0.240833,6.460417,0.24999921023845673,6.25,23.41931029247347,2787.000244140625
2329,70.587083,21.994944,70.65323638916016,21.83863067626953,9.347459071859133,61.52122497558594
2330,59.997278,-147.381611,59.978675842285156,-147.15562438964844,12.737927044344008,121.69589233398438
2331,-0.103806,-51.0,,,,
2332,72.997472,78.988806,73.08088684082031,78.90237426757812,9.689782511936064,10.000988960266113
2333,-3.000833,-80.116306,-2.9986300468444824,-80.0,12.917257257949002,16.003101348876953
2334,28.998333,-13.478778,28.934783935546875,-13.24611759185791,23.711727807740946,1304.3228759765625
2335,-11.370028,153.172111,-11.423554420471191,153.0,19.682038401128107,10.0
2336,62.822111,-71.004389,62.760459899902344,-71.0696792602539,7.616701581134985,43.712345123291016
2337,63.413306,-77.0,63.34292221069336,-76.95960998535156,8.080940139175953,84.13324737548828
2338,3.998333,126.767861,3.9967546463012695,127.0,25.75051142685838,1204.267333984375
2339,38.189972,20.33625,38.125091552734375,20.450714111328125,12.33731465467235,25.934267044067383
2340,9.999139,125.67625,9.949613571166992,125.5,20.072137257157657,10.0
2341,-3.608778,127.999167,-3.4978253841400146,128.0,12.337731384796092,660.306640625
2342,10.781667,92.382861,10.687479019165039,92.25,17.898961626073053,99.69536590576172
2343,-0.490861,104.240389,-0.4999936521053314,104.25,1.4742041820733203,10.0
2344,37.859167,-25.85625,37.782493591308594,-25.989830017089844,14.503647760839895,2128.861572265625
2345,15.5325,-61.488694,15.55531120300293,-61.5,2.8108331796324215,130.4940948486328
2346,32.820389,-17.000833,33.02193832397461,-16.985986709594727,22.45409409926287,2958.6376953125
2347,51.999556,-176.568333,52.00729751586914,-176.5125274658203,3.9158599753853514,100.10975646972656
2348,28.255028,129.133861,28.21586799621582,128.99337768554688,14.434755918427262,595.786865234375
2349,-4.204583,123.0,-4.246108055114746,123.0,4.617381835186072,46.32966613769531
2350,65.619972,-37.960917,65.6517105102539,-38.0648078918457,5.930140124347747,20.189090728759766
2351,28.775806,-18.001278,28.94034194946289,-17.997323989868164,18.299639914326157,2752.05810546875
2352,39.925417,4.0,39.878841400146484,3.9766407012939453,5.549078659603936,89.65436553955078
2353,21.079333,-157.0,21.245670318603516,-157.0,18.495891487948995,954.7368774414062
2354,-11.457111,159.999111,-11.423554420471191,160.0,3.732584253372906,352.6461486816406
2355,18.89125,-73.001667,18.897741317749023,-73.0,0.7428022016400442,35.56486129760742
2356,-16.192917,168.0,-16.276554107666016,168.0,9.300034897422844,57.845645904541016
2357,-8.097083,157.0,-8.221638679504395,157.0,13.84997877603355,55.374961853027344
2358,20.263306,58.621222,20.310745239257812,58.5,13.699437512155745,18.666837692260742
2359,-21.655472,167.998333,-21.710968017578125,168.0,6.173287587232796,948.5961303710938
2360,-55.0454723557027,-70.6330495749105,-55.2100830078125,-70.75,19.75637493454222,46.455474853515625
2361,-7.660861,156.501222,-7.478672981262207,156.5,20.258859146842813,920.0616455078125
2362,15.998722,-22.921667,16.036428451538086,-23.0,9.363288829104459,24.167484283447266
2363,78.526667,10.994972,78.52962493896484,10.789205551147461,4.562435614105425,63.32649612426758
2364,5.235389,120.0,4.99366569519043,120.0,26.87844227261492,10.0
2365,-2.664611,100.0,-2.7489447593688965,100.0,9.377499139419951,13.692578315734863
2366,55.691639,-6.52580599999999,55.71620559692383,-6.4611430168151855,4.886352299857099,10.0
2367,-2.154194,99.520417,-2.2494218349456787,99.5,10.829155818258904,125.7427978515625
2368,-8.003361,129.802917,-7.974132061004639,130.0,21.944007092264286,497.22454833984375
2369,13.747722,-61.0,13.619888305664062,-61.0,14.21447789823344,180.2410888671875
2370,-5.130833,154.516222,-5.242669105529785,154.5,12.564708045793973,290.8414001464844
2371,-51.486278,-75.009972,-51.481990814208984,-75.0,0.8390811334191525,10.0
2372,54.998639,14.999556,54.987850189208984,14.945734024047852,3.6368425033608003,16.18292999267578
2373,58.997472,-3.052528,59.10819625854492,-2.99003005027771,12.820170725756908,10.0
2374,10.478333,122.471194,10.441716194152832,122.5,5.147775211849333,10.0
2375,-23.477917,150.997472,-23.32746124267578,151.0,16.731928894785284,10.0
2376,54.059944,-4.79755600000004,54.03632736206055,-4.911497592926025,7.888412596261091,28.444686889648438
2377,-0.265,-90.87375,-0.24999921023845673,-90.75,13.860981590769601,31.211097717285156
2378,38.997889,1.579972,39.0115966796875,1.6756668090820312,8.408202537415269,24.273054122924805
2379,-2.266222,126.0,-2.2494218349456787,126.0,1.868095701151844,136.06471252441406
2380,10.045389,103.999167,9.949613571166992,104.0,10.650147148134478,10.0
2381,-0.913306,-89.628778,-0.9999492168426514,-89.75,16.566843568151892,450.9302673339844
2382,-19.449972,169.1995,-19.3701171875,169.25,10.338983302481672,14.347648620605469
2383,-50.670028,-75.519222,-50.69688415527344,-75.5,3.279000481741783,20.543407440185547
2384,13.654365,144.859944,13.619888305664062,144.75,12.483791129921075,749.3273315429688
2385,-6.003333,132.838722,-5.989063739776611,132.75,9.938941322442126,143.01829528808594
2386,3.6775,125.387889,3.7473256587982178,125.5,14.664183577006789,119.29878234863281
2387,76.896639,-114.006111,76.95077514648438,-114.2230453491211,8.125352929438677,116.49141693115234
2388,53.837083,-130.656722,53.833370208740234,-130.6277313232422,1.9465721852454951,10.0
2389,-49.000833,-75.524222,-48.92250061035156,-75.75,18.64311960467455,35.400146484375
2390,-0.400417,122.0,-0.4999936521053314,122.0,11.072433820238917,1046.97705078125
2391,49.841444,-126.907556,49.753929138183594,-126.8956527709961,9.768654292277759,10.0
2392,-8.772083,158.022528,-8.963215827941895,158.0,21.396663502760212,352.7917175292969
2393,-54.723806,-64.0,-54.635414123535156,-64.0,9.82874179550143,29.89196014404297
2394,-50.859583,166.0,-51.01252746582031,166.0,17.006672148163958,241.8731689453125
2395,7.994139,98.295444,7.974132061004639,98.25,5.4763908218807735,18.45945167541504
2396,-10.792139,166.0,-10.9330415725708,166.0,15.667672862121432,746.5752563476562
2397,51.719583,-178.0,51.71303939819336,-178.10426330566406,7.219617764144473,14.207316398620605
2398,81.384556,57.0,81.40419006347656,57.035606384277344,2.2621644044671587,374.6155090332031
2399,7.563861,-81.719167,7.726475238800049,-81.75,18.398414005672997,90.24368286132812
2400,30.372472,130.376278,30.340045928955078,130.2327423095703,14.236436540794985,638.8833618164062
2401,80.149556,52.989861,80.122802734375,52.96754455566406,3.0050503766028993,139.05393981933594
2402,75.401222,136.0,75.38525390625,136.12088012695312,3.82655302833747,27.24131965637207
2403,39.999139,25.44125,39.95722961425781,25.318649291992188,11.438803718658635,10.0
2404,22.999583,-74.926694,22.86595344543457,-75.00003814697266,16.649391304699353,1734.8236083984375
2405,1.999722,-157.365667,1.99959397315979,-157.25,12.853776965214891,1907.264892578125
2406,14.998333,-24.307972,15.073066711425781,-24.25,10.383324884126608,2752.0224609375
2407,-52.047083,-75.0,-52.10050582885742,-75.0,5.940355741103822,10.0
2408,1.999139,-50.316472,1.99959397315979,-50.25,7.387032847900413,10.0
2409,22.444167,-74.001278,22.40521240234375,-74.00001525878906,4.3335037664607166,10.0
2410,68.998972,-100.595583,69.03597259521484,-100.5086898803711,5.375663451179587,10.0
2411,60.358361,-146.616556,60.29176712036133,-146.69711303710938,8.631289989454661,10.0
2412,-52.593722,-74.0,-52.558837890625,-74.0,3.8789413408282387,10.0
2413,12.644194,98.297083,12.646055221557617,98.25,5.112602146748539,36.45964431762695
2414,24.999167,-76.150417,24.915348052978516,-76.25040435791016,13.728510487163213,10.0
2415,34.361667,129.228722,34.34712219238281,129.17974853515625,4.7777551679606765,73.53181457519531
2416,18.869167,93.480417,18.897741317749023,93.5,3.7868679683256117,23.799224853515625
2417,-0.528333,98.283694,-0.4999936521053314,98.25,4.895505104773404,178.0198516845703
2418,12.44,122.421222,12.40200424194336,122.25,19.067377215054563,1279.4114990234375
2419,52.10125,-174.00175,52.257328033447266,-173.87013244628906,19.538064959176708,121.900146484375
2420,38.493333,-28.545417,38.38542556762695,-28.501121520996094,12.603738890877478,305.0011291503906
2421,30.545861,130.998667,30.553752899169922,131.23138427734375,22.302233738149855,204.53353881835938
2422,-16.690028,168.102972,-16.755922317504883,168.0,13.188400783961963,835.3455810546875
2423,-0.935806,130.390417,-0.9999492168426514,130.5,14.117553733231139,677.9517211914062
2424,-19.107944,177.994972,-19.134098052978516,178.0,2.9557875293550175,10.0
2425,-7.000861,115.296278,-6.9826507568359375,115.25,5.494356513787391,10.0
2426,-7.946694,39.587083,-7.974132061004639,39.5,10.063524383759567,10.0
2427,12.224083,-69.000361,12.40200424194336,-69.0,19.78400564433386,1119.88671875
2428,56.9975,-135.771278,56.97446823120117,-135.80751037597656,3.373024208009129,10.0
2429,4.170778,117.902028,3.9967546463012695,118.0,22.192809183191343,24.194721221923828
2430,13.1015,-59.448556,13.133454322814941,-59.25,21.793946427460355,2062.3330078125
2431,68.26375,13.998361,68.34700012207031,13.801403045654297,12.297731867477848,69.22492980957031
2432,36.992472,25.565389,36.93362045288086,25.652835845947266,10.158150629110517,103.6078109741211
2433,49.356667,154.607111,49.33959197998047,154.52500915527344,6.24311313258066,87.69368743896484
2434,-12.1675,44.202889,-12.157724380493164,44.25,5.235021469501061,26.66366195678711
2435,80.977083,59.975111,80.94219970703125,60.05269241333008,4.108878479561698,51.98749923706055
2436,12.999139,123.13625,12.889873504638672,123.25,17.308161351544893,38.248748779296875
2437,68.618333,-102.000278,68.60858154296875,-101.99771881103516,1.089268223360334,10.0
2438,-0.574681,-50.830689,,,,
2439,-15.291667,167.999611,-15.314327239990234,167.75,26.88971838918168,295.6082458496094
2440,53.854556,14.0,53.9699592590332,14.230717658996582,19.824605765497424,10.96808910369873
2441,-5.601694,132.607056,-5.491572856903076,132.5,17.03883726445384,237.78379821777344
2442,-5.317889,146.999139,-5.242669105529785,147.0,8.364625477665694,236.39393615722656
2443,81.22375,91.0,81.3056869506836,91.10417938232422,9.279283457834637,49.831600189208984
2444,75.534611,-96.0,75.57186889648438,-95.89009857177734,5.143790249289488,12.589194297790527
2445,38.730833,-27.38125,38.7840461730957,-27.49576187133789,11.558697302572911,1036.8568115234375
2446,-4.525444,146.0,-4.495380878448486,146.0,3.3428712129909903,409.26739501953125
2447,69.996778,-86.469083,69.9831314086914,-86.59710693359375,5.102093569742247,14.441019058227539
2448,-5.336694,102.100417,-5.242669105529785,102.0,15.261924669765852,339.0718688964844
2449,11.897944,120.0,11.668495178222656,120.0,25.51358014702146,10.0
2450,16.690389,41.993306,16.755922317504883,42.0,7.321767666416567,10.0
2451,71.515889,137.016278,71.51814270019531,137.04232788085938,0.9518748619580345,10.0
2452,68.500806,-105.002833,68.51907348632812,-105.09136962890625,4.139231388060073,10.0
2453,40.657444,24.51125,40.63766860961914,24.368982315063477,12.202478482385613,98.33583068847656
2454,72.998306,74.106278,72.95429229736328,74.0018081665039,5.959753127877755,10.0
2455,-10.573361,121.690389,-10.441716194152832,121.75,16.023533962298277,708.220458984375
2456,37.771167,25.0,37.64602279663086,24.9331111907959,15.108366800698606,196.23326110839844
2457,-53.004194,73.244167,-53.01243209838867,73.25,0.9957042105614765,49.802703857421875
2458,-2.401306,-80.0,-2.7489447593688965,-80.25,47.59699522355207,10.0
2459,62.0,-6.772583,61.96000671386719,-6.703885555267334,5.714374790160357,48.618370056152344
2460,28.104083,-115.365806,27.994535446166992,-115.24893188476562,16.73101787518219,43.21682357788086
2461,71.1418,-8.16691000000003,71.15279388427734,-8.524031639099121,12.88987888704449,1066.646240234375
2462,7.443333,134.470417,7.230730056762695,134.5,23.86446721818154,880.9015502929688
2463,28.101667,-17.345472,28.059667587280273,-17.498178482055664,15.692428051381784,1702.95068359375
2464,-12.720861,45.036222,-12.646055221557617,45.0,9.19946023699238,49.19078826904297
2465,6.424972,99.640389,6.486102104187012,99.75,13.88807576113245,11.667747497558594
2466,-8.259639,128.0,-8.46899127960205,128.0,23.27894352742307,2014.933837890625
2467,-8.846722,-140.2555,-8.963215827941895,-140.25,12.967623981874219,527.84423828125
2468,39.999111,23.381278,40.042076110839844,23.321025848388672,7.010649669634534,40.93230438232422
2469,22.54,-78.70375,22.63564682006836,-78.7500228881836,11.648235756867784,47.20535659790039
2470,6.925028,158.105444,6.9826507568359375,158.0,13.285762833986045,1784.3560791015625
2471,13.204139,-61.283722,13.37679386138916,-61.25,19.54212827490554,987.1170654296875
2472,46.886694,151.998722,47.00086975097656,151.9153289794922,14.18665572220401,232.8575439453125
2473,34.419139,126.088778,34.49432373046875,126.17469024658203,11.486480008809535,10.0
2474,75.8855,-79.0,75.93592834472656,-79.04267883300781,5.725152277924736,20.514076232910156
2475,-1.003389,134.940417,-0.9999492168426514,135.0,6.63535718945475,297.25872802734375
2476,22.098278,91.018667,22.172569274902344,90.99999237060547,8.4818031998488,10.0
2477,-1.420889,149.505389,-1.4998286962509155,149.5,8.79812274256351,550.953857421875
2478,-0.001667,98.417917,0.0,98.5,9.129107809229787,10.0
2479,-14.326667,167.402889,-14.347655296325684,167.5,10.71910171979742,222.75430297851562
2480,76.997889,95.866694,76.94371032714844,96.01890563964844,7.131145702062102,10.0
2481,32.613333,128.597889,32.574642181396484,128.70986938476562,11.338549654991787,27.543081283569336
2482,-8.590056,119.378694,-8.46899127960205,119.75,42.99266167362605,10.0
2483,-13.8425,167.37625,-13.86273193359375,167.25,13.814482116831599,806.10498046875
2484,76.723583,-101.003583,76.7136001586914,-101.0816650390625,2.2827033060708937,13.98422622680664
2485,-11.001639,132.580417,-10.9330415725708,132.5,11.629555236182162,13.05251693725586
2486,81.577917,63.0,81.60311126708984,62.84004592895508,3.8228657377590887,25.528993606567383
2487,-9.697944,-139.001833,-9.70328140258789,-139.0,0.6265757491192943,223.11215209960938
2488,7.808778,117.0,7.726475238800049,117.0,9.15166213506993,101.42416381835938
2489,9.192472,123.451306,9.210078239440918,123.5,5.692122136002388,46.41075134277344
2490,73.999194,136.193611,73.93334197998047,136.34756469726562,8.716335385715622,10.0
2491,56.997278,-153.276306,56.913570404052734,-153.38021850585938,11.239840265537971,120.46632385253906
2492,75.178722,82.0,75.2334213256836,82.01329040527344,6.093990369637847,10.0
2493,11.998972,-61.781556,11.913220405578613,-61.75,10.134247749625201,113.54906463623047
2494,60.482944,-173.005056,60.44334030151367,-172.89247131347656,7.581649347882409,10.0
2495,0.800806,103.343722,0.7499786019325256,103.25,11.854474324865395,10.0
2496,57.240833,-7.457583,57.18684005737305,-7.512935161590576,6.86682242219806,14.472654342651367
2497,11.246889,-60.565278,11.178401947021484,-60.5,10.42543374782266,193.80088806152344
2498,35.597472,27.053694,35.66118240356445,27.10846519470215,8.642428154378031,218.7490692138672
2499,51.504611,179.0,51.599517822265625,179.0071258544922,10.56466650432175,26.11277198791504
2500,24.163333,53.62125,24.2232608795166,53.500244140625,13.965757079732523,10.0
2501,54.998333,-160.147528,54.93914031982422,-160.03358459472656,9.808979980098638,10.0
2502,34.834583,127.998361,34.9021110534668,127.9162826538086,10.604459739649634,10.0
2503,21.839,-71.816639,21.94268226623535,-71.75000762939453,13.423132474178734,2024.2418212890625
2504,49.745778,-124.637972,49.7463493347168,-124.71086883544922,5.238142104548642,154.8411407470703
2505,51.997472,-79.641611,52.04335403442383,-79.71728515625,7.269282092291387,15.476364135742188
2506,60.418333,-64.895889,60.387916564941406,-64.9111099243164,3.4839261748829418,33.152198791503906
2507,-46.9375,37.583667,-46.91225051879883,37.5,6.946465000348128,2235.451416015625
2508,80.832889,79.989722,80.8738021850586,80.27836608886719,6.835708115678899,13.160313606262207
2509,27.647083,-18.0,27.61726951599121,-17.998624801635742,3.3178797143928205,313.97296142578125
2510,5.474972,100.178722,5.491572856903076,100.25,8.102568316079378,24.14073371887207
2511,22.418722,-73.002528,22.635875701904297,-73.00003051757812,24.147785815119306,2861.6708984375
2512,24.301667,123.662944,24.232648849487305,123.49958801269531,18.251299130649123,173.2812957763672
2513,40.151667,25.999556,40.084129333496094,26.079092025756836,10.10637152943918,66.07784271240234
2514,51.999139,177.547472,51.95402145385742,177.70689392089844,12.01682764202021,11.629630088806152
2515,-53.429194,-73.815889,-53.461307525634766,-74.0,12.705196086512876,30.035354614257812
2516,15.159139,-23.250472,15.073066711425781,-23.25,9.570949151907275,666.1720581054688
2517,16.999472,-61.743333,16.99515724182129,-61.5,25.879968036212684,677.1589965820312
2518,-8.500472,151.0,-8.46899127960205,151.0,3.500501230459314,10.0
2519,36.145389,22.998333,36.1047477722168,23.121400833129883,11.94155742417148,98.09864807128906
2520,-45.543778,-74.002528,-45.528587341308594,-74.5,38.783618939668635,23.866273880004883
2521,12.263306,-68.419556,12.157724380493164,-68.5,14.63777925925702,1295.563232421875
2522,-27.709222,153.392917,-27.61432456970215,153.5,14.918743253956379,14.66953182220459
2523,79.966222,59.0,79.96106719970703,58.741912841796875,5.034025756394326,46.48573684692383
2524,-21.095861,-175.355444,-21.01249885559082,-175.25,14.340598429589923,237.53164672851562
2525,54.860778,167.3525,54.91284942626953,167.29180908203125,6.970852014225559,10.0
2526,22.497417,91.402028,22.402976989746094,91.49998474121094,14.547060569820122,10.0
2527,80.077083,31.994667,80.11016082763672,31.971927642822266,3.703725653214526,10.0
2528,-19.004278,-169.922917,-18.897741317749023,-170.0,14.354582079148605,3370.2724609375
2529,49.647028,-54.0,49.66807556152344,-54.07042694091797,5.583673642141363,10.0
2530,28.99775,-118.307556,28.852861404418945,-118.24779510498047,17.12858962094518,1785.951171875
2531,37.513639,26.0,37.4459114074707,25.92459487915039,10.049318878195974,364.572021484375
2532,11.445,98.159583,11.423554420471191,98.25,10.13880566320669,10.0
2533,33.989778,-119.593444,33.93115234375,-119.48316192626953,12.080832386131686,570.8037719726562
2534,-44.486667,-74.559583,-44.46793746948242,-74.5,5.165783404062198,11.098335266113281
2535,43.8025,146.583778,43.809635162353516,146.57388305664062,1.1224930189335156,37.178802490234375
2536,8.3915,-78.835028,8.46899127960205,-78.75,12.716783965270215,48.44209289550781
2537,38.662083,-28.002528,38.58504867553711,-27.998567581176758,8.572744638708393,10.0
2538,78.082944,106.972972,77.9708023071289,106.94539642333984,12.485818343761895,196.45672607421875
2539,27.802306,129.0,27.783849716186523,128.99472045898438,2.1169387764285115,13.344239234924316
2540,35.970778,14.319472,36.10209655761719,14.362231254577637,15.099673379267848,163.24232482910156
2541,36.254167,133.17625,36.31978225708008,133.133544921875,8.239174986814916,156.20700073242188
2542,64.591889,-65.337472,64.57878112792969,-65.21163177490234,6.179590988811021,10.0
2543,63.30375,8.0,63.34653091430664,7.999298095703125,4.757156233498256,16.02480697631836
2544,9.205806,124.632056,9.210078239440918,124.75,12.954509685187473,63.86185836791992
2545,11.089972,-16.247111,11.178401947021484,-16.0,28.697506050220433,10.0
2546,59.779139,5.337417,59.83283996582031,5.176462173461914,10.801683554598721,10.0
2547,10.824944,-15.008778,10.687479019165039,-15.0,15.315478650024287,10.0
2548,-43.920833,-74.006306,-43.93025207519531,-74.0,1.162758922242362,10.0
2549,-20.861722,115.302111,-21.01249885559082,115.25,17.61747501296617,25.499862670898438
2550,9.420389,100.0,9.456768035888672,100.0,4.045169814459441,10.0
2551,22.829972,-74.350472,22.86599349975586,-74.25003814697266,11.043482228656538,1582.9110107421875
2552,16.90375,-25.007528,16.99515724182129,-25.0,10.195526725489765,407.9935302734375
2553,42.709583,10.423278,42.79090118408203,10.476445198059082,10.030327438113934,72.96087646484375
2554,70.122944,19.9975,70.1417007446289,19.9337158203125,3.187455695300838,10.0
2555,68.525472,-78.944,68.53325653076172,-79.03734588623047,3.8965481908671498,10.0
2556,70.703111,-100.609861,70.732421875,-100.61662292480469,3.2686689619098974,14.637296676635742
2557,52.402472,173.354167,52.319244384765625,173.2318878173828,12.433513285721132,848.1683959960938
2558,19.996667,93.039583,20.07611083984375,93.0,9.753662500761248,10.0
2559,51.996639,179.704167,51.92256546020508,179.80824279785156,10.894826401112027,305.74688720703125
2560,24.997917,-77.351722,24.91506004333496,-77.25040435791016,13.755449496572696,10.0
2561,60.702056,-1.003333,60.69243621826172,-0.9141671061515808,4.96904683496175,10.0
2562,17.679139,-64.903778,17.711013793945312,-65.0,10.791825095707857,1075.7115478515625
2563,-3.554222,116.312083,-3.4978253841400146,116.5,21.778289327093866,10.0
2564,-11.250861,136.685389,-11.178401947021484,136.75,10.704219803866284,10.0
2565,2.221639,97.109583,2.2494218349456787,97.25,15.90471337441386,10.0
2566,-10.2725,123.299583,-10.195759773254395,123.25,10.111986269249918,534.0629272460938
2567,-45.742528,166.447056,-45.703453063964844,166.5,5.9808245842567285,10.0
2568,-12.280833,43.621222,-12.40200424194336,43.5,18.839587402135326,1602.548095703125
2569,38.879139,24.431194,39.01045227050781,24.504926681518555,15.933018884172542,37.72024917602539
2570,69.673389,-68.0,69.65631103515625,-67.91983032226562,3.633591585849974,40.69697570800781
2571,2.996667,105.725444,2.9986300468444824,105.75,2.7354930674530222,10.0
2572,52.2675,-172.634222,52.21084976196289,-172.56443786621094,7.890463121088488,69.94911193847656
2573,19.3725,-81.420472,19.3701171875,-81.5,8.346709583435882,1127.431396484375
2574,46.997389,-56.267444,46.93464279174805,-56.31199645996094,7.753009487487142,10.0
2575,-8.440889,159.531222,-8.46899127960205,159.5,4.642947340212618,26.58152961730957
2576,-3.095,152.52125,-2.9986300468444824,152.5,10.972568334640737,1073.045166015625
2577,78.838778,27.986528,78.84542083740234,28.203781127929688,4.73279214514714,10.0
2578,-5.814167,112.564583,-5.740372657775879,112.5,10.8802581251759,34.15528106689453
2579,49.580833,-54.914583,49.627197265625,-54.83185958862305,7.881296402841002,18.62587547302246
2580,-7.145028,128.515444,-7.230730056762695,128.5,9.680759806044922,914.8199462890625
2581,13.849139,120.074583,13.86273193359375,120.25,18.9981357652298,39.35002136230469
2582,60.780806,-46.699167,60.794368743896484,-46.62859344482422,4.1161577804520055,10.0
2583,10.884167,98.080778,10.9330415725708,98.0,10.359733941577469,10.0
2584,67.946278,13.0,67.92447662353516,12.867088317871094,6.057998295083865,10.0
2585,56.062056,-61.001722,56.02846908569336,-61.10848617553711,7.61019184219323,10.0
2586,19.361667,121.344583,19.3701171875,121.25,9.966496821717206,951.1867065429688
2587,-11.625,166.776222,-11.668495178222656,166.75,5.616618980787581,346.16754150390625
2588,-43.603361,-74.855472,-43.38766098022461,-74.75,25.449008755119955,141.25965881347656
2589,80.042056,49.989944,80.05821228027344,50.234310150146484,5.026971741894237,108.08316802978516
2590,19.999111,-72.622667,20.07611083984375,-72.5,15.41150315358019,1024.490966796875
2591,47.266778,-62.0,47.3103141784668,-62.16141128540039,13.101522118046367,28.745073318481445
2592,12.4865,-70.000833,12.40200424194336,-70.0,9.395947958456969,185.0277557373047
2593,50.2125,-124.951722,50.11834716796875,-124.90033721923828,11.090670382539445,10.0
2594,45.185806,141.129583,45.266056060791016,141.0989532470703,9.240213076924277,61.26457595825195
2595,40.475778,25.443778,40.433624267578125,25.35471534729004,8.87448119931758,98.62056732177734
2596,-1.581694,108.796222,-1.4998286962509155,108.75,10.452843981816013,32.010276794433594
2597,74.367889,19.0,74.37620544433594,19.25921630859375,7.819640925058335,21.961023330688477
2598,56.431167,-154.686556,56.343753814697266,-154.63133239746094,10.297174311621578,10.0
2599,23.607111,-76.0,23.78177833557129,-76.00012969970703,19.422152882849844,899.7481079101562
2600,32.961222,128.998278,32.975032806396484,128.95423889160156,4.3860314284283675,75.95201873779297
2601,78.783306,-19.781722,78.78502655029297,-19.55731773376465,4.857192315432802,10.0
2602,45.999167,-1.38958300000002,45.933589935302734,-1.4059221744537354,7.40039281346904,10.0
2603,-1.312528,-90.513778,-1.4998286962509155,-90.5,20.88315533346328,1667.5284423828125
2604,-7.632556,127.323778,-7.726475238800049,127.25,13.234930471755417,1732.7677001953125
2605,76.645389,148.979833,76.6129150390625,148.8697967529297,4.587476065240646,54.559757232666016
2606,-1.247556,127.452889,-1.2499008178710938,127.5,5.243753467659532,91.14459991455078
2607,52.559139,-170.842583,52.63574981689453,-170.94680786132812,11.050930588319389,332.9898376464844
2608,-17.001694,49.882083,-16.99515724182129,50.0,12.560021932256129,58.52751159667969
2609,-10.195861,142.18875,-10.195759773254395,142.0,20.656642176773577,10.0
2610,24.999389,-110.676,25.134788513183594,-110.74992370605469,16.79627380326006,198.05368041992188
2611,-44.865861,-73.925472,-44.82366943359375,-73.75,14.607983715731722,10.0
2612,17.369167,-62.867944,17.472705841064453,-62.75,17.003830708729872,580.3782958984375
2613,-16.770028,-151.492972,-16.99515724182129,-151.5,25.044430795824923,1449.093017578125
2614,18.746389,-111.001278,18.661048889160156,-111.0,9.490355059707888,2178.10205078125
2615,18.999139,121.890417,18.897741317749023,122.0,16.122801823363663,827.5918579101562
2616,54.240806,-165.690889,54.269439697265625,-165.71055603027344,3.4306635558315564,30.90882110595703
2617,-27.178333,-109.455444,-27.170387268066406,-109.5,4.495227212228559,871.0814819335938
2618,52.181222,-128.458361,52.133811950683594,-128.40274047851562,6.49523666405542,10.0
2619,52.812417,-170.003333,52.76267623901367,-170.14498901367188,11.015287038237206,35.51451110839844
2620,-3.528333,128.540417,-3.4978253841400146,128.5,5.624003668507,205.4287872314453
2621,20.734972,106.999583,20.778928756713867,107.0,4.887967399823914,10.0
2622,36.66,24.317056,36.959171295166016,24.65338706970215,44.75696867718103,186.99380493164062
2623,24.749972,125.255389,24.90983772277832,125.24922943115234,17.787146549329986,10.0
2624,17.695,-61.889639,17.711013793945312,-62.0,11.825318951033077,113.4585189819336
2625,4.302472,6.234556,4.246108055114746,6.25,6.497149051629416,10.0
2626,61.837861,5.0,61.877113342285156,5.1237945556640625,7.823348685178284,10.0
2627,7.996639,93.397889,7.974132061004639,93.25,16.476255239580134,61.63911056518555
2628,-6.758333,134.611278,-6.734439849853516,134.75,15.54708639434942,19.10711669921875
2629,-7.075833,120.607111,-6.9826507568359375,120.5,15.719020292262837,175.36959838867188
2630,53.389222,-80.0,53.35599899291992,-80.05731201171875,5.301240003553209,10.0
2631,23.999139,-74.539583,24.009723663330078,-74.75017547607422,21.423969372928006,3925.86767578125
2632,50.877472,155.454139,50.90340805053711,155.6578369140625,14.576017990234316,29.106956481933594
2633,-4.640861,55.36625,-4.744568347930908,55.25,17.290323992490322,61.0
2634,47.899972,-64.497444,47.97529220581055,-64.5081787109375,8.41332613373591,10.0
2635,-20.186722,169.69375,-20.07611083984375,169.75,13.629490562460239,246.35214233398438
2636,-7.42875,130.995028,-7.478672981262207,131.0,5.578191634583087,10.0
2637,50.549167,-126.679278,50.596439361572266,-126.76318359375,7.92089036573808,10.0
2638,10.9175,-65.422944,10.9330415725708,-65.5,8.588610154689462,729.6051025390625
2639,77.239972,89.231556,77.15299224853516,89.1904296875,9.72466936894415,10.0
2640,32.995472,-118.547528,33.14909744262695,-118.23809814453125,33.51300809618973,1155.0782470703125
2641,-46.390028,51.646278,-46.3974609375,51.75,7.997375994311528,57.357913970947266
2642,23.805417,68.084139,23.770965576171875,68.00003814697266,9.375471644122767,10.0
2643,69.473306,67.002389,69.46420288085938,66.90666961669922,3.867681598494457,10.0
2644,21.638,-106.5375,21.942384719848633,-106.25,45.019087694904286,90.0
2645,-1.205833,129.728722,-1.2499008178710938,130.0,30.553350776584214,760.0466918945312
2646,-5.27,123.520389,-5.242669105529785,123.5,3.7858620868708264,492.035888671875
2647,42.177472,139.402056,42.110252380371094,139.3668670654297,8.017798674733557,342.3556213378906
2648,-22.607472,167.407111,-22.63699722290039,167.5,10.083539746422174,10.0
2649,73.490389,76.0,73.4902572631836,76.15865325927734,5.013322563776961,10.0
2650,74.630694,-97.397333,74.62538146972656,-97.3090591430664,2.668180380741174,31.306673049926758
2651,24.141056,-109.797306,24.233583450317383,-109.7499771118164,11.35351107711445,561.029541015625
2652,68.907472,17.103972,68.92554473876953,16.995471954345703,4.782685605259844,30.856271743774414
2653,39.450806,-31.267111,39.57204818725586,-31.26946258544922,13.483044012669184,968.5977172851562
2654,-18.000167,179.346278,-17.949007034301758,179.25,11.664388062985592,10.0
2655,-14.327472,-170.867972,-14.10532283782959,-171.25,48.0194332455785,2282.484375
2656,-10.512556,105.532083,-10.441716194152832,105.5,8.622861532805837,1934.4443359375
2657,-20.694611,166.575833,-20.778942108154297,166.5,12.252378151511458,1141.8956298828125
2658,-17.000833,139.507056,-16.99515724182129,139.5,0.9804510806270976,10.0
2659,21.575833,72.607056,21.477991104125977,72.5,15.523912729191474,10.0
2660,11.50875,-16.0,11.423554420471191,-16.0,9.473329301248238,10.0
2661,2.786639,104.120361,2.7489447593688965,104.0,14.009629578274168,10.0
2662,77.138083,-91.0,77.09478759765625,-91.17979431152344,6.561075289265702,55.18564224243164
2663,12.233333,52.065361,11.913220405578613,51.75,49.42535594911394,826.2476806640625
2664,21.559583,-73.0,21.478389739990234,-73.0,9.028291061207907,44.18268966674805
2665,-68.760286,-90.682922,-68.78057098388672,-90.74984741210938,3.5141352797594365,240.8531951904297
2666,0.238306,104.477083,0.24999921023845673,104.5,2.8607849548059843,10.0
2667,-9.006722,159.109611,-8.963215827941895,159.25,16.160107018442726,558.567138671875
2668,2.898333,108.777056,2.9986300468444824,108.75,11.550159920105036,38.23563003540039
2669,3.23575,106.192861,3.248258590698242,106.0,21.456002889821512,58.93741226196289
2670,41.241583,-70.0,41.17472457885742,-69.96859741210938,7.884806149862208,10.0
2671,60.766972,-78.330667,60.69376754760742,-78.21862030029297,10.166868514295995,10.0
2672,0.385,-90.467361,0.24999921023845673,-90.25,28.45150430542631,1558.0020751953125
2673,9.15,92.7195,9.210078239440918,92.75,7.472415215384706,10.0
2674,-16.000861,-5.78211100000004,-16.036428451538086,-5.75,5.236381577539114,99.03034210205078
2675,5.900833,95.213722,5.989063739776611,95.25,10.599544261554394,459.03839111328125
2676,54.449139,-162.835833,54.5378532409668,-162.75729370117188,11.092212537160677,49.226680755615234
2677,11.362472,92.58875,11.423554420471191,92.5,11.820340870051961,11.0
2678,21.755833,-72.357083,21.71074104309082,-72.25,12.144121560460388,10.0
2679,-2.747944,152.0,-2.7489447593688965,152.0,0.1112795183189253,10.0
2680,13.998306,42.683722,14.10532283782959,42.75,13.882212530347886,85.76978302001953
2681,8.213306,117.262889,8.221638679504395,117.5,26.111317138868397,103.0293197631836
2682,66.19425,-83.0025,66.17269134521484,-83.06462097167969,3.677908620170402,29.118410110473633
2683,0.672472,127.357056,0.7499786019325256,127.25,14.695637390736321,666.01025390625
2684,20.590639,-156.61525,20.54502296447754,-156.5,13.026450582197498,435.2691345214844
2685,68.643667,-74.645944,68.51376342773438,-74.41197967529297,17.289461377366692,10.0
2686,49.246694,-2.25288900000004,49.1812858581543,-2.3074982166290283,8.284417994912614,17.30755043029785
2687,48.776222,153.998389,48.7981071472168,153.8027801513672,14.53579824761225,1375.836669921875
2688,2.741667,125.352917,2.7489447593688965,125.5,16.356167513790485,968.1727905273438
2689,24.460806,118.062861,24.45650291442871,118.2494888305664,18.895866923995186,10.0
2690,12.212472,98.037083,12.157724380493164,98.0,7.301027517215845,10.0
2691,1.612528,7.330389,1.4998286962509155,7.25,15.391084707905877,66.02272033691406
2692,-2.885028,107.34125,-2.7489447593688965,107.25,18.211940054666513,27.15252685546875
2693,-8.267056,129.0,-8.221638679504395,128.75,27.97116497769194,133.6304473876953
2694,-9.406667,46.202889,-9.210078239440918,46.25,22.4626498807514,3933.374755859375
2695,11.225833,123.687111,11.178401947021484,123.75,8.65285215854855,10.0
2696,-9.384167,-140.137944,-9.456768035888672,-140.25,14.705967897295944,2783.39208984375
2697,-51.265889,-59.836028,-51.32603454589844,-59.75,8.97254263669182,10.0
2698,-52.550861,169.014167,-52.558837890625,169.0,1.3054141078881092,75.06318664550781
2699,65.715444,11.864972,65.76390075683594,11.81589412689209,5.836094862632301,10.0
2700,75.747639,-121.0,75.8128890991211,-121.13827514648438,8.179654040525635,10.0
2701,57.304583,11.0,57.272621154785156,11.058446884155273,4.996583790966466,10.0
2702,-18.650417,-174.0,-18.661048889160156,-174.0,1.182213768197457,25.888668060302734
2703,-37.14,-12.355444,-37.09803009033203,-12.25,10.449264351132431,126.18575286865234
2704,5.374556,163.0,5.491572856903076,163.0,13.011698792013364,3839.5302734375
2705,71.884139,-55.776389,71.82662200927734,-55.770999908447266,6.398328350290074,103.28337097167969
2706,18.171667,-68.787944,18.186677932739258,-69.0,22.46471500179728,1018.2374877929688
2707,-5.878778,123.983333,-5.989063739776611,124.0,12.401000736516059,183.80015563964844
2708,-58.421667,-26.460806,-58.35768127441406,-26.5,7.472600970073879,774.5325317382812
2709,21.873333,-77.61875,21.942604064941406,-77.50000762939453,14.470455862085561,756.5098876953125
2710,57.164944,-170.420889,57.16558074951172,-170.53076171875,6.624817512080101,42.78413009643555
2711,-2.000444,134.399167,-1.99959397315979,134.5,11.205701899542477,1202.2811279296875
2712,11.464972,119.710417,11.423554420471191,119.75,6.310305458522078,10.0
2713,-44.818361,-75.205444,-44.82366943359375,-75.0,16.214528935566726,22.222410202026367
2714,-7.332917,120.997472,-7.230730056762695,121.0,11.366106052102861,1542.903564453125
2715,11.251222,103.0,11.178401947021484,103.0,8.097231633556259,10.0
2716,70.669139,-51.941222,70.70693969726562,-51.99893569946289,4.708674905083368,564.5922241210938
2717,-17.259194,179.354611,-17.234085083007812,179.25,11.454684415642205,1189.3773193359375
2718,10.780833,125.657111,10.687479019165039,125.75,14.516820071385425,10.0
2719,74.10125,82.995,73.93540954589844,82.77880096435547,19.592531801153015,26.140098571777344
2720,-16.564194,11.674556,-16.516386032104492,11.75,9.64009981871068,23.084190368652344
2721,37.399167,24.486194,37.30790710449219,24.66786766052246,18.99570364521124,218.70938110351562
2722,75.960417,83.0,75.99134826660156,83.00980377197266,3.4495349196918825,25.836074829101562
2723,15.999556,40.054972,16.036428451538086,40.0,7.164451753451616,10.0
2724,-38.520028,145.117889,-38.48092269897461,145.0,11.142380942950084,10.76663875579834
2725,-42.663389,148.010444,-42.656585693359375,148.0,1.1408929957989875,10.0
2726,-21.723361,35.426278,-21.710968017578125,35.5,7.739350057009168,10.0
2727,36.591639,26.259556,36.92723083496094,25.902673721313477,49.02307626464058,272.3979797363281
2728,11.7025,124.703722,11.668495178222656,124.75,6.300087691392708,10.0
2729,-2.370861,147.704611,-2.2494218349456787,147.75,14.414367132856558,123.06432342529297
2730,36.999556,-25.174194,37.175987243652344,-25.238237380981445,20.424203784896495,1955.4638671875
2731,16.721583,-62.244639,16.755922317504883,-62.25,3.860799947363942,183.00633239746094
2732,73.577556,-108.0,73.56598663330078,-108.17218017578125,5.565365283346821,54.85342788696289
2733,9.437472,138.060361,9.456768035888672,138.0,6.959807403500536,1301.1932373046875
2734,6.268306,120.478722,6.23764181137085,120.5,4.142184079210503,123.77647399902344
2735,69.813306,-82.795417,69.85391235351562,-82.86310577392578,5.207709711814885,222.07369995117188
2736,-7.155,115.737917,-7.230730056762695,115.75,8.525662230607365,333.52117919921875
2737,14.843278,122.092111,14.831531524658203,122.25,17.02127230255639,10.0
2738,30.29,122.079556,30.2956600189209,121.98226165771484,9.362636137820793,12.880874633789062
2739,50.714167,-55.667556,50.687591552734375,-55.7476692199707,6.369184206124417,123.59029388427734
2740,27.372389,128.519556,27.129878997802734,128.496337890625,27.06341933908856,543.4817504882812
2741,61.87825,-93.0,61.87846755981445,-93.04544067382812,2.3817252898190184,10.0
2742,-6.765861,138.583778,-6.734439849853516,138.5,9.88890870452386,10.0
2743,43.056611,16.049583,43.14527130126953,16.064193725585938,9.929699462406075,125.75603485107422
2744,-2.408333,-43.764639,-2.2494218349456787,-43.75,17.744834320356837,10.0
2745,18.055972,-63.019194,17.949007034301758,-63.0,12.065933862966808,62.40160369873047
2746,-8.341667,143.525444,-8.221638679504395,143.75,28.083303648315738,10.0
2747,26.566278,53.999167,26.644983291625977,54.00163650512695,8.75508446346266,44.792137145996094
2748,56.612472,-169.792611,56.667236328125,-169.8109130859375,6.191501442574786,56.920936584472656
2749,69.335417,34.0,69.3487319946289,33.91663360595703,3.5898537035075697,66.35562133789062
2750,53.362444,5.152472,53.32260513305664,5.132617950439453,4.621810942563345,10.0
2751,-1.502528,135.087917,-1.7497279644012451,135.25,32.86515865223321,1525.3836669921875
2752,3.302472,-77.496833,3.248258590698242,-77.5,6.038508079152212,10.0
2753,-21.386694,-174.976278,-21.478515625,-175.0,10.50120044613701,577.8599243164062
2754,44.790833,14.655389,44.810630798339844,14.751995086669922,7.93373428966495,10.0
2755,34.377328,126.652426,34.31089401245117,126.6789779663086,7.778962445354373,10.0
2756,-4.098333,153.56875,-3.9967546463012695,153.5,13.628169388585581,1480.2213134765625
2757,29.131639,121.870389,29.04615020751953,121.98973846435547,14.995215891468092,10.0
2758,20.718306,121.780361,20.778932571411133,121.75,7.443994486947027,1005.8485717773438
2759,-10.525,-138.691306,-10.441716194152832,-138.75,11.267046032781058,607.8208618164062
2760,9.779167,-13.758722,9.70328140258789,-13.75,8.492071965856828,10.0
2761,69.998361,18.727556,69.94195556640625,18.709415435791016,6.309944257780001,10.0
2762,36.822083,11.99,36.908206939697266,11.63306999206543,33.16573312473344,589.7926635742188
2763,-1.877917,123.784222,-1.7497279644012451,123.75,14.752700292146837,201.0101318359375
2764,-8.925833,-139.612083,-8.963215827941895,-139.5,12.994320543599123,194.38632202148438
2765,70.338194,-112.003083,70.360107421875,-112.0530776977539,3.071201690554234,11.32791519165039
2766,56.504167,-6.99922200000003,56.52048873901367,-6.83249568939209,10.388867027251187,10.0
2767,-8.477528,113.262083,-8.46899127960205,113.25,1.6331095669722657,95.46664428710938
2768,59.999083,-144.203556,60.02775192260742,-144.1692657470703,3.7140221908388,10.0
2769,66.721861,42.661167,66.70524597167969,42.81370162963867,6.95506968567793,10.0
2770,-3.595056,123.045389,-3.4978253841400146,123.0,11.927490772357718,222.0570526123047
2771,56.877472,-79.910028,56.95597839355469,-79.92308807373047,8.765442315142185,10.0
2772,56.61375,-61.115056,56.59247970581055,-61.03520202636719,5.429712483791008,10.0
2773,-13.291694,-176.253806,-13.37679386138916,-176.25,9.471642061499896,1142.6055908203125
2774,36.355806,25.35375,36.58906555175781,25.389448165893555,26.132990650939032,248.4353485107422
2775,-7.437556,157.714556,-7.478672981262207,157.75,6.014530452694392,10.0
2776,-0.000861,127.44875,0.0,127.5,5.699552012315884,466.0
2777,76.135806,152.541444,76.1500244140625,152.49261474609375,2.047101417349784,10.0
2778,74.440778,84.446222,74.50692749023438,84.86946105957031,14.587626080662503,10.0
2779,1.68,98.439556,1.7497279644012451,98.5,10.259030614156675,24.988588333129883
2780,12.254139,121.030389,12.157724380493164,121.0,11.218029071397812,393.80657958984375
2781,-7.413361,121.749583,-7.478672981262207,121.75,7.262516534161271,167.44827270507812
2782,-40.489167,144.707111,-40.4112663269043,144.75,9.391676184930965,10.0
2783,72.352389,-79.007389,72.3218994140625,-79.12836456298828,5.305919704076077,79.0700454711914
2784,74.585639,79.582222,74.53216552734375,79.53816986083984,6.087335083825421,10.0
2785,5.544139,120.812917,5.491572856903076,120.75,9.09161561287617,10.0
2786,18.367028,-65.000833,18.424028396606445,-65.0,6.33877305408692,10.0
2787,-6.930028,156.142083,-6.9826507568359375,156.25,13.271124098297511,898.2024536132812
2788,37.5125,130.80125,37.56157302856445,130.83480834960938,6.207311690203779,316.712646484375
2789,19.539972,121.890361,19.605792999267578,121.75,16.426252537478025,1358.561279296875
2790,70.90325,160.445944,70.87682342529297,160.0874481201172,13.377143229097449,10.0
2791,55.976083,-79.0,55.94761276245117,-78.97979736328125,3.4063329885970077,10.218809127807617
2792,-0.171667,121.563722,-0.24999921023845673,121.5,11.228155694185117,1492.9921875
2793,-3.852472,127.141278,-3.7473256587982178,127.25,16.79903664832367,1713.357177734375
2794,-9.268361,142.129583,-9.456768035888672,142.25,24.767739747431463,10.0
2795,21.751667,91.832889,21.710092544555664,91.75,9.730159975630626,10.0
2796,6.999139,118.516222,6.9826507568359375,118.5,2.5625995286598986,10.0
2797,-11.251694,166.439611,-11.178401947021484,166.25,22.229027476725868,1583.8536376953125
2798,47.349972,152.410472,47.366661071777344,152.39524841308594,2.1814520805905433,137.7988739013672
2799,33.140806,139.737861,33.08229446411133,139.7096710205078,7.01599038373662,211.0238037109375
2800,31.6525,129.658778,31.574237823486328,129.72206115722656,10.566072114736508,497.0344543457031
2801,22.999139,-80.212111,23.095308303833008,-80.25005340576172,11.376467286935311,10.0
2802,79.392056,93.0,79.4070053100586,92.92477416992188,2.265177242179457,10.0
2803,-21.219194,-159.833806,-21.245691299438477,-159.75,9.172344992554407,157.20236206054688
2804,62.473306,17.369167,62.44626235961914,17.757064819335938,20.168549828834337,57.444847106933594
2805,-46.108361,50.174583,-46.05154800415039,50.25,8.587540775881639,55.09907913208008
2806,23.539972,119.532889,23.550357818603516,119.49980926513672,3.5643411063225585,13.974465370178223
2807,-4.927528,151.11125,-4.99366569519043,151.0,14.351582537760406,553.0452880859375
2808,51.7825,-178.874167,51.897281646728516,-178.88037109375,12.77026982287594,1290.1727294921875
2809,-4.001694,131.428778,-3.9967546463012695,131.25,19.83843223109328,161.2710723876953
2810,39.149972,23.827083,39.203514099121094,23.765682220458984,7.966039194934282,493.7533264160156
2811,9.699139,79.841194,9.70328140258789,79.75,10.005924208002261,10.0
2812,-7.364167,155.512944,-7.478672981262207,155.5,12.812246048811797,460.07427978515625
2813,-1.438417,-48.592917,-0.9999492168426514,-48.5,49.83768148004868,10.0
2814,60.574111,21.289056,60.5541877746582,21.265729904174805,2.555911724260014,10.0
2815,-40.297111,-10.0,-40.22064208984375,-10.0,8.502966600194727,459.8914794921875
2816,-4.001694,134.17625,-3.9967546463012695,134.25,8.199084935806914,10.0
2817,73.106222,129.0,73.10820007324219,129.2215118408203,7.160702190181577,10.0
2818,78.264556,-19.019889,78.25802612304688,-18.498403549194336,11.819592000651163,94.78182220458984
2819,-13.365028,136.085417,-13.37679386138916,136.0,9.332651101859925,10.0
2820,27.278333,49.454556,27.291900634765625,49.502891540527344,5.009251237163803,10.0
2821,64.624139,-172.739222,64.61705780029297,-172.84693908691406,5.193759992811835,10.0
2822,51.944139,178.432472,51.943538665771484,178.4953155517578,4.308089495540168,16.463769912719727
2823,25.644194,36.48625,25.568239212036133,36.5012321472168,8.578373178785245,35.23042297363281
2824,47.789583,153.0,47.73159408569336,152.87548828125,11.322523729337297,690.1835327148438
2825,2.480306,109.02,2.2494218349456787,109.25,36.22253027120647,10.0
2826,73.987056,-90.0,74.05225372314453,-89.98187255859375,7.270873874373744,22.68776512145996
2827,77.796806,-77.944306,77.73629760742188,-77.75885772705078,8.022554637081058,33.84180450439453
2828,68.317306,-111.556306,68.29586791992188,-111.57064056396484,2.4555406785659093,19.51991081237793
2829,63.539583,-18.0,63.45549774169922,-17.91187286376953,10.321888628229253,100.87581634521484
2830,-14.250806,-178.192972,-14.347655296325684,-178.25,12.398918378628693,994.379638671875
2831,60.356083,-152.002306,60.41118240356445,-152.09597778320312,8.002077176688589,10.0
2832,27.996694,34.502056,27.957212448120117,34.505699157714844,4.404707364174857,151.31044006347656
2833,-18.592472,179.836222,-18.661048889160156,179.75,11.86123669533361,1455.5142822265625
2834,-1.000861,128.415444,-0.9999492168426514,128.5,9.401324739585878,379.3518981933594
2835,-0.456694,129.840417,-0.4999936521053314,130.0,18.3858358565048,669.9676513671875
2836,-11.6325,133.351222,-11.668495178222656,133.25,11.727636909186266,10.0
2837,-37.840028,77.501917,-37.89142608642578,77.5,5.717691249615084,323.1545104980469
2838,15.101122,145.645036,15.073066711425781,145.5,15.880822837463645,1079.879638671875
2839,-55.840833,-67.402556,-55.776573181152344,-67.5,9.387864484440051,10.0
2840,-52.003722,-58.450056,-51.94667434692383,-58.5,7.207086821511378,10.0
2841,43.524139,146.059611,43.437522888183594,146.0948944091797,10.043201433213996,10.0
2842,33.265639,-119.486361,33.34855270385742,-119.48600006103516,9.219656967925664,98.10105895996094
2843,77.251028,-95.463306,77.30522918701172,-95.31576538085938,7.02682572976732,158.93649291992188
2844,8.674972,106.564611,8.716185569763184,106.5,8.452085746878675,10.0
2845,0.889139,103.81125,0.9999492168426514,103.75,14.07812539699645,10.0
2846,2.3325,128.117083,2.2494218349456787,128.0,15.95504214508341,502.6054382324219
2847,10.828306,120.999083,10.9330415725708,121.25,29.771534524835555,17.07656478881836
2848,-0.606667,-47.903722,-0.4999936521053314,-48.0,15.977997615492127,10.0
2849,-15.618333,136.829583,-15.55531120300293,136.75,11.034638296948287,10.0
2850,37.173306,26.765361,37.253475189208984,26.66644859313965,12.497573088955507,120.57245635986328
2851,5.391667,125.324583,5.491572856903076,125.25,13.840896995831976,1849.170654296875
2852,18.080806,-67.947944,18.186677932739258,-68.0,12.994227283213226,749.0081176757812
2853,34.076639,139.472083,34.28387451171875,139.1908416748047,34.645570866813,112.77519226074219
2854,66.496528,-165.007639,66.44532775878906,-165.00335693359375,5.69638727988869,10.0
2855,61.918278,-49.725861,61.95368576049805,-49.653194427490234,5.472819883314519,10.0
2856,-4.693333,149.427056,-4.744568347930908,149.5,9.889410655780342,578.4140014648438
2857,-18.221694,-178.834611,-18.186677932739258,-178.75,9.748740215402728,97.7408218383789
2858,32.245028,-64.832444,32.28615951538086,-64.77066802978516,7.392986420625881,29.812644958496094
2859,-19.130028,146.778722,-19.134098052978516,146.75,3.0510922869822674,10.0
2860,62.553444,-78.000361,62.535709381103516,-78.02405548095703,2.3161223669077087,10.0
2861,-16.150833,-146.398,-16.036428451538086,-146.5,16.75061141205105,1088.9600830078125
2862,-0.473722,-51.275861,,,,
2863,-19.755889,-175.113778,-19.841127395629883,-175.0,15.216195007799435,608.9480590820312
2864,-3.3375,143.501222,-3.248258590698242,143.5,9.924132872821191,746.5376586914062
2865,59.026639,18.339111,58.944847106933594,18.421581268310547,10.249001214140327,39.33729934692383
2866,-17.174639,-179.000083,-17.234085083007812,-179.0,6.610117848951142,10.0
2867,40.99875,8.210806,40.99284744262695,8.318310737609863,9.046212375576259,50.61566162109375
2868,-7.147528,114.47125,-7.230730056762695,114.5,9.78023759074067,102.15619659423828
2869,32.320639,-80.450861,32.20930480957031,-80.51742553710938,13.871975408195706,10.0
2870,6.885833,-58.473778,6.9826507568359375,-58.25,26.94510645034558,10.0
2871,-19.627556,163.61875,-19.605792999267578,163.5,12.671252966073304,41.27360534667969
2872,-11.652972,135.999111,-11.668495178222656,136.0,1.728813883138158,10.0
2873,-55.41,-69.799194,-55.35247039794922,-69.75,7.111907465498943,10.0
2874,-33.674194,-78.94375,-33.633323669433594,-79.0,6.91087828956109,446.1596374511719
2875,-21.922472,-157.968806,-21.943044662475586,-158.0,3.947882605262107,849.5155029296875
2876,31.377528,121.791194,31.312318801879883,121.7235107421875,9.689713842455875,10.293143272399902
2877,76.531667,24.998306,76.56104278564453,24.862890243530273,4.789837657076791,18.22694206237793
2878,54.27325,-130.362611,54.27065658569336,-130.4929656982422,8.468984682993213,10.0
2879,-12.050833,134.842944,-11.913220405578613,134.75,18.339938088741164,10.0
2880,-33.741694,-80.787889,-33.84122085571289,-80.75,11.60756716179881,1237.6607666015625
2881,-54.422528,3.334111,-54.49046325683594,3.25,9.307211171084028,235.73760986328125
2882,-13.174167,166.531278,-13.133454322814941,166.5,5.653668052046938,490.3253479003906
2883,-15.047556,125.141222,-14.831531524658203,125.0,28.41131806791769,28.98859977722168
2884,22.082389,121.490444,22.17357063293457,121.4999771118164,10.18638934491201,884.5711059570312
2885,16.135,-86.942694,16.036428451538086,-87.0,12.55481285493942,10.0
2886,14.999583,40.273306,15.073066711425781,40.25,8.545736232672507,10.0
2887,14.200506,145.247031,14.10532283782959,145.25,10.588739332637559,696.744873046875
2888,18.0975,-73.710444,18.186677932739258,-73.75,10.76106354349947,10.0
2889,55.305,-60.220833,55.2829704284668,-60.09306335449219,8.451940567024286,10.0
2890,-5.385861,134.484611,-5.242669105529785,134.5,16.013137193561946,33.639122009277344
2891,10.141694,98.173222,10.195759773254395,98.25,10.332309762955683,10.0
2892,-1.000667,131.119972,-0.7499786019325256,131.0,30.90234549726224,69.02919006347656
2893,8.274556,-82.377694,8.221638679504395,-82.5,14.689176276779463,23.007186889648438
2894,65.196111,36.0,65.15574645996094,36.12702941894531,7.437205295917904,10.0
2895,70.4725,66.57875,70.45887756347656,66.50827026367188,3.026765806720129,10.0
2896,-59.038361,-26.670806,-59.007381439208984,-26.75,5.692903008227768,1034.6280517578125
2897,-23.369194,-149.531333,-23.32746124267578,-149.5,5.636149144981643,888.4276123046875
2898,54.886639,-159.327556,54.878013610839844,-159.25863647460938,4.511617020065876,10.0
2899,57.538167,-79.7095,57.440433502197266,-79.66719055175781,11.157760601468608,10.0
2900,-54.416694,-72.362556,-54.49046325683594,-72.25,10.964841450546094,10.0
2901,-5.321667,147.552083,-5.491572856903076,147.5,19.75287700788764,1383.170166015625
2902,4.098806,-77.460389,3.9967546463012695,-77.5,12.168467187110114,23.305727005004883
2903,23.264111,68.540361,23.31761360168457,68.5000228881836,7.236485056626345,10.0
2904,11.836611,121.410444,11.913220405578613,121.5,12.943445909128135,250.78268432617188
2905,16.454222,-85.880889,16.516386032104492,-86.0,14.459359189874315,482.26318359375
2906,-3.439222,122.397056,-3.4978253841400146,122.5,13.15350532339432,125.04553985595703
2907,29.858333,-81.309583,29.932619094848633,-81.25712585449219,9.685200134553186,10.0
2908,2.104167,96.608722,1.99959397315979,96.5,16.76828984613919,1177.0257568359375
2909,17.549139,-71.55625,17.472705841064453,-71.5,10.383284737297403,319.9095153808594
2910,78.200611,-101.561,78.17424774169922,-101.73392486572266,4.907911837793375,10.0
2911,-22.427556,149.699611,-22.174745559692383,149.75,28.585255296574918,10.0
2912,-8.0025,-140.720417,-7.974132061004639,-140.75,4.534513013861273,627.7958984375
2913,39.483722,25.0,39.483638763427734,25.035480499267578,3.0449859648731405,78.35112762451172
2914,-10.244167,161.707083,-10.195759773254395,161.75,7.143490167734332,130.32754516601562
2915,68.338333,53.850778,68.34658813476562,53.875282287597656,1.3615484209259876,10.0
2916,34.013194,-120.364167,33.93489074707031,-120.48191833496094,13.918025411286079,787.6932373046875
2917,-35.002083,136.171667,-35.07796096801758,136.25,11.047438543044471,17.71063232421875
2918,-27.611667,-144.382167,-27.61432456970215,-144.5,11.613820538969431,1514.773193359375
2919,38.593333,25.5295,38.64344024658203,25.484582901000977,6.802348936266042,284.050048828125
2920,25.655778,50.738028,25.558757781982422,50.750877380371094,10.864839265341583,10.0
2921,12.157083,52.999139,12.157724380493164,53.0,0.11766789274324597,10.0
2922,18.741528,-64.417944,18.661048889160156,-64.5,12.440865451173748,10.0
2923,-55.350861,-68.989194,-55.494346618652344,-69.0,15.969460801989152,10.0
2924,29.449361,-90.0,29.28343963623047,-90.00390625,18.453522320809277,10.0
2925,64.226389,-73.334556,64.23580932617188,-73.41302490234375,3.935254503432569,10.0
2926,26.721528,-113.187444,26.68838119506836,-113.24961853027344,7.19225316110236,10.0
2927,-7.435,158.174583,-7.478672981262207,158.25,9.629299105701572,10.0
2928,57.385,-76.812917,57.39155578613281,-76.89134216308594,4.756046771217967,46.78016662597656
2929,37.477417,126.482,37.44981002807617,126.5816650390625,9.316685676920091,10.0
2930,-4.298361,55.677889,-4.246108055114746,55.75,9.884178418483788,11.808585166931152
2931,34.674972,-77.003694,34.61684036254883,-77.04035949707031,7.282348027703204,15.120126724243164
2932,-57.777583,-26.517528,-57.82915496826172,-26.5,5.827823091870105,419.34075927734375
2933,-29.000583,167.909583,-28.935306549072266,168.0,11.404200599004431,37.164390563964844
2934,-5.313806,131.996667,-5.242669105529785,132.0,7.918676763656847,551.3741455078125
2935,7.059139,117.258694,6.9826507568359375,117.25,8.559065824921873,10.0
2936,-7.000861,131.997917,-6.9826507568359375,132.0,2.0378984011254526,10.0
2937,10.4725,103.737056,10.441716194152832,103.75,3.704099046491713,10.0
2938,25.412111,37.0,25.34632682800293,37.00102996826172,7.315608108781701,10.0
2939,79.568884,99.996692,79.55504608154297,100.2850112915039,6.008669249081955,40.91557693481445
2940,-9.000833,152.393778,-8.963215827941895,152.5,12.393707974910553,75.30074310302734
2941,58.394111,19.172417,58.14230728149414,19.00467872619629,29.668031311256335,110.02383422851562
2942,71.281972,-96.525722,71.3030776977539,-96.38599395751953,5.508269374672846,10.0
2943,-9.000889,143.384556,-8.963215827941895,143.5,13.35347388250741,10.0
2944,63.711167,-72.461417,63.6913948059082,-72.53459167480469,4.222491455057564,10.0
2945,-18.415,178.09625,-18.424028396606445,178.0,10.203725398449802,27.625934600830078
2946,-24.358417,-128.348806,-24.47026252746582,-128.25,15.961108065332809,2285.271728515625
2947,67.885833,-111.0,67.86701965332031,-111.0562744140625,3.151151200424184,12.95233154296875
2948,62.666722,-91.010694,62.6711311340332,-90.99239349365234,1.055121996108961,10.0
2949,24.523361,-97.67875,24.46011734008789,-97.50010681152344,19.396595333791545,45.38014221191406
2950,43.949371,-60.005378,43.901756286621094,-60.103267669677734,9.460083842455589,10.0
2951,69.954694,-97.45875,69.95441436767578,-97.56159973144531,3.92011941078282,20.7921142578125
2952,76.493278,-84.006694,76.39246368408203,-84.0467300415039,11.25852470349566,107.67662811279297
2953,-4.110861,121.38125,-3.9967546463012695,121.25,19.311075858847488,66.98347473144531
2954,-1.688778,149.995861,-1.7497279644012451,150.25,29.04797482116004,918.6134033203125
2955,0.999083,107.529611,0.9999492168426514,107.5,3.2935052611665965,10.0
2956,-17.16,177.197111,-17.234085083007812,177.25,9.971245842840721,37.180419921875
2957,43.869194,15.21875,43.839202880859375,15.133805274963379,7.583740087103599,91.38460540771484
2958,20.803333,-78.954583,20.7789363861084,-78.75,21.43956398233657,10.0
2959,51.274972,-179.150917,51.230796813964844,-179.17678833007812,5.2316577997681675,68.32339477539062
2960,-20.512528,116.810389,-20.54502296447754,116.75,7.252685956699465,10.0
2961,4.744167,107.999556,4.495380878448486,108.0,27.66383651602965,51.8121452331543
2962,12.433222,-61.504667,12.40200424194336,-61.5,3.508063188742993,36.71516418457031
2963,-17.096694,168.325444,-16.99515724182129,168.25,13.84921785054585,331.72149658203125
2964,21.604583,-82.0,21.710662841796875,-82.0,11.79555651976356,10.0
2965,48.789944,-123.215556,48.807491302490234,-123.12852478027344,6.666521465068704,152.1640167236328
2966,64.144972,-64.597528,64.17849731445312,-64.5465087890625,4.473274771289929,10.0
2967,-22.453361,-151.377917,-22.406063079833984,-151.5,13.605655244264122,2814.96240234375
2968,34.854167,24.035389,34.80266189575195,24.08430290222168,7.2617620147226765,72.57424926757812
2969,12.659139,125.025417,12.646055221557617,125.0,3.1178556138047893,10.0
2970,-56.715,-27.210833,-56.74843978881836,-27.25,4.419698717782157,636.9893188476562
2971,7.3325,151.554528,7.230730056762695,151.5,12.81527921568366,2263.248291015625
2972,57.325389,-78.402472,57.295372009277344,-78.3485336303711,4.651173882546575,10.0
2973,23.088333,-73.823778,23.09573745727539,-73.75005340576172,7.585784614150461,49.27828598022461
2974,71.829167,138.30125,71.8419418334961,138.2954864501953,1.434479960745338,10.0
2975,19.185389,94.0,18.897741317749023,93.75,41.395109744305266,10.49048900604248
2976,-2.196694,133.777917,-2.2494218349456787,134.25,52.780456274755025,679.856689453125
2977,68.327139,-100.155611,68.3522720336914,-100.0879898071289,3.9386128153886206,10.0
2978,-18.951667,-178.981333,-18.897741317749023,-179.0,6.309557049023897,352.3172302246094
2979,-36.201694,175.042944,-36.29623794555664,175.0,11.195948262152811,54.67716979980469
2980,-5.513361,119.247917,-5.491572856903076,119.25,2.433679485690428,10.0
2981,58.910833,-152.3725,58.840633392333984,-152.3348388671875,8.100425479364672,62.37416458129883
2982,64.356611,35.991694,64.3877182006836,36.0601692199707,4.775998859061261,11.557023048400879
2983,-19.176667,179.742083,-19.134098052978516,179.75,4.805950543287323,50.99782180786133
2984,47.594583,-53.0,47.744197845458984,-53.09185028076172,18.002048962755204,145.5100860595703
2985,63.516639,-78.450639,63.46000289916992,-78.47904205322266,6.453524946581657,10.0
2986,-18.904222,178.462083,-19.134098052978516,178.5,25.87001080637768,1763.943115234375
2987,76.549583,93.969944,76.36334991455078,94.38069152832031,23.307219822603855,45.69296646118164
2988,-25.5075,-48.384611,-25.602783203125,-48.25,17.16409084522817,10.0
2989,77.505806,82.214944,77.51280975341797,82.26979064941406,1.5317760324206418,10.0
2990,27.949972,121.038722,27.980436325073242,120.99394989013672,5.550648054383206,10.0
2991,65.798167,-169.0,65.717529296875,-168.93324279785156,9.470368809320522,11.594019889831543
2992,15.743306,42.375417,15.796011924743652,42.5,14.562935800294367,32.23928451538086
2993,24.434556,122.998333,24.232473373413086,122.99958801269531,22.470953634937587,497.773193359375
2994,-10.288333,166.225472,-10.195759773254395,166.25,10.637833159300598,37.32872772216797
2995,-3.250444,143.999194,-3.248258590698242,144.0,0.25895714840595463,10.864143371582031
2996,77.639556,92.0,77.65312957763672,92.1703109741211,4.3236337521211246,23.584033966064453
2997,-8.3,124.31375,-8.221638679504395,124.25,11.186391252389313,98.32395935058594
2998,68.349472,-66.931667,68.40182495117188,-66.92628479003906,5.82556699271405,10.0
2999,58.381639,16.779139,58.4113883972168,16.876052856445312,6.544750122453859,10.0
3000,-16.059583,-145.620028,-16.036428451538086,-145.5,13.082271954856605,1559.4935302734375
3001,6.551667,99.166222,6.734439849853516,99.25,22.330766217677883,16.931550979614258
3002,39.497917,123.0,39.562232971191406,122.962646484375,7.836361473876529,10.0
3003,-0.032528,129.578778,-0.24999921023845673,129.75,30.77724094786075,1131.99853515625
3004,-41.800028,-73.254611,-41.916812896728516,-73.25,12.99151953558352,195.170654296875
3005,17.281694,-87.86375,17.234085083007812,-87.75,13.188148934097294,1244.1014404296875
3006,13.919972,121.737056,13.86273193359375,121.75,6.516368551611899,36.308372497558594
3007,26.295778,54.485444,26.212242126464844,54.50120162963867,9.42076217620916,89.54344177246094
3008,13.214972,98.488722,13.133454322814941,98.5,9.146238430440023,10.0
3009,29.700056,-84.762444,29.71453857421875,-84.75586700439453,1.7311414139024994,10.0
3010,29.64575,129.685389,29.70905303955078,129.73670959472656,8.609851339959006,590.2039184570312
3011,74.720833,-57.716278,74.68175506591797,-57.80986022949219,5.140013855993945,10.0
3012,76.678333,97.3015,76.8454818725586,96.9663314819336,20.451890370185197,22.25179672241211
3013,-12.885833,48.539583,-12.889873504638672,48.5,4.3140153116266715,13.607589721679688
3014,-2.678361,150.521278,-2.7489447593688965,150.5,8.196673116258093,616.4191284179688
3015,24.744167,141.282917,24.691999435424805,141.24948120117188,6.712288427265341,680.6985473632812
3016,-8.691278,118.0,-8.963215827941895,118.0,30.238148596531612,568.3596801757812
3017,12.532528,-16.740417,12.646055221557617,-16.75,12.666433187899552,10.0
3018,-12.197528,40.564583,-12.157724380493164,40.75,20.633806381514457,1012.3955078125
3019,50.799972,-1.115861,50.729087829589844,-1.0208600759506226,10.332914572905779,10.0
3020,2.999139,107.753722,2.9986300468444824,107.75,0.4171579524527347,29.247413635253906
3021,-5.564167,114.397028,-5.491572856903076,114.5,13.965831484577892,14.92554759979248
3022,25.799972,-77.900444,25.81180191040039,-78.00080108642578,10.132103114293676,36.2055778503418
3023,47.412111,-54.188361,47.366859436035156,-54.07185363769531,10.111568767274015,180.767578125
3024,-6.759139,129.477056,-6.734439849853516,129.5,3.736567382707728,210.77444458007812
3025,30.698333,122.422056,30.707111358642578,122.22905731201172,18.47814033047586,10.0
3026,-1.85,127.562889,-1.7497279644012451,127.5,13.159412694877993,412.32464599609375
3027,73.102472,119.608556,73.1196517944336,119.46280670166016,5.081079344702881,10.0
3028,-49.690028,178.750833,-49.73710250854492,178.75,5.2347963876116355,337.0570373535156
3029,5.818722,103.0,5.740372657775879,103.0,8.712061394855699,10.0
3030,20.999167,107.570417,21.012439727783203,107.75,18.700035197781002,10.0
3031,51.065833,-127.614222,51.017696380615234,-127.65930938720703,6.211807323791214,102.21588134765625
3032,11.867472,97.639528,11.668495178222656,97.75,25.182235296717263,43.0
3033,-0.799194,-46.672083,-0.7499786019325256,-46.75,10.246917393396124,10.0
3034,10.346111,-75.540472,10.441716194152832,-75.75,25.261931126027196,692.9302368164062
3035,-2.7125,134.799556,-2.7489447593688965,134.75,6.835055355613885,588.3024291992188
3036,-45.309167,-73.432056,-45.00071716308594,-73.5,34.70943149033436,10.0
3037,16.875778,41.564556,16.99515724182129,41.5,14.945403949443003,104.0095443725586
3038,22.431667,69.58875,22.402690887451172,69.5,9.675071394769391,10.0
3039,-51.695,-61.330861,-51.79230880737305,-61.25,12.168503754822407,10.0
3040,58.525806,-63.099139,58.588687896728516,-62.626766204833984,28.277782593374788,69.11180114746094
3041,56.715833,11.5125,56.757301330566406,11.64363956451416,9.232104421391426,10.811400413513184
3042,33.999083,132.641028,34.005226135253906,132.689208984375,4.49366821028878,25.85613250732422
3043,-1.847111,136.999139,-1.7497279644012451,137.0,10.828937263661956,12.05396842956543
3044,25.696639,-79.307111,25.811105728149414,-79.50077819824219,23.199152788669906,776.1318969726562
3045,38.639139,20.734583,38.63523483276367,20.727449417114258,0.7565466206569781,84.012939453125
3046,37.933333,12.268722,38.003692626953125,12.176097869873047,11.275430786957639,249.67945861816406
3047,-44.535028,-73.377944,-44.46793746948242,-73.5,12.221134892521615,96.38300323486328
3048,26.699167,142.122889,26.709177017211914,142.2476806640625,12.446033885438066,270.34246826171875
3049,82.104417,-19.585972,82.0843734741211,-19.913318634033203,5.480090520197057,107.55167388916016
3050,-4.711722,131.716222,-4.744568347930908,131.75,5.229815343421224,111.47557830810547
3051,-5.417528,39.574583,-5.491572856903076,39.5,11.659588602829842,574.98876953125
3052,27.067861,128.0,27.1290225982666,127.99632263183594,6.8106039157429015,225.55360412597656
3053,4.267472,100.535444,4.246108055114746,100.5,4.592469459951112,10.0
3054,52.411972,-78.803361,52.37485885620117,-78.81156158447266,4.164145733651313,10.0
3055,29.268306,50.282056,29.36744499206543,50.2581787109375,11.264215544544745,28.591083526611328
3056,16.49,40.127056,16.516386032104492,40.0,13.860086573012605,69.80770874023438
3057,-59.475861,-27.264139,-59.518470764160156,-27.25,4.804730052856389,1078.247802734375
3058,40.76981,-72.756808,40.757781982421875,-72.69771575927734,5.153331513128799,17.313095092773438
3059,4.956639,118.300361,4.744568347930908,118.25,24.2323789653561,10.0
3060,-56.303333,-27.614222,-56.33494567871094,-27.5,7.871938843870849,185.9939727783203
3061,-21.675,150.242083,-21.710968017578125,150.0,25.329756281598335,20.0
3062,56.111639,-76.7515,56.11256408691406,-76.80854034423828,3.5379409003066953,60.82021713256836
3063,67.881056,-114.0,67.88452911376953,-113.9229736328125,3.247769007390514,10.0
3064,43.029972,9.798694,42.995872497558594,9.737788200378418,6.236924785642014,210.69601440429688
3065,46.246167,141.245472,46.27058792114258,141.23309326171875,2.877426211562361,10.0
3066,3.594917,108.068667,3.4978253841400146,108.0,13.214868170911314,49.13047790527344
3067,-1.634167,-49.26625,,,,
3068,52.375806,175.869139,52.308101654052734,175.87228393554688,7.531421156586024,252.835205078125
3069,26.146667,50.378694,26.215120315551758,50.50141906738281,14.4191276153152,10.0
3070,1.713306,124.727917,1.7497279644012451,124.75,4.735622266318846,40.98512268066406
3071,50.814972,-57.279167,50.74814987182617,-57.29350280761719,7.498339417558146,10.0
3072,63.515611,-90.667778,63.507320404052734,-90.6907958984375,1.4673252542983213,10.0
3073,10.066583,99.817972,9.949613571166992,99.75,14.985573733928932,12.955216407775879
3074,65.779972,-36.319167,65.74869537353516,-36.18471908569336,7.0537654578681686,10.0
3075,56.097528,15.635806,56.109283447265625,15.777027130126953,8.854562785688422,10.0
3076,11.770778,-66.698778,11.668495178222656,-66.75,12.667075621403521,1192.0792236328125
3077,73.298333,-56.421361,73.23873138427734,-56.37698745727539,6.777922626606172,12.034096717834473
3078,70.621667,56.006111,70.5857162475586,55.72664260864258,11.067356794579881,10.0
3079,22.07,-81.457917,21.94255256652832,-81.50000762939453,14.820982744712282,10.0
3080,0.84625,172.999194,0.7499786019325256,173.0,10.705280923095753,2397.565185546875
3081,11.030833,98.640417,10.9330415725708,98.5,18.79314061217925,10.0
3082,12.784167,97.836278,12.889873504638672,98.0,21.2890150584613,41.57378005981445
3083,10.265806,-65.847944,10.441716194152832,-65.75,22.30218222931747,244.9619598388672
3084,-1.203361,136.567083,-1.2499008178710938,136.5,9.077238622152533,10.0
3085,-3.877528,-32.478778,-3.9967546463012695,-32.5,13.46482114416623,3097.53857421875
3086,58.154556,23.993306,58.17366027832031,23.957462310791016,2.988754496551832,10.0
3087,0.454972,173.809611,0.4999936521053314,173.75,8.306334651316702,2670.986083984375
3088,76.757972,-121.008861,76.74327087402344,-120.90525817871094,3.1053785958734537,10.0
3089,43.729222,-70.0,43.711769104003906,-70.1140365600586,9.367538106321627,10.0
3090,-12.066722,-77.252972,-12.157724380493164,-77.25,10.124174451231125,55.384483337402344
3091,39.192083,118.997472,39.08213424682617,118.98822021484375,12.251772331546343,15.361641883850098
3092,-0.585,174.373778,-0.4999936521053314,174.25,16.696190742695823,373.0685119628906
3093,-11.00125,40.707472,-10.9330415725708,40.75,8.89251974314855,301.4996032714844
3094,42.756639,17.82875,42.72690963745117,17.78337860107422,4.96553947853404,10.0
3095,59.999111,27.899139,60.02772521972656,27.80351448059082,6.194005722299729,10.0
3096,-15.963333,-173.766306,-16.036428451538086,-173.75,8.312626201094801,657.5979614257812
3097,-6.430833,-80.877111,-6.486102104187012,-81.0,14.904001305765208,518.1282958984375
3098,-18.87,-159.805472,-18.897741317749023,-159.75,6.601273330420204,214.5277862548828
3099,48.449972,-5.14130600000004,48.50705337524414,-5.2444634437561035,9.904815231928714,120.82451629638672
3100,25.049167,119.09375,25.130352020263672,119.24906158447266,18.058649009266297,10.035429000854492
3101,-14.185,144.22625,-14.10532283782959,144.25,9.222374106998386,10.0
3102,4.810833,119.80875,4.744568347930908,119.75,9.832199452674557,600.6180419921875
3103,-23.120417,-135.002556,-23.097698211669922,-135.0,2.5397065822984164,44.29618835449219
3104,76.931028,-109.304111,76.8930892944336,-109.4050064086914,4.924508069913424,136.3353271484375
3105,56.071028,-156.700278,56.126625061035156,-156.81338500976562,9.350292930104077,13.487706184387207
3106,-8.448306,116.837889,-8.46899127960205,116.75,9.936399864493985,183.74998474121094
3107,12.969556,92.999056,12.889873504638672,93.25,28.603156878607688,906.939453125
3108,71.071667,-25.67375,71.05393981933594,-25.123605728149414,19.950226928140538,307.8345642089844
3109,71.414944,-175.83375,71.4294204711914,-175.7860565185547,2.333638691750006,19.285795211791992
3110,10.187472,124.193722,10.195759773254395,124.25,6.227660405533017,10.0
3111,62.545,-64.362528,62.53285217285156,-64.37467956542969,1.4875663245701936,10.0
3112,64.167889,-76.538222,64.15248107910156,-76.48497772216797,3.097462316893353,10.0
3113,70.537056,-116.251722,70.51406860351562,-116.15453338623047,4.417492767721905,10.0
3114,62.365833,5.497472,62.41214370727539,5.458049774169922,5.535802428828723,53.2409553527832
3115,70.64425,162.25625,70.66845703125,162.06163024902344,7.656854365271776,10.0
3116,55.117917,-161.613028,55.057979583740234,-161.58889770507812,6.839370371259534,10.0
3117,-51.064194,-61.132528,-51.32603454589844,-60.75,39.47424407699744,10.0
3118,22.67325,121.455194,22.634708404541016,121.49994659423828,6.281420346081616,54.87718963623047
3119,56.321778,-77.832306,56.321693420410156,-77.89620208740234,3.9398995453759826,10.0
3120,-8.892083,160.0,-8.963215827941895,160.0,7.90962051023727,10.0
3121,-23.875833,-147.70125,-23.785791397094727,-147.75,11.172802575683484,2439.083251953125
3122,25.638889,-112.1,25.581878662109375,-112.24984741210938,16.307843332341825,49.092437744140625
3123,0.5825,104.18625,0.4999936521053314,104.25,11.593651785436535,10.0
3124,-1.750028,142.82375,-1.7497279644012451,142.75,8.196880743006698,1815.36572265625
3125,83.246528,-43.437806,83.26520538330078,-43.01066970825195,5.951752177441253,97.00874328613281
3126,73.419167,127.396278,73.52747344970703,127.27627563476562,12.627153386505606,10.0
3127,16.293333,42.292083,16.276554107666016,42.25,4.863757196919836,21.21113395690918
3128,66.711361,-84.004889,66.3362808227539,-83.68602752685547,44.03370952026075,107.37712860107422
3129,59.934944,30.210833,59.97721862792969,29.91029167175293,17.379316019603724,10.0
3130,-18.476639,-136.471278,-18.424028396606445,-136.5,6.587968827486467,848.2867431640625
3131,17.657444,-88.178167,17.711013793945312,-88.0,19.792728613497154,121.32115173339844
3132,-2.570028,147.259583,-2.499207019805908,147.25,7.946571416546426,235.93890380859375
3133,-14.376694,125.92625,-14.347655296325684,126.0,8.575475727204347,10.0
3134,-7.5675,158.706306,-7.478672981262207,158.75,10.989021368901138,596.06640625
3135,18.192528,38.416278,18.186677932739258,38.5,8.868157929325994,10.0
3136,62.119222,-67.512333,62.044471740722656,-67.39828491210938,10.214821122582636,17.193897247314453
3137,-19.155861,-178.429583,-19.134098052978516,-178.5,7.782742089990199,499.43023681640625
3138,71.026889,-87.510111,71.05458068847656,-87.64683532714844,5.820579499978601,10.0
3139,51.9475,-175.747556,51.98535919189453,-175.72772216796875,4.423620328286257,18.60918617248535
3140,-20.053306,163.785528,-20.07611083984375,164.0,22.54384866957982,10.0
3141,22.565,-82.530444,22.63551139831543,-82.5000228881836,8.439571804027015,10.0
3142,-10.915,142.652111,-10.9330415725708,142.75,10.874189526048083,10.0
3143,-14.718,-145.243139,-14.831531524658203,-145.25,12.645681691753783,2833.943115234375
3144,14.450806,122.897056,14.347655296325684,123.0,15.952592808536382,10.0
3145,59.345806,23.859139,59.40855407714844,23.844820022583008,7.024257150267281,63.12166976928711
3146,47.998472,-69.480306,48.1549072265625,-69.30518341064453,21.722135076859534,57.14853286743164
3147,56.998694,23.933944,56.99462127685547,23.90762710571289,1.6570112717976409,10.0
3148,-15.779194,-145.159583,-15.796011924743652,-145.0,17.17755118981121,1401.4063720703125
3149,35.585833,126.247083,35.62173080444336,126.14579772949219,9.989241268589062,29.817289352416992
3150,-12.070861,131.059611,-12.157724380493164,131.0,11.631565896041133,10.0
3151,-4.938306,115.622917,-4.99366569519043,115.5,14.943257352875888,32.27876663208008
3152,-17.665056,-178.833806,-17.711013793945312,-178.75,10.24395402832863,91.76638793945312
3153,17.494139,55.82625,17.472705841064453,55.75,8.430813964447559,58.062313079833984
3154,-17.842528,-140.758778,-17.949007034301758,-140.75,11.876322884063455,2766.131591796875
3155,-8.781694,146.508722,-8.963215827941895,146.5,20.207067281713005,116.17292022705078
3156,25.584167,55.583694,25.556407928466797,55.50071334838867,8.877221022781331,18.19785499572754
3157,51.327139,-80.486444,51.366729736328125,-80.30420684814453,13.400622909056896,10.0
3158,54.194167,-164.889167,54.22113800048828,-164.92784118652344,3.9140583205364408,40.60894775390625
3159,48.856639,-53.784556,48.87340545654297,-53.71952819824219,5.108968942914898,10.0
3160,-20.455,115.51125,-20.778942108154297,115.5,36.03979206171149,10.0
3161,6.291639,121.999611,6.23764181137085,122.0,6.004375670585093,777.7050170898438
3162,-8.3,156.514583,-8.221638679504395,156.5,8.859931758283432,161.2092742919922
3163,21.759167,-82.577083,21.71065902709961,-82.5,9.616931171039731,10.0
3164,-16.11,124.05125,-16.036428451538086,124.0,9.844374339749665,10.0
3165,-18.312083,-137.0,-18.424028396606445,-137.0,12.447777357428201,1066.068115234375
3166,71.275833,-21.781278,71.3271484375,-21.677629470825195,6.797836235267266,17.771203994750977
3167,9.299972,103.447111,9.210078239440918,103.5,11.558823686997481,10.0
3168,30.230806,-89.154611,30.334165573120117,-89.25637817382812,15.085804024644498,10.0
3169,27.916667,51.403722,27.923051834106445,51.25386428833008,14.740978023515435,22.39078140258789
3170,0.795806,108.697056,0.7499786019325256,108.75,7.785805645807283,10.0
3171,52.579917,-79.589111,52.5499267578125,-79.59483337402344,3.3571229110624023,10.0
3172,-14.788306,129.672111,-14.831531524658203,129.5,19.116236426189257,10.0
3173,-17.592528,178.999583,-17.711013793945312,179.0,13.17511145609031,818.6121215820312
3174,51.9975,143.169167,52.02252960205078,143.3340301513672,11.621930836108833,18.116228103637695
3175,76.665833,-18.734972,76.68685913085938,-18.830867767333984,3.3918651706973546,10.0
3176,-3.94,134.66875,-3.9967546463012695,134.5,19.754350615922718,16.445615768432617
3177,25.6,-109.160417,25.58167839050293,-109.24993133544922,9.205393411196145,11.357213973999023
3178,25.311639,-76.857083,25.364904403686523,-76.7505874633789,12.23213027968859,10.0
3179,77.489111,-66.638278,77.45832824707031,-67.76822662353516,27.464448949988,619.9954223632812
3180,-9.855861,167.159583,-9.949613571166992,167.25,14.379457584042823,62.399436950683594
3181,39.041611,122.704556,39.05582809448242,122.74413299560547,3.765594877310083,16.923418045043945
3182,49.7625,-56.848778,50.17348098754883,-56.439476013183594,54.27121933122016,185.2768096923828
3183,10.287472,-64.675444,10.195759773254395,-64.75,13.059627253497096,10.0
3184,27.465,121.043806,27.550151824951172,120.99520874023438,10.612421156890322,14.441638946533203
3185,-15.985889,-140.169639,-16.036428451538086,-140.25,10.264224377777248,1267.8740234375
3186,76.086639,141.21175,76.10493469238281,141.1322784423828,2.9407396646723614,10.0
3187,58.384944,21.805806,58.38396072387695,21.795719146728516,0.5980455947070509,10.0
3188,-17.240833,123.533778,-17.234085083007812,123.5,3.6648811569312705,10.0
3189,39.996667,128.227083,39.9349479675293,128.20236206054688,7.17895000579917,61.29109191894531
3190,-5.523778,121.999167,-5.491572856903076,122.0,3.5822401383112528,29.18251609802246
3191,-34.115833,122.232917,-34.048614501953125,122.25,7.6381493137445515,15.439937591552734
3192,23.187472,-80.707944,23.095277786254883,-80.75005340576172,11.119009621263041,10.0
3193,-9.857528,142.897083,-9.949613571166992,142.75,19.089712817552595,10.0
3194,36.740833,21.691194,36.678646087646484,21.640409469604492,8.264967057103913,2410.785888671875
3195,27.069083,-110.0,26.907161712646484,-109.99978637695312,18.00486298109078,30.4949893951416
3196,0.320111,-50.619028,0.4999936521053314,-50.25,45.64857304471509,10.0
3197,-18.345028,-140.78125,-18.424028396606445,-140.75,9.382969883108544,783.5525512695312
3198,-21.780861,-138.896306,-21.710968017578125,-139.0,13.232472318774388,3573.737060546875
3199,-6.603361,120.417083,-6.486102104187012,120.5,15.934514048867708,64.61326599121094
3200,37.447444,121.57375,37.48802185058594,121.57440948486328,4.51243272762588,13.092409133911133
3201,43.6975,15.818778,43.634986877441406,15.86743450164795,7.977197626497924,10.0
3202,58.603833,-78.651056,58.58046340942383,-78.79926300048828,8.972636569305587,98.7981948852539
3203,15.747444,80.792917,15.796011924743652,80.75,7.0891883737185015,10.0
3204,-15.623333,-38.952972,-15.55531120300293,-38.75,23.017446135919574,25.718303680419922
3205,11.189111,72.775444,11.178401947021484,72.75,3.020183044422714,60.45000457763672
3206,72.504167,129.296167,72.53376007080078,129.4647979736328,6.52335529823137,10.0
3207,-16.623361,-143.55875,-16.516386032104492,-143.5,13.442417781223599,1620.779052734375
3208,-11.087556,152.546306,-11.178401947021484,152.5,11.29453506410473,10.0
3209,37.806306,125.0,37.76131820678711,125.06575012207031,7.642731760239495,23.66147804260254
3210,-15.4575,-145.558722,-15.55531120300293,-145.5,12.564966356718488,266.4485778808594
3211,34.509972,136.843694,34.45384216308594,136.9349822998047,10.43874262514778,12.755298614501953
3212,59.314972,155.514167,59.31454086303711,155.5534210205078,2.2279943900411547,10.0
3213,14.622472,42.899556,14.589726448059082,42.75,16.49924024333818,11.82726001739502
3214,38.914167,118.512056,38.90134811401367,118.49897003173828,1.8203974661111015,16.3684139251709
3215,73.62875,123.227472,73.67236328125,123.25732421875,4.938780187888214,10.0
3216,34.672472,125.17875,34.676307678222656,125.67024230957031,44.947308100366584,44.32131576538086
3217,27.134111,35.747944,27.098464965820312,35.75346755981445,4.001186230479891,21.03422737121582
3218,-34.760861,138.517083,-34.66775131225586,138.25,26.516790434726403,17.092201232910156
3219,-2.659222,131.572944,-2.7489447593688965,131.5,12.852129629857671,127.44326782226562
3220,68.413,-97.853917,68.4037094116211,-98.01258850097656,6.574282189952724,10.0
3221,21.975778,-83.615472,21.942529678344727,-83.50000762939453,12.468327880148134,13.807910919189453
3222,-17.94,146.135417,-17.949007034301758,146.25,12.162587755533094,21.05957794189453
3223,-19.657528,-174.306278,-19.605792999267578,-174.25,8.236108580904906,450.499267578125
3224,-4.368389,154.106222,-4.246108055114746,153.75,41.77309470999505,3013.329833984375
3225,50.175833,-60.134194,50.11050796508789,-60.00023651123047,11.99541634238607,99.66648864746094
3226,71.5825,135.206194,71.549560546875,135.27700805664062,4.42888591330597,10.0
3227,69.707167,-141.471667,69.77572631835938,-141.3921356201172,8.21545511365522,20.879514694213867
3228,-4.665,39.349472,-4.744568347930908,39.25,14.135003863802641,20.0
3229,54.586639,139.1975,54.48442840576172,139.15457153320312,11.697893395554678,52.27406692504883
3230,22.639972,-79.233722,22.635629653930664,-79.2500228881836,1.7412180493510923,18.955419540405273
3231,53.845,-56.989194,53.79966354370117,-57.10319519042969,9.022478101848163,10.0
3232,70.880417,-159.002611,70.87371826171875,-159.1546630859375,5.5886717950218445,10.0
3233,-1.540056,145.04125,-1.4998286962509155,145.0,6.405648553881131,10.0
3234,75.547472,89.504917,75.57697296142578,89.62752532958984,4.723913055500641,28.34161376953125
3235,51.581639,-10.244167,51.60087966918945,-10.365431785583496,8.646083048974173,72.76625061035156
3236,-7.540861,117.283778,-7.726475238800049,117.25,20.97242518877789,416.5310974121094
3237,-15.069194,-147.537111,-14.831531524658203,-147.5,26.725944047813922,1531.7772216796875
3238,-6.9725,105.762917,-6.9826507568359375,105.75,1.818386251708181,52.127105712890625
3239,63.117528,-67.793806,63.12477111816406,-67.7036361694336,4.604002280157338,162.98171997070312
3240,6.999583,171.651667,6.9826507568359375,171.5,16.84478842159954,2403.584228515625
3241,-15.330028,-146.227083,-15.314327239990234,-146.25,3.014660083005121,301.3394775390625
3242,71.600806,-179.353861,71.62822723388672,-179.5341033935547,7.018376694163222,10.317651748657227
3243,11.464194,43.332056,11.423554420471191,43.5,18.85287695314183,10.0
3244,1.914167,73.517056,1.99959397315979,73.5,9.68632056605065,30.108585357666016
3245,12.524167,101.445444,12.40200424194336,101.5,14.819210721684117,10.839839935302734
3246,-3.380889,154.720417,-3.4978253841400146,154.75,13.410938854263787,873.3040161132812
3247,79.012417,104.198278,78.98165893554688,104.44351196289062,6.227705138298013,10.0
3248,-0.90425,42.129583,-0.9999492168426514,42.25,17.10185647120007,368.8582458496094
3249,-17.355861,-145.599583,-17.234085083007812,-145.25,39.50737123897202,3229.88720703125
3250,67.499194,12.075722,67.49467468261719,11.965677261352539,4.710168483477225,16.041311264038086
3251,67.62,-32.925861,67.56454467773438,-33.07572555541992,8.853008787198009,26.124563217163086
3252,15.488278,40.333722,15.55531120300293,40.25,11.662696737445609,86.46532440185547
3253,37.022444,-7.80883299999999,37.05131912231445,-7.671670913696289,12.590940944704611,26.34345245361328
3254,-22.255833,166.382944,-22.174745559692383,166.25,16.388643890546383,10.0
3255,-38.692528,146.696222,-38.676361083984375,146.75,5.002067242022355,10.0
3256,-14.9055,-148.109611,-14.831531524658203,-148.0,14.36733888828981,1211.19921875
3257,24.898306,-80.661306,24.91409683227539,-80.75037384033203,9.152826383990764,10.0
3258,70.566639,-149.638917,70.54329681396484,-149.7600860595703,5.182177168403262,10.0
3259,42.643278,131.420417,42.584800720214844,131.5066375732422,9.59491714852477,72.08872985839844
3260,26.500833,-76.987139,26.700345993041992,-77.0014877319336,22.230686191308948,1094.68310546875
3261,25.595806,58.497889,25.5551815032959,58.50060272216797,4.525437008115364,10.0
3262,18.463333,41.05375,18.424028396606445,41.0,7.158704129011473,10.0
3263,26.649139,36.046278,26.665119171142578,36.00265121459961,4.68546176250306,10.0
3264,66.3075,72.3075,66.29305267333984,72.12471771240234,8.325747211925844,10.0
3265,4.581639,168.684611,4.495380878448486,168.75,12.022143417015238,2479.015380859375
3266,70.406639,31.053722,70.44159698486328,31.16057014465332,5.563866371556133,122.14495849609375
3267,-16.423361,-144.286278,-16.516386032104492,-144.25,11.043616281917576,1145.3115234375
3268,74.3275,115.991306,74.32573699951172,116.0547866821289,1.9169907596517282,10.0
3269,69.9425,169.187417,69.95697021484375,169.2378387451172,2.5067548008013403,10.0
3270,7.430806,168.551278,7.478672981262207,168.5,7.764903921107368,1803.7061767578125
3271,-16.713333,-145.178,-16.755922317504883,-145.25,9.011638586409656,484.25732421875
3272,6.731639,73.149583,6.734439849853516,73.25,11.093240291795945,1419.050048828125
3273,-14.160861,-141.227083,-14.10532283782959,-141.25,6.6516258975658555,1989.433837890625
3274,22.742306,-97.805833,22.6351261138916,-97.75000762939453,13.222549134439877,17.950637817382812
3275,-8.543333,-172.510444,-8.46899127960205,-172.5,8.345842288985462,810.4918823242188
3276,-8.952944,-158.0,-8.963215827941895,-158.0,1.142176732143974,166.9864959716797
3277,-8.804194,13.217889,-8.716185569763184,13.25,10.402941959210517,17.144329071044922
3278,-40.035,-62.174583,-40.029483795166016,-62.25,6.450243806224621,10.0
3279,67.737194,-164.552722,67.777587890625,-164.7238006591797,8.48681050471799,10.0
3280,11.989139,-67.677972,11.913220405578613,-67.75,11.517789618292513,1242.0087890625
3281,30.134139,49.153778,30.171791076660156,49.26205062866211,11.220654314439562,10.0
3282,-19.610056,-140.419639,-19.605792999267578,-140.5,8.430909587293842,2521.31689453125
3283,-16.146694,-142.520417,-16.276554107666016,-142.5,14.603436478638104,1601.0689697265625
3284,-8.066694,178.368778,-7.974132061004639,178.25,16.64262796172227,668.2620849609375
3285,5.281667,153.647917,5.242669105529785,153.75,12.106545662469362,2279.677978515625
3286,-9.330028,-171.21725,-9.210078239440918,-171.25,13.813577724683867,2189.834228515625
3287,70.141694,-145.77875,70.15757751464844,-145.90335083007812,5.025262865816176,10.0
3288,-9.140083,-171.797139,-9.210078239440918,-171.75,9.34629032360662,1719.783447265625
3289,22.403333,36.532889,22.40373992919922,36.500030517578125,3.378232407414842,10.0
3290,45.535861,35.090417,45.02505874633789,35.451297760009766,63.429662113110155,21.813814163208008
3291,9.108333,167.317972,8.963215827941895,167.25,17.779125470130268,3786.2763671875
