lon,lat,phi0
72.75,-69.0622787475586,-0.11505944
72.75,18.4240283966064,0.06171891
72.75,18.6610488891602,0.07876364
72.75,18.897741317749,0.06711758
72.75,19.1340980529785,0.04937381
72.75,19.3701171875,0.02715935
72.75,20.3107452392578,0.07288668
72.75,20.5450210571289,0.07430802
72.75,20.778923034668,0.09183139
72.75,21.012414932251,0.10073021
73,-69.1514358520508,-0.11590964
73,17.2340850830078,0.0799751
73,17.4727058410645,0.08797432
73,17.7110137939453,0.07072906
73,17.9490070343018,0.07475887
73,18.1866779327393,0.05921922
73.25,-69.240234375,-0.11705976
73.25,-53.1625823974609,-0.17921145
73.25,16.0364284515381,0.07040375
73.25,16.276554107666,0.08610764
73.25,16.5163860321045,0.08217701
73.25,16.7559223175049,0.08048844
73.25,16.9951572418213,0.07121715
73.5,-69.3286666870117,-0.11803822
73.5,-53.3122062683105,-0.18813026
73.5,-53.0124320983887,-0.21728895
73.5,15.7960119247437,0.07954454
73.75,-69.5044479370117,-0.12372174
73.75,-69.4167327880859,-0.11626969
73.75,-53.1625823974609,-0.18198617
73.75,15.0730667114258,0.05242215
73.75,15.3143272399902,0.06746363
73.75,15.5553112030029,0.08212212
74,-69.6788024902344,-0.12036704
74,-69.5918045043945,-0.12469428
74,14.8315315246582,0.06282172
74.25,-69.6788024902344,-0.12133443
74.25,14.1053228378296,0.06064621
74.25,14.3476552963257,0.08160652
74.25,14.5897264480591,0.08615837
74.5,-69.6788024902344,-0.121598
74.5,13.3767938613892,-0.02092517
74.5,13.6198883056641,-0.00586575
74.5,13.8627319335938,0.03105583
74.75,-69.6788024902344,-0.12114584
74.75,12.6460552215576,-0.01339447
74.75,12.8898735046387,-0.01682237
74.75,13.1334543228149,-0.02641461
75,-69.6788024902344,-0.11969369
75,-69.5918045043945,-0.12293513
75,12.1577243804932,-0.03217494
75,12.4020042419434,-0.01302752
75.25,-69.5044479370117,-0.12439081
75.25,11.9132204055786,-0.05360127
75.5,-69.5044479370117,-0.11741573
75.5,11.4235544204712,-0.05630721
75.5,11.6684951782227,-0.06970678
75.75,-69.5044479370117,-0.11418573
75.75,-69.4167327880859,-0.11833201
75.75,10.687479019165,-0.06578725
75.75,10.9330415725708,-0.06366055
75.75,11.1784019470215,-0.05316443
76,-69.3286666870117,-0.1231084
76,9.94961357116699,-0.07755327
76,10.1957597732544,-0.07386819
76,10.4417161941528,-0.07279347
76.25,-69.3286666870117,-0.1219028
76.25,9.21007823944092,-0.12626214
76.25,9.45676803588867,-0.090989
76.25,9.70328140258789,-0.0687307
76.5,-69.3286666870117,-0.12017156
76.5,8.71618556976318,-0.13223156
76.5,8.96321582794189,-0.14986145
76.75,-69.240234375,-0.12585791
76.75,8.46899127960205,-0.14387956
77,-69.1514358520508,-0.12658227
77,8.22163867950439,-0.1461458
77.25,-69.1514358520508,-0.12536831
77.25,7.97413206100464,-0.13730659
77.5,-69.1514358520508,-0.12445024
77.5,7.97413206100464,-0.12386392
77.75,-69.0622787475586,-0.12576979
77.75,-68.9727630615234,-0.12670592
77.75,-68.8828735351562,-0.13243265
77.75,-68.7926254272461,-0.13421254
77.75,-68.7020034790039,-0.13335488
77.75,-68.6110153198242,-0.13364468
77.75,-68.5196533203125,-0.13522765
77.75,7.97413206100464,-0.10911776
78,-68.4279251098633,-0.13775687
78,8.22163867950439,-0.06672856
78.25,-68.3358154296875,-0.13672518
78.25,8.46899127960205,-0.11394965
78.25,8.71618556976318,-0.10624474
78.5,-68.3358154296875,-0.14049849
78.5,8.96321582794189,-0.12001759
78.75,-68.2433395385742,-0.12371629
78.75,-68.1504821777344,-0.12275292
78.75,8.96321582794189,-0.12133953
79,-68.0572509765625,-0.12226941
79,9.21007823944092,-0.11610039
79,9.45676803588867,-0.05797413
79.25,-68.0572509765625,-0.12007146
79.25,9.70328140258789,-0.04840656
79.25,9.94961357116699,-0.01075328
79.5,-67.9636459350586,-0.12021162
79.5,10.1957597732544,0.00648965
79.75,-67.9636459350586,-0.11836104
79.75,6.48610210418701,-0.12728846
79.75,6.73443984985352,-0.12523589
79.75,6.98265075683594,-0.12583532
79.75,7.2307300567627,-0.12296094
79.75,7.47867298126221,-0.12614555
79.75,7.72647523880005,-0.1254486
79.75,7.97413206100464,-0.12263473
79.75,8.22163867950439,-0.11648598
79.75,8.46899127960205,-0.11629137
79.75,8.71618556976318,-0.11483724
79.75,8.96321582794189,-0.07972849
79.75,9.70328140258789,-0.1289168
79.75,10.1957597732544,-0.04374804
80,-67.8696594238281,-0.12187313
80,5.98906373977661,-0.1344999
80,6.23764181137085,-0.13239767
80,9.21007823944092,-0.01579043
80,9.45676803588867,-0.05856916
80,9.94961357116699,-0.01939203
80,10.4417161941528,-0.07280914
80,10.687479019165,-0.04607979
80,10.9330415725708,-0.03126672
80,11.1784019470215,-0.03073692
80,11.4235544204712,-0.03093554
80,11.6684951782227,-0.03465084
80,11.9132204055786,-0.02871703
80,12.1577243804932,-0.01248093
80.25,-67.8696594238281,-0.11954195
80.25,5.74037265777588,-0.14647683
80.25,9.94961357116699,-0.03079526
80.25,12.4020042419434,0.00246526
80.25,12.6460552215576,0.02136614
80.25,13.6198883056641,0.00390533
80.25,13.8627319335938,-0.01926623
80.25,14.1053228378296,-0.02719901
80.25,14.3476552963257,-0.02766024
80.25,14.5897264480591,-0.03085862
80.25,14.8315315246582,-0.03024209
80.25,15.0730667114258,-0.02907518
80.25,15.3143272399902,-0.01544107
80.25,15.5553112030029,0.00113646
80.5,-67.8696594238281,-0.11810337
80.5,5.74037265777588,-0.14854619
80.5,9.70328140258789,-0.07689954
80.5,12.8898735046387,0.03137536
80.5,13.1334543228149,0.03816638
80.5,13.3767938613892,0.03786706
80.5,15.7960119247437,0.00517184
80.75,-67.8696594238281,-0.11930686
80.75,5.74037265777588,-0.15823575
80.75,9.45676803588867,-0.07665657
80.75,15.7960119247437,0.00121479
81,-67.7752838134766,-0.1197023
81,5.98906373977661,-0.15926226
81,8.96321582794189,-0.09861026
81,9.21007823944092,-0.08645224
81,15.5553112030029,-0.00799224
81.25,-67.7752838134766,-0.12182633
81.25,-67.680534362793,-0.12174336
81.25,5.98906373977661,-0.17157692
81.25,8.71618556976318,-0.10712199
81.25,15.7960119247437,-0.03071145
81.25,16.0364284515381,-0.01239788
81.5,-67.5854034423828,-0.1242424
81.5,-67.4898834228516,-0.1259306
81.5,-66.8103713989258,-0.14094373
81.5,-66.7117309570312,-0.14036572
81.5,-66.6126937866211,-0.13760139
81.5,-66.5132598876953,-0.13916959
81.5,-66.4134292602539,-0.13725419
81.5,-66.3131942749023,-0.12620043
81.5,-66.2125549316406,-0.13384045
81.5,6.23764181137085,-0.19334696
81.5,8.22163867950439,-0.11809317
81.5,8.46899127960205,-0.10634231
81.5,16.276554107666,-0.01576854
81.75,-67.3939743041992,-0.12459454
81.75,-67.2976837158203,-0.12426954
81.75,-66.9086227416992,-0.12832721
81.75,-66.1115188598633,-0.14377187
81.75,6.48610210418701,-0.18109116
81.75,7.72647523880005,-0.13731691
81.75,7.97413206100464,-0.12410808
81.75,16.276554107666,-0.01303084
82,-67.2010040283203,-0.1254965
82,-66.9086227416992,-0.12617254
82,-66.1115188598633,-0.14077525
82,6.73443984985352,-0.15631075
82,6.98265075683594,-0.14991148
82,7.2307300567627,-0.14278115
82,7.47867298126221,-0.13784161
82,16.276554107666,-0.02089967
82.25,-67.2010040283203,-0.12890103
82.25,-67.1039352416992,-0.1285799
82.25,-67.006477355957,-0.12814571
82.25,-66.9086227416992,-0.12878483
82.25,-66.1115188598633,-0.1386134
82.25,16.5163860321045,0.01171447
82.5,-66.4134292602539,-0.13259266
82.5,-66.3131942749023,-0.13453638
82.5,-66.2125549316406,-0.13762583
82.5,16.7559223175049,-0.0469082
82.5,16.9951572418213,-0.01453477
82.75,-66.5132598876953,-0.13187629
82.75,17.2340850830078,-0.00406029
83,-66.6126937866211,-0.12825308
83,17.2340850830078,0.01270223
83.25,-66.6126937866211,-0.12786252
83.25,17.4727058410645,0.02631746
83.5,-66.6126937866211,-0.12651276
83.5,-66.5132598876953,-0.1283859
83.5,-66.4134292602539,-0.12356248
83.5,17.7110137939453,0.02931124
83.75,-66.3131942749023,-0.13700405
83.75,17.9490070343018,0.01883124
84,-66.3131942749023,-0.11433597
84,18.1866779327393,0.01275821
84.25,-66.3131942749023,-0.13212288
84.25,18.4240283966064,0.02109014
84.5,-66.3131942749023,-0.10841293
84.5,18.6610488891602,0.04587739
84.75,-66.3131942749023,-0.13094398
84.75,18.897741317749,0.06685737
85,-66.4134292602539,-0.13497999
85,19.1340980529785,0.06123912
85.25,-66.4134292602539,-0.13547388
85.25,19.3701171875,0.05316859
85.5,-66.4134292602539,-0.13662166
85.5,-66.3131942749023,-0.13505171
85.5,19.6057929992676,0.05527914
85.75,-66.2125549316406,-0.14399107
85.75,19.6057929992676,0.03940742
86,-66.2125549316406,-0.14651677
86,19.6057929992676,0.03191496
86.25,-66.2125549316406,-0.1482552
86.25,19.8411273956299,0.04453499
86.5,-66.1115188598633,-0.15484793
86.5,20.0761108398438,0.08798454
86.75,-66.0100784301758,-0.15073886
86.75,20.3107452392578,0.09393905
87,-66.0100784301758,-0.15459829
87,20.5450210571289,0.0841164
87,20.7789249420166,0.22920815
87,21.0124206542969,0.2449789
87,21.2454643249512,0.24245876
87.25,-66.0100784301758,-0.15223631
87.25,21.4780197143555,0.22055711
87.5,-66.0100784301758,-0.15048034
87.5,21.4780197143555,0.23516709
87.75,-66.0100784301758,-0.15491778
87.75,21.7100601196289,0.17369788
88,-66.0100784301758,-0.16993182
88,21.7100620269775,0.17214817
88.25,-66.0100784301758,-0.1800488
88.25,21.4780235290527,0.19000985
88.5,-66.1115188598633,-0.18540928
88.5,21.4780235290527,0.17044753
88.75,-66.4134292602539,-0.17934515
88.75,-66.3131942749023,-0.17914906
88.75,-66.2125549316406,-0.182436
88.75,21.4780254364014,0.13549263
89,-66.6126937866211,-0.17636118
89,-66.5132598876953,-0.17267567
89,21.4780254364014,0.12183647
89.25,-66.6126937866211,-0.17452568
89.25,21.47802734375,0.11853434
89.5,-66.6126937866211,-0.16875764
89.5,21.7100734710693,0.13739897
89.75,-66.6126937866211,-0.16144246
89.75,21.710075378418,0.1324076
90,-66.6126937866211,-0.15515819
90,21.7100772857666,0.13528311
90.25,-66.6126937866211,-0.14835766
90.25,21.7100791931152,0.15139756
90.5,-66.6126937866211,-0.14610343
90.4999923706055,21.9415969848633,0.1778129
90.75,-66.6126937866211,-0.14938161
90.7499923706055,22.1725654602051,0.19397488
90.7499847412109,22.4029541015625,0.26027641
91,-66.5132598876953,-0.1443509
90.9999847412109,22.402961730957,0.26311391
91.25,-66.5132598876953,-0.14263874
91.2499694824219,22.6327724456787,0.23830122
91.5,-66.5132598876953,-0.13978144
91.4999847412109,22.4029769897461,0.23561345
91.4999694824219,22.6327819824219,0.2427582
91.75,-66.5132598876953,-0.13616493
91.75,21.4780387878418,0.1987027
91.75,21.7100925445557,0.20712835
91.7499923706055,21.9416160583496,0.24418346
91.7499923706055,22.17258644104,0.27791747
92,-66.5132598876953,-0.17504934
92,21.0124244689941,0.1714097
92,21.2454738616943,0.1923679
92.25,-66.5132598876953,-0.13532588
92.25,10.687479019165,-0.08879345
92.25,20.7789249420166,0.15445261
92.5,-66.5132598876953,-0.13172641
92.5,10.4417161941528,-0.11303848
92.5,10.9330415725708,-0.11154482
92.5,11.6684951782227,-0.09680648
92.5,11.9132204055786,-0.09977255
92.5,12.1577243804932,-0.11196867
92.5,12.4020042419434,-0.12230446
92.5,12.6460552215576,-0.12493031
92.5,12.8898735046387,-0.13361269
92.5,20.5450210571289,0.14743759
92.75,-66.5132598876953,-0.13329177
92.75,10.687479019165,-0.10920963
92.75,11.4235544204712,-0.09746576
92.75,13.1334543228149,-0.07197377
92.75,13.3767938613892,-0.11585086
92.75,20.3107452392578,0.1447917
93,-66.5132598876953,-0.13072771
93,11.6684951782227,-0.11665478
93,11.9132204055786,-0.11389248
93,12.1577243804932,-0.0784167
93,12.4020042419434,-0.12812051
93,12.6460552215576,-0.15121229
93,13.6198883056641,-0.14734789
93,20.0761108398438,0.12999968
93.25,-66.5132598876953,-0.13021621
93.25,7.97413206100464,-0.18690173
93.25,12.8898735046387,-0.15157887
93.25,13.1334543228149,-0.15607482
93.25,13.3767938613892,-0.15543931
93.25,19.8411273956299,0.12396986
93.5,-66.5132598876953,-0.13068005
93.5,6.98265075683594,-0.18667584
93.5,7.2307300567627,-0.18638933
93.5,7.72647523880005,-0.18820178
93.5,8.22163867950439,-0.18218291
93.5,19.1340980529785,-0.01272534
93.5,19.3701171875,0.03289173
93.5,19.6057929992676,0.16414697
93.75,-66.5132598876953,-0.12934444
93.75,6.73443984985352,-0.19235392
93.75,7.47867298126221,-0.18781854
93.75,7.97413206100464,-0.17548343
93.75,18.897741317749,0.01624188
94,-66.6126937866211,-0.12181457
94,6.98265075683594,-0.19047607
94,7.2307300567627,-0.18998136
94,16.0364284515381,-0.01117422
94,16.276554107666,-0.01969332
94,18.6610488891602,0.03701018
94.25,-66.6126937866211,-0.12485974
94.25,15.7960119247437,0.07576807
94.25,16.5163860321045,-0.01779109
94.25,16.7559223175049,-0.00970701
94.25,16.9951572418213,-0.00039302
94.25,17.9490070343018,-0.01189259
94.25,18.1866779327393,-0.04326831
94.25,18.4240283966064,-0.0413206
94.5,-66.5132598876953,-0.12847717
94.5,-66.4134292602539,-0.12852876
94.5,15.7960119247437,0.12139249
94.5,17.2340850830078,-0.00154158
94.5,17.4727058410645,0.00022585
94.5,17.7110137939453,0.00401931
94.75,-66.3131942749023,-0.12576596
94.75,15.7960119247437,0.13644264
95,-66.2125549316406,-0.1267706
95,5.24266910552979,-0.16529642
95,5.49157285690308,-0.17094302
95,15.5553112030029,0.08051607
95.25,-66.2125549316406,-0.12830281
95.25,-66.1115188598633,-0.12547941
95.25,-66.0100784301758,-0.12096851
95.25,-65.9082336425781,-0.11665087
95.25,-65.8059768676758,-0.11217345
95.25,-65.7033157348633,-0.10967247
95.25,-65.6002502441406,-0.09084771
95.25,-65.4967651367188,-0.10373277
95.25,-65.3928756713867,-0.09803452
95.25,-65.2885665893555,-0.09523707
95.25,4.74456834793091,-0.16187541
95.25,4.99366569519043,-0.1673173
95.25,5.74037265777588,-0.1797829
95.25,15.5553112030029,0.08764575
95.5,-65.1838531494141,-0.09567829
95.5,-65.0787124633789,-0.09587591
95.5,4.49538087844849,-0.15651597
95.5,5.74037265777588,-0.17825353
95.5,15.5553112030029,0.08552136
95.75,-64.9731597900391,-0.0962165
95.75,2.7489447593689,-0.13908542
95.75,4.24610805511475,-0.15687531
95.75,4.49538087844849,-0.14333168
95.75,5.74037265777588,-0.17962393
95.75,15.7960119247437,0.16653641
95.75,16.0364284515381,0.22773831
96,-64.9731597900391,-0.07369373
96,2.49920701980591,-0.14526681
96,2.99863004684448,-0.140049
96,3.99675464630127,-0.16210301
96,5.49157285690308,-0.17183601
96,16.0364284515381,0.18350488
96.25,-64.9731597900391,-0.05994336
96.25,2.24942183494568,-0.14590368
96.25,2.7489447593689,-0.14049956
96.25,3.99675464630127,-0.17261797
96.25,5.24266910552979,-0.1731571
96.25,16.276554107666,0.20604394
96.5,-64.9731597900391,-0.05484273
96.5,2.49920701980591,-0.14011762
96.5,3.74732565879822,-0.15617183
96.5,5.24266910552979,-0.17379945
96.5,16.276554107666,0.21726379
96.75,-64.8671951293945,-0.05185536
96.75,3.49782538414001,-0.15108709
96.75,5.49157285690308,-0.17822112
96.75,16.5163860321045,0.22565061
97,-64.8671951293945,-0.04680735
97,1.24990081787109,-0.15894594
97,3.24825859069824,-0.14885428
97,3.49782538414001,-0.15614313
97,5.49157285690308,-0.14933144
97,16.7559223175049,0.16770555
97,16.9951572418213,0.14998899
97.25,-64.7608032226562,-0.04649711
97.25,0.999949216842651,-0.15782308
97.25,1.49982869625092,-0.16307039
97.25,2.99863004684448,-0.15596696
97.25,5.24266910552979,-0.14438634
97.25,16.5163860321045,0.17922794
97.25,16.7559223175049,0.17104901
97.25,16.9951572418213,0.14908412
97.5,-64.7608032226562,-0.04293473
97.5,0.749978601932526,-0.1598846
97.5,1.49982869625092,-0.18468028
97.5,2.49920701980591,-0.15665896
97.5,2.7489447593689,-0.15635206
97.5,5.24266910552979,-0.14360039
97.5,15.3143272399902,0.00777785
97.5,15.5553112030029,0.05021682
97.5,15.7960119247437,0.09076851
97.5,16.0364284515381,0.11334463
97.5,16.276554107666,0.11286208
97.75,-64.6539916992188,-0.04539034
97.75,0.499993652105331,-0.17277001
97.75,1.24990081787109,-0.18273935
97.75,2.24942183494568,-0.11007237
97.75,5.24266910552979,-0.13681204
97.75,14.3476552963257,-0.09317921
97.75,14.5897264480591,-0.07517569
97.75,14.8315315246582,-0.06555127
97.75,15.0730667114258,-0.05374151
98,-64.6539916992188,-0.04291337
98,0.749978601932526,-0.15345486
98,0.999949216842651,-0.17357301
98,1.99959397315979,-0.16427995
98,4.74456834793091,-0.16269079
98,4.99366569519043,-0.14637108
98,8.46899127960205,-0.1589445
98,8.71618556976318,-0.1372774
98,13.8627319335938,-0.04657756
98,14.1053228378296,-0.04861894
98.25,-64.6539916992188,-0.04346996
98.25,-0.249999210238457,-0.15684615
98.25,1.99959397315979,-0.13783081
98.25,4.49538087844849,-0.15986838
98.25,8.22163867950439,-0.18381997
98.25,8.96321582794189,-0.168063
98.25,9.21007823944092,-0.16881973
98.25,9.45676803588867,-0.15125833
98.25,10.1957597732544,-0.09920646
98.25,10.4417161941528,-0.07592116
98.25,10.687479019165,-0.0869077
98.25,11.6684951782227,-0.08553792
98.25,13.3767938613892,-0.02694278
98.25,13.6198883056641,-0.04389858
98.5,-64.6539916992188,-0.05321221
98.5,-1.24990081787109,-0.15770323
98.5,-0.999949216842651,-0.15723758
98.5,-0.499993652105331,-0.15125295
98.5,0,-0.16703836
98.5,1.74972796440125,-0.14779698
98.5,3.99675464630127,-0.19154458
98.5,4.24610805511475,-0.20473054
98.5,7.97413206100464,-0.15133543
98.5,9.70328140258789,-0.17414221
98.5,9.94961357116699,-0.14462355
98.5,10.9330415725708,-0.12732031
98.5,11.1784019470215,-0.12547459
98.5,11.4235544204712,-0.09918147
98.5,11.9132204055786,-0.03034287
98.5,12.1577243804932,-0.06419713
98.5,12.4020042419434,-0.06205389
98.5,12.6460552215576,-0.06549201
98.5,12.8898735046387,-0.06271767
98.5,13.1334543228149,-0.0400767
98.75,-64.9731597900391,-0.05961932
98.75,-64.8671951293945,-0.05287365
98.75,-64.7608032226562,-0.05086667
98.75,-1.74972796440125,-0.15510485
98.75,-1.49982869625092,-0.1567883
98.75,-0.749978601932526,-0.15506531
98.75,-0.249999210238457,-0.16592048
98.75,0.999949216842651,-0.14869463
98.75,1.24990081787109,-0.13898384
98.75,1.49982869625092,-0.12162073
98.75,3.99675464630127,-0.23154922
98.75,7.97413206100464,-0.17747665
99,-65.3928756713867,-0.06596482
99,-65.2885665893555,-0.06745998
99,-65.1838531494141,-0.06839163
99,-65.0787124633789,-0.06087511
99,-1.99959397315979,-0.14754916
99,-0.999949216842651,-0.15108874
99,0.249999210238457,-0.12885103
99,0.499993652105331,-0.05304484
99,0.749978601932526,-0.04973594
99,3.74732565879822,-0.23113893
99,7.72647523880005,-0.16689964
99.25,-65.6002502441406,-0.07448661
99.25,-65.4967651367188,-0.07675182
99.25,-1.99959397315979,-0.15024769
99.25,-1.49982869625092,-0.14155707
99.25,-1.24990081787109,-0.14707353
99.25,0,-0.06864303
99.25,3.49782538414001,-0.18392485
99.25,7.47867298126221,-0.14358973
99.25,9.45676803588867,0.01898407
99.25,9.70328140258789,-0.06217769
99.25,9.94961357116699,-0.08007831
99.25,10.1957597732544,-0.09700477
99.5,-65.6002502441406,-0.089305
99.5,-2.24942183494568,-0.15182912
99.5,-1.74972796440125,-0.136477
99.5,0,-0.06450733
99.5,3.49782538414001,-0.16307079
99.5,6.98265075683594,-0.08981603
99.5,7.2307300567627,-0.09207764
99.5,9.45676803588867,-0.05357348
99.5,10.4417161941528,-0.10094396
99.5,10.687479019165,-0.09773321
99.75,-65.6002502441406,-0.09835658
99.75,-2.49920701980591,-0.15068975
99.75,-1.99959397315979,-0.13266031
99.75,-0.249999210238457,-0.09921472
99.75,3.24825859069824,-0.11607235
99.75,6.73443984985352,-0.06807228
99.75,9.45676803588867,-0.0605376
99.75,10.9330415725708,-0.10538597
99.75,11.1784019470215,-0.10831149
99.75,11.4235544204712,-0.09196219
99.75,11.6684951782227,-0.0776442
100,-65.6002502441406,-0.10640232
100,-2.99863004684448,-0.14621987
100,-2.7489447593689,-0.14998933
100,-2.24942183494568,-0.13515842
100,-0.749978601932526,-0.13734998
100,-0.499993652105331,-0.13527667
100,2.99863004684448,-0.13919487
100,6.23764181137085,-0.1282545
100,6.48610210418701,-0.14370444
100,8.71618556976318,-0.03714358
100,8.96321582794189,-0.04768076
100,9.21007823944092,-0.06062694
100,11.9132204055786,-0.05754121
100,12.1577243804932,-0.03279836
100,12.4020042419434,-0.00916024
100,12.6460552215576,0.00251163
100.25,-65.4967651367188,-0.11106578
100.25,-3.24825859069824,-0.14465142
100.25,-2.49920701980591,-0.13426393
100.25,-1.24990081787109,-0.13976547
100.25,-0.999949216842651,-0.13409824
100.25,2.7489447593689,-0.07101828
100.25,4.99366569519043,-0.19065893
100.25,5.24266910552979,-0.199629
100.25,5.49157285690308,-0.18627048
100.25,5.74037265777588,-0.2035174
100.25,5.98906373977661,-0.1580792
100.25,8.46899127960205,-0.04678817
100.25,12.8898735046387,0.00932243
100.25,13.1334543228149,0.00639103
100.25,13.3767938613892,0.00628022
100.5,-65.3928756713867,-0.11638436
100.5,-3.49782538414001,-0.14229697
100.5,-2.99863004684448,-0.12746763
100.5,-2.7489447593689,-0.13251785
100.5,-1.74972796440125,-0.1348775
100.5,-1.49982869625092,-0.13264912
100.5,2.24942183494568,-0.00179328
100.5,2.49920701980591,-0.02919439
100.5,4.24610805511475,-0.16079063
100.5,4.49538087844849,-0.13131657
100.5,4.74456834793091,-0.13067681
100.5,7.2307300567627,-0.05523083
100.5,7.47867298126221,-0.06448939
100.5,7.72647523880005,-0.0694446
100.5,7.97413206100464,-0.07477208
100.5,8.22163867950439,-0.07023009
100.5,13.3767938613892,-0.00141634
100.75,-65.3928756713867,-0.12903229
100.75,-3.24825859069824,-0.12834471
100.75,-2.24942183494568,-0.13715584
100.75,-1.99959397315979,-0.13117156
100.75,2.24942183494568,-0.00353858
100.75,3.74732565879822,-0.10581696
100.75,3.99675464630127,-0.1691185
100.75,7.2307300567627,-0.07088926
100.75,12.6460552215576,-0.0026538
100.75,12.8898735046387,-0.00364476
100.75,13.1334543228149,-0.00457903
100.75,13.3767938613892,-0.00594761
101,-65.3928756713867,-0.129588
101,-2.49920701980591,-0.13337328
101,2.24942183494568,0.005814
101,3.49782538414001,-0.0453493
101,6.98265075683594,-0.08175923
101,12.4020042419434,-0.03011134
101.25,-65.3928756713867,-0.12434579
101.25,-2.99863004684448,-0.13819266
101.25,-2.7489447593689,-0.13762598
101.25,2.24942183494568,0.00351562
101.25,2.7489447593689,-0.05945421
101.25,2.99863004684448,-0.08308605
101.25,3.24825859069824,-0.07643821
101.25,6.98265075683594,-0.08815588
101.25,12.4020042419434,-0.02805497
101.5,-65.4967651367188,-0.1290479
101.5,-3.24825859069824,-0.14078079
101.5,2.24942183494568,0.03708668
101.5,2.49920701980591,0.02017776
101.5,6.98265075683594,-0.14960285
101.5,12.4020042419434,-0.0521085
101.75,-65.6002502441406,-0.13301067
101.75,-3.49782538414001,-0.15034848
101.75,1.74972796440125,0.01277226
101.75,1.99959397315979,0.03177824
101.75,2.49920701980591,0.03184825
101.75,6.73443984985352,-0.08259833
101.75,12.4020042419434,-0.06395735
102,-65.7033157348633,-0.13785585
102,-5.49157285690308,-0.15595132
102,-3.74732565879822,-0.15235783
102,1.74972796440125,0.03381973
102,2.24942183494568,-0.00293577
102,6.48610210418701,-0.0764611
102,12.4020042419434,-0.09600705
102.25,-65.7033157348633,-0.1404805
102.25,-5.74037265777588,-0.15741736
102.25,-5.24266910552979,-0.15773261
102.25,-3.99675464630127,-0.16969876
102.25,-3.74732565879822,-0.18112352
102.25,1.74972796440125,0.03847988
102.25,1.99959397315979,0.03962185
102.25,6.23764181137085,-0.08241989
102.25,12.1577243804932,-0.07097586
102.5,-65.6002502441406,-0.14027298
102.5,-65.4967651367188,-0.13722697
102.5,-5.49157285690308,-0.16055347
102.5,-4.24610805511475,-0.15844537
102.5,1.24990081787109,-0.06089329
102.5,1.49982869625092,-0.06910491
102.5,1.99959397315979,0.04307605
102.5,5.98906373977661,-0.08714578
102.5,11.9132204055786,-0.08248977
102.75,-65.3928756713867,-0.14145329
102.75,-65.2885665893555,-0.14377825
102.75,-4.49538087844849,-0.15141097
102.75,1.24990081787109,-0.06500916
102.75,1.74972796440125,-0.07384786
102.75,5.74037265777588,-0.08782378
102.75,11.6684951782227,-0.09410019
102.75,11.9132204055786,-0.08773942
103,-65.1838531494141,-0.16324288
103,-4.74456834793091,-0.14921638
103,1.24990081787109,-0.06521049
103,1.49982869625092,-0.06898687
103,5.74037265777588,-0.09692499
103,11.1784019470215,-0.08027944
103,11.4235544204712,-0.08434573
103.25,-65.1838531494141,-0.15928372
103.25,-4.74456834793091,-0.15061362
103.25,0.749978601932526,-0.05521006
103.25,0.999949216842651,-0.06671923
103.25,1.49982869625092,-0.06726185
103.25,5.24266910552979,-0.10713808
103.25,5.49157285690308,-0.10770617
103.25,10.9330415725708,-0.05888311
103.5,-65.3928756713867,-0.14078774
103.5,-65.2885665893555,-0.14561006
103.5,-4.99366569519043,-0.15296211
103.5,-0.749978601932526,-0.01828896
103.5,-0.499993652105331,-0.01608456
103.5,0.499993652105331,-0.05584659
103.5,1.24990081787109,-0.0714531
103.5,2.99863004684448,-0.08761483
103.5,3.24825859069824,-0.07305752
103.5,3.49782538414001,-0.07718159
103.5,3.74732565879822,-0.08334478
103.5,3.99675464630127,-0.09037177
103.5,4.24610805511475,-0.09415259
103.5,4.49538087844849,-0.10282022
103.5,4.74456834793091,-0.11221415
103.5,4.99366569519043,-0.11221739
103.5,10.687479019165,-0.05541116
103.5,10.9330415725708,-0.05272924
103.75,-65.4967651367188,-0.13977614
103.75,-5.24266910552979,-0.15668527
103.75,-0.749978601932526,-0.01994228
103.75,-0.249999210238457,-0.02572196
103.75,0.499993652105331,-0.05445155
103.75,1.24990081787109,-0.05584258
103.75,2.7489447593689,-0.1038356
103.75,10.4417161941528,-0.02835352
104,-65.6002502441406,-0.13753691
104,-5.49157285690308,-0.15968602
104,-0.999949216842651,-0.0487368
104,0,-0.05776018
104,0.249999210238457,-0.03802259
104,1.24990081787109,-0.0600228
104,2.24942183494568,-0.08935647
104,2.49920701980591,-0.1022519
104,10.4417161941528,-0.03750216
104.25,-66.0100784301758,-0.13937132
104.25,-65.9082336425781,-0.14533787
104.25,-65.8059768676758,-0.14432635
104.25,-65.7033157348633,-0.14308881
104.25,-5.74037265777588,-0.17628357
104.25,-0.999949216842651,-0.04545201
104.25,-0.499993652105331,-0.0318215
104.25,-0.249999210238457,-0.04838526
104.25,0.999949216842651,-0.07533327
104.25,1.24990081787109,-0.06829049
104.25,1.74972796440125,-0.08002504
104.25,1.99959397315979,-0.09359329
104.25,10.4417161941528,-0.04049851
104.5,-66.0100784301758,-0.14371647
104.5,-5.98906373977661,-0.17776158
104.5,-1.49982869625092,-0.06625781
104.5,-1.24990081787109,-0.06830492
104.5,-0.749978601932526,-0.05891609
104.5,0,-0.06927258
104.5,0.749978601932526,-0.06836569
104.5,1.24990081787109,-0.09915844
104.5,1.49982869625092,-0.11661368
104.5,10.1957597732544,-0.06263967
104.75,-66.1115188598633,-0.1546217
104.75,-5.74037265777588,-0.17980901
104.75,-1.99959397315979,-0.07166425
104.75,-1.74972796440125,-0.0739131
104.75,-0.499993652105331,-0.07651772
104.75,-0.249999210238457,-0.06992178
104.75,0.249999210238457,-0.06663348
104.75,0.999949216842651,-0.09659574
104.75,8.71618556976318,-0.13639194
104.75,8.96321582794189,-0.1222884
104.75,9.21007823944092,-0.10041359
104.75,9.45676803588867,-0.08485657
104.75,9.70328140258789,-0.07964857
104.75,10.1957597732544,-0.05496847
105,-66.1115188598633,-0.16373692
105,-5.74037265777588,-0.18387226
105,-1.99959397315979,-0.07531206
105,0,-0.03614023
105,8.46899127960205,-0.17626931
105,9.94961357116699,-0.07565949
105.25,-66.1115188598633,-0.15568594
105.25,-5.74037265777588,-0.19493412
105.25,-1.74972796440125,-0.0887797
105.25,8.71618556976318,-0.17481186
105.5,-66.1115188598633,-0.16248406
105.5,-6.73443984985352,-0.22174022
105.5,-6.48610210418701,-0.20286236
105.5,-6.23764181137085,-0.20263912
105.5,-5.98906373977661,-0.19547348
105.5,-5.74037265777588,-0.01642703
105.5,-1.49982869625092,-0.08517238
105.5,8.96321582794189,-0.17800398
105.75,-66.2125549316406,-0.16135788
105.75,-6.98265075683594,-0.219351
105.75,-1.49982869625092,-0.08130158
105.75,8.96321582794189,-0.16742531
105.75,18.897741317749,0.20257289
105.75,19.1340980529785,0.17895619
106,-66.2125549316406,-0.16514393
106,-6.98265075683594,-0.2176541
106,-5.98906373977661,-0.1200171
106,-5.74037265777588,-0.12252444
106,-5.49157285690308,-0.12333639
106,-5.24266910552979,-0.12290875
106,-4.99366569519043,-0.12066467
106,-4.74456834793091,-0.13350382
106,-4.49538087844849,-0.13824459
106,-4.24610805511475,-0.16053856
106,-3.99675464630127,-0.17700634
106,-3.74732565879822,-0.17875691
106,-3.49782538414001,-0.18769833
106,-1.49982869625092,-0.07949504
106,3.24825859069824,-0.10979764
106,9.21007823944092,-0.16554631
106,18.4240283966064,0.18417698
106,18.6610488891602,0.16755187
106,19.3701171875,0.11612553
106,19.6057929992676,0.13225841
106,19.8411273956299,0.16197328
106.25,-66.3131942749023,-0.16030341
106.25,-7.2307300567627,-0.21397606
106.25,-5.98906373977661,-0.12232339
106.25,-3.24825859069824,-0.18886792
106.25,-2.24942183494568,-0.07294588
106.25,-1.99959397315979,-0.07257424
106.25,-1.74972796440125,-0.06627373
106.25,2.99863004684448,-0.11489328
106.25,3.49782538414001,-0.1135094
106.25,9.45676803588867,-0.14208088
106.25,18.4240283966064,0.15062479
106.25,19.8411273956299,0.15318457
106.5,-66.3131942749023,-0.1666719
106.5,-7.47867298126221,-0.21564749
106.5,-5.98906373977661,-0.12441284
106.5,-3.24825859069824,-0.1765856
106.5,-2.24942183494568,-0.06814464
106.5,3.24825859069824,-0.10472947
106.5,9.45676803588867,-0.1466164
106.5,17.9490070343018,0.13087683
106.5,18.1866779327393,0.1067973
106.5,20.0761108398438,0.20684619
106.75,-66.3131942749023,-0.16814812
106.75,-7.47867298126221,-0.21023955
106.75,-5.98906373977661,-0.1259257
106.75,-3.24825859069824,-0.15479669
106.75,-2.7489447593689,-0.07811378
106.75,-2.49920701980591,-0.05587318
106.75,9.70328140258789,-0.08233432
106.75,9.94961357116699,-0.07307851
106.75,10.1957597732544,-0.07792588
106.75,17.4727058410645,0.08741059
106.75,17.7110137939453,0.08574023
106.75,20.3107452392578,0.23707931
106.75,20.5450210571289,0.26211593
107,-66.3131942749023,-0.16653878
107,-7.72647523880005,-0.22246035
107,-5.74037265777588,-0.13555776
107,-2.99863004684448,-0.0631453
107,10.1957597732544,-0.10359139
107,17.2340850830078,0.08764561
107,20.7789287567139,0.28737615
107.25,-66.4134292602539,-0.17444562
107.25,-7.72647523880005,-0.23010914
107.25,-5.74037265777588,-0.12413054
107.25,-3.24825859069824,-0.13642132
107.25,-2.7489447593689,-0.07971718
107.25,10.1957597732544,-0.12507867
107.25,16.9951572418213,0.10744672
107.25,20.7789287567139,0.28972684
107.5,-66.4134292602539,-0.17619548
107.5,-7.72647523880005,-0.23422204
107.5,-5.98906373977661,-0.11685114
107.5,-3.24825859069824,-0.13892638
107.5,-2.7489447593689,-0.08054431
107.5,10.4417161941528,-0.14236591
107.5,16.7559223175049,0.09983016
107.5,20.7789287567139,0.30157283
107.75,-66.4134292602539,-0.17333732
107.75,-7.72647523880005,-0.21274103
107.75,-6.23764181137085,-0.10220577
107.75,-3.24825859069824,-0.13282162
107.75,-2.49920701980591,-0.07299685
107.75,10.4417161941528,-0.15686965
107.75,16.5163860321045,0.10519591
107.75,21.0124397277832,0.28957065
107.75,21.2455215454102,0.29048573
108,-66.4134292602539,-0.17203722
108,-7.97413206100464,-0.22067112
108,-6.23764181137085,-0.09723783
108,-3.24825859069824,-0.13478747
108,-2.49920701980591,-0.06187154
108,3.74732565879822,-0.10804198
108,3.99675464630127,-0.11782937
108,10.687479019165,-0.11917305
108,16.5163860321045,0.06522839
108,21.4781436920166,0.23290084
108.25,-66.5132598876953,-0.17696041
108.25,-7.97413206100464,-0.22226225
108.25,-6.23764181137085,-0.08452508
108.25,-2.99863004684448,-0.08917291
108.25,-2.7489447593689,-0.05757275
108.25,-2.24942183494568,-0.06050009
108.25,3.49782538414001,-0.10017064
108.25,4.24610805511475,-0.11590277
108.25,10.687479019165,-0.14204779
108.25,16.0364284515381,0.03966331
108.25,16.276554107666,0.03332708
108.25,21.4781455993652,0.19465621
108.5,-66.6126937866211,-0.2087861
108.5,-7.97413206100464,-0.22748569
108.5,-6.23764181137085,-0.10404375
108.5,-2.49920701980591,-0.06367059
108.5,3.74732565879822,-0.10686534
108.5,3.99675464630127,-0.08802041
108.5,10.9330415725708,-0.17318709
108.5,15.7960119247437,0.04241978
108.5,18.6610488891602,-0.02508701
108.5,18.897741317749,0.03883724
108.5,19.1340980529785,0.08251444
108.5,21.4781494140625,0.17482148
108.75,-66.7117309570312,-0.17745212
108.75,-7.97413206100464,-0.22975598
108.75,-6.73443984985352,-0.15554264
108.75,-6.48610210418701,-0.14131983
108.75,0.499993652105331,0.05772787
108.75,0.749978601932526,0.05748975
108.75,0.999949216842651,0.02646986
108.75,11.1784019470215,-0.12734586
108.75,15.5553112030029,0.02830491
108.75,18.4240283966064,-0.05818593
108.75,19.3701171875,0.09326621
108.75,21.4781513214111,0.1574264
109,-66.7117309570312,-0.17428795
109,-7.97413206100464,-0.22689439
109,-6.73443984985352,-0.13734188
109,-0.499993652105331,-0.03093069
109,-0.249999210238457,-0.00960992
109,0,0.06221424
109,0.249999210238457,0.05095543
109,1.24990081787109,0.01212821
109,1.49982869625092,0.00387964
109,11.1784019470215,-0.14038169
109,15.0730667114258,0.03838175
109,15.3143272399902,0.04580088
109,18.1866779327393,-0.041834
109,19.6057929992676,0.11302642
109,21.4781532287598,0.14087378
109.25,-66.7117309570312,-0.17222942
109.25,-66.6126937866211,-0.17302043
109.25,-7.97413206100464,-0.23823053
109.25,-6.73443984985352,-0.13290562
109.25,-0.999949216842651,-0.03303103
109.25,-0.749978601932526,-0.03727795
109.25,1.74972796440125,-0.03663467
109.25,11.4235544204712,-0.10917025
109.25,11.6684951782227,-0.10374453
109.25,11.9132204055786,-0.10166035
109.25,12.1577243804932,-0.08453512
109.25,13.6198883056641,-0.04783922
109.25,13.8627319335938,-0.03551799
109.25,14.1053228378296,-0.02088214
109.25,14.3476552963257,0.0127579
109.25,14.5897264480591,0.03482694
109.25,14.8315315246582,0.04522162
109.25,18.1866779327393,-0.03145644
109.25,19.8411273956299,0.15891031
109.25,21.4781551361084,0.13829662
109.5,-66.5132598876953,-0.172137
109.5,-7.97413206100464,-0.23812
109.5,-6.73443984985352,-0.12541069
109.5,-1.24990081787109,-0.01388928
109.5,1.99959397315979,-0.05973309
109.5,12.4020042419434,-0.03411108
109.5,12.6460552215576,-0.03320375
109.5,12.8898735046387,-0.03368739
109.5,13.1334543228149,-0.02924366
109.5,13.3767938613892,-0.02679465
109.5,18.1866779327393,-0.02979728
109.5,20.0761108398438,0.14297148
109.5,20.7789287567139,0.13772443
109.5,21.0124435424805,0.13441821
109.5,21.478157043457,0.12263973
109.75,-66.4134292602539,-0.18048744
109.75,-7.97413206100464,-0.23719446
109.75,-6.73443984985352,-0.1094092
109.75,-1.74972796440125,-0.03560362
109.75,-1.24990081787109,-0.00414073
109.75,1.99959397315979,-0.06578579
109.75,18.1866779327393,-0.05014182
109.75,20.0761108398438,0.13077187
109.75,20.3107452392578,0.11176793
109.75,20.5450210571289,0.10050638
109.75,21.2455291748047,0.13711986
109.75,21.4781589508057,0.12829263
110,-66.4134292602539,-0.16881884
110,-7.97413206100464,-0.231325
110,-6.73443984985352,-0.10487212
110,-2.7489447593689,-0.07424847
110,-2.49920701980591,-0.04014166
110,-2.24942183494568,-0.01185192
110,-1.99959397315979,-0.02562164
110,-1.49982869625092,0.00307962
110,-1.24990081787109,0.0114231
110,1.74972796440125,-0.04908468
110,18.1866779327393,-0.07771353
110.25,-66.4134292602539,-0.17802056
110.25,-8.22163867950439,-0.22593611
110.25,-6.73443984985352,-0.12367556
110.25,-2.99863004684448,-0.0950908
110.25,1.74972796440125,0.15283777
110.25,18.4240283966064,-0.0848141
110.5,-66.3131942749023,-0.14418283
110.5,-66.2125549316406,-0.15074417
110.5,-8.22163867950439,-0.22459319
110.5,-6.73443984985352,-0.11922778
110.5,-6.48610210418701,-0.11911204
110.5,-2.99863004684448,-0.07158052
110.5,1.74972796440125,-0.01966
110.5,18.6610488891602,-0.05318519
110.5,20.0761108398438,0.15302495
110.5,20.3107452392578,0.13472991
110.5,20.5450210571289,0.11955586
110.5,20.7789287567139,0.10866884
110.5,21.0124435424805,0.12395095
110.75,-66.1115188598633,-0.14165403
110.75,-8.46899127960205,-0.23246063
110.75,-6.23764181137085,-0.12176913
110.75,-3.24825859069824,-0.11535659
110.75,1.74972796440125,-0.02168643
110.75,18.897741317749,0.00901778
110.75,19.1340980529785,0.02185078
110.75,19.3701171875,0.0169563
110.75,20.0761108398438,0.14151205
110.75,21.245532989502,0.11134293
111,-66.0100784301758,-0.1333847
111,-8.46899127960205,-0.24077015
111,-6.23764181137085,-0.13594474
111,-3.24825859069824,-0.10071315
111,1.74972796440125,-0.00381326
111,1.99959397315979,-0.05451542
111,2.24942183494568,-0.09441118
111,19.6057929992676,0.01328962
111,19.8411273956299,0.08071894
111,21.245532989502,0.09697743
111.25,-65.9082336425781,-0.13849387
111.25,-8.46899127960205,-0.24121088
111.25,-6.48610210418701,-0.14697379
111.25,-2.99863004684448,-0.10984211
111.25,2.49920701980591,-0.04707665
111.25,21.2455348968506,0.09230033
111.5,-65.9082336425781,-0.13011426
111.5,-8.46899127960205,-0.24233793
111.5,-6.48610210418701,-0.12040929
111.5,-2.99863004684448,-0.11338967
111.5,2.7489447593689,-0.06468457
111.5,16.5163860321045,0.01828805
111.5,21.4781723022461,0.11544888
111.75,-65.9082336425781,-0.12319099
111.75,-8.46899127960205,-0.24185772
111.75,-6.73443984985352,-0.08986252
111.75,-3.24825859069824,-0.12455137
111.75,-2.99863004684448,-0.11595669
111.75,2.99863004684448,-0.04689124
111.75,16.276554107666,0.04061506
111.75,16.7559223175049,0.00825598
111.75,21.4781742095947,0.10661628
112,-65.8059768676758,-0.13036744
112,-8.46899127960205,-0.24298058
112,-6.73443984985352,-0.04838969
112,-3.49782538414001,-0.12636144
112,2.99863004684448,-0.00670892
112,16.5163860321045,0.03453268
111.999992370605,21.7103462219238,0.15121483
112.25,-65.8059768676758,-0.1321129
112.25,-8.46899127960205,-0.22912699
112.25,-6.73443984985352,-0.05501911
112.25,-3.49782538414001,-0.12647525
112.25,2.99863004684448,-0.01907424
112.249992370605,21.7103481292725,0.13429845
112.5,-65.8059768676758,-0.14094497
112.5,-8.46899127960205,-0.23001796
112.5,-6.73443984985352,-0.05320272
112.5,-3.49782538414001,-0.0988382
112.5,3.24825859069824,-0.03569821
112.499992370605,21.7103519439697,0.12972979
112.75,-65.7033157348633,-0.15089294
112.75,-26.0528354644775,0.01223548
112.75,-25.8280220031738,0.01936827
112.75,-8.46899127960205,-0.23624952
112.75,-6.73443984985352,-0.05525956
112.75,-3.49782538414001,-0.08340833
112.75,3.24825859069824,-0.01601523
112.749992370605,21.710355758667,0.12705882
113,-65.7033157348633,-0.13631938
113,-26.2772159576416,0.00445705
113,-25.602783203125,0.04358278
113,-8.46899127960205,-0.25496116
113,-7.47867298126221,-0.12643512
113,-6.73443984985352,-0.06648807
113,-3.24825859069824,-0.10504605
113,3.24825859069824,-0.00729653
112.999992370605,21.9420509338379,0.17212792
113.25,-65.7033157348633,-0.13531727
113.25,-26.5011653900146,0.00457468
113.25,-25.8280220031738,0.09669818
113.25,-25.602783203125,0.09124002
113.25,-24.4702625274658,0.08950595
113.25,-24.2425117492676,0.08895619
113.25,-24.0143547058105,0.08591725
113.25,-8.46899127960205,-0.24494209
113.25,-7.72647523880005,-0.15742545
113.25,-7.47867298126221,-0.16186935
113.25,-6.73443984985352,-0.07529185
113.25,-3.24825859069824,-0.10383637
113.25,3.49782538414001,0.00062815
113.25,3.74732565879822,-0.04654796
113.249992370605,21.9420585632324,0.15835423
113.5,-65.7033157348633,-0.13745774
113.5,-26.7246780395508,0.00961559
113.5,-25.3771171569824,0.10137381
113.5,-24.924524307251,0.09612263
113.5,-24.6975994110107,0.11227877
113.5,-23.7857913970947,0.08119007
113.5,-23.5568256378174,0.04099708
113.5,-22.6369972229004,0.05025916
113.5,-22.406063079834,0.04940696
113.5,-8.46899127960205,-0.23004785
113.5,-7.72647523880005,-0.18442212
113.5,-7.2307300567627,-0.15820955
113.5,-6.73443984985352,-0.09518339
113.5,-3.24825859069824,-0.08314406
113.5,3.99675464630127,-0.11123865
113.499992370605,21.9420642852783,0.14031631
113.75,-65.8059768676758,-0.14219329
113.75,-27.1703872680664,0.00956903
113.75,-26.94775390625,0.01294955
113.75,-26.0528354644775,0.17148192
113.75,-25.8280220031738,0.17430357
113.75,-25.602783203125,0.17239027
113.75,-25.3771171569824,0.11861966
113.75,-25.1510314941406,0.12557785
113.75,-23.3274612426758,0.06382135
113.75,-23.0976982116699,0.04565758
113.75,-22.8675422668457,0.03863011
113.75,-22.1747455596924,0.05105929
113.75,-21.9430446624756,0.05954012
113.75,-8.71618556976318,-0.24341147
113.75,-7.72647523880005,-0.1639737
113.75,-7.2307300567627,-0.17766022
113.75,-6.73443984985352,-0.132033
113.75,-3.49782538414001,-0.06564966
113.75,4.24610805511475,-0.13827106
113.75,4.49538087844849,-0.14139376
113.749977111816,22.1732730865479,0.11163182
113.749969482422,22.4039630889893,0.10176882
114,-66.0100784301758,-0.14884298
114,-65.9082336425781,-0.14991779
114,-28.056468963623,-0.00654867
114,-27.8356227874756,0.00646947
114,-27.6143245697021,0.01014265
114,-27.392578125,0.0085444
114,-26.0528354644775,0.1911021
114,-25.8280220031738,0.19665927
114,-25.602783203125,0.176483
114,-21.7109680175781,0.03876753
114,-8.71618556976318,-0.2406572
114,-7.47867298126221,-0.22028104
114,-7.2307300567627,-0.20859184
114,-6.73443984985352,-0.18741856
114,-3.49782538414001,-0.07524847
114,4.74456834793091,-0.14198359
113.999977111816,22.173282623291,0.09415433
114.25,-66.0100784301758,-0.15379926
114.25,-28.4968032836914,0.02096809
114.25,-28.2768630981445,0.01311134
114.25,-22.1747455596924,0.14443737
114.25,-21.9430446624756,0.11465886
114.25,-8.71618556976318,-0.24841772
114.25,-7.47867298126221,-0.27637248
114.25,-6.98265075683594,-0.26619437
114.25,-3.49782538414001,-0.05283371
114.25,4.74456834793091,-0.15336284
114.249977111816,22.1732921600342,0.10112513
114.5,-66.1115188598633,-0.15569683
114.5,-28.9353065490723,-0.00847002
114.5,-28.7162837982178,0.01512417
114.5,-22.1747455596924,0.14246885
114.5,-21.9430446624756,0.10649622
114.5,-8.46899127960205,-0.25214904
114.5,-7.97413206100464,-0.22778346
114.5,-7.72647523880005,-0.25441102
114.5,-3.99675464630127,-0.08327142
114.5,-3.74732565879822,-0.07417811
114.5,4.74456834793091,-0.16854226
114.499969482422,22.4040031433105,0.09735303
114.75,-66.4134292602539,-0.16000118
114.75,-66.3131942749023,-0.15938715
114.75,-66.2125549316406,-0.15818224
114.75,-34.0486145019531,-0.09756992
114.75,-33.8412208557129,-0.09371563
114.75,-33.6333236694336,-0.0977578
114.75,-30.0234451293945,-0.04622023
114.75,-29.806755065918,-0.03496051
114.75,-29.5895938873291,-0.02723278
114.75,-29.3719635009766,-0.01509845
114.75,-29.1538677215576,-0.01421877
114.75,-21.7109680175781,0.07035053
114.75,-8.46899127960205,-0.25509959
114.75,-7.97413206100464,-0.24694572
114.75,-4.24610805511475,-0.11519786
114.75,4.99366569519043,-0.15717137
114.749954223633,22.6342029571533,0.09546714
115,-66.4134292602539,-0.16611534
115,-34.255500793457,-0.09804561
115,-33.4249229431152,-0.10033947
115,-30.8854637145996,-0.10386936
115,-30.67067527771,-0.08453226
115,-30.4554080963135,-0.07157576
115,-30.2396640777588,-0.06565269
115,-21.478515625,0.07963734
115,-8.71618556976318,-0.24368137
115,-7.97413206100464,-0.25499419
115,-4.24610805511475,-0.13107674
115,4.99366569519043,-0.1162967
114.999954223633,22.634220123291,0.08817528
115.25,-66.4134292602539,-0.16637566
115.25,-34.4618797302246,-0.08742487
115.25,-33.4249229431152,-0.08681515
115.25,-31.3135986328125,-0.09908035
115.25,-31.0997734069824,-0.1168877
115.25,-21.478515625,0.09012993
115.25,-8.71618556976318,-0.24396063
115.25,-7.97413206100464,-0.25479787
115.25,-6.98265075683594,-0.27623671
115.25,-3.99675464630127,-0.16589884
115.25,4.99366569519043,-0.10219931
115.25,5.24266910552979,-0.10085654
115.249954223633,22.6342391967773,0.08135241
115.5,-66.3131942749023,-0.16723503
115.5,-34.4618797302246,-0.08749068
115.5,-33.4249229431152,-0.0652595
115.5,-33.2160186767578,-0.06788987
115.5,-33.0066146850586,-0.0720228
115.5,-32.7967147827148,-0.0804635
115.5,-32.5863189697266,-0.10023799
115.5,-32.3754272460938,-0.11489335
115.5,-32.1640396118164,-0.12631478
115.5,-31.9521617889404,-0.12486048
115.5,-31.7397956848145,-0.1162178
115.5,-31.5269393920898,-0.1147339
115.5,-21.2456912994385,0.08343106
115.5,-8.71618556976318,-0.24107728
115.5,-7.97413206100464,-0.24645007
115.5,-7.2307300567627,-0.26128167
115.5,-6.73443984985352,-0.27832146
115.5,-3.99675464630127,-0.17927981
115.5,5.49157285690308,-0.09609376
115.499954223633,22.6342582702637,0.08347327
115.75,-66.3131942749023,-0.16972368
115.75,-34.6677513122559,-0.08889373
115.75,-21.2456912994385,0.08466917
115.75,-8.96321582794189,-0.21519853
115.75,-8.46899127960205,-0.1994162
115.75,-8.22163867950439,-0.25030831
115.75,-6.98265075683594,-0.26038524
115.75,-3.74732565879822,-0.10514471
115.75,5.74037265777588,-0.06649928
115.749954223633,22.6342754364014,0.08248978
116,-66.3131942749023,-0.1720761
116,-34.8731117248535,-0.11184112
116,-21.0124988555908,0.10174464
116,-8.71618556976318,-0.23315577
116,-8.46899127960205,-0.24117651
116,-3.74732565879822,-0.09676816
116,5.98906373977661,-0.11026013
115.999954223633,22.6342945098877,0.08357343
73,66.7354431152344,-0.1345914
72.776496887207,66.7351989746094,-0.13619645
116.25,-66.3131942749023,-0.19185179
116.25,-35.0779609680176,-0.11043767
116.25,-20.7789421081543,0.09268043
116.25,-8.96321582794189,-0.2322651
116.25,-8.22163867950439,-0.2753434
116.25,-3.99675464630127,-0.18742538
116.25,6.23764181137085,-0.10222953
116.25,6.48610210418701,-0.10650712
116.249923706055,22.8639965057373,0.11896913
73.4509811401367,66.8442535400391,-0.12682425
73.2250289916992,66.8449859619141,-0.1319575
116.5,-66.4134292602539,-0.19822827
116.5,-35.0779609680176,-0.11704969
116.5,-20.5450229644775,0.09479612
116.5,-8.96321582794189,-0.2063258
116.5,-8.22163867950439,-0.26001512
116.5,-3.74732565879822,-0.24651908
116.5,-3.49782538414001,-0.22588622
116.5,-3.24825859069824,-0.20175783
116.5,-2.99863004684448,-0.18199678
116.5,-2.7489447593689,-0.16719176
116.5,-1.99959397315979,-0.20586061
116.5,-1.74972796440125,-0.18686441
116.5,6.73443984985352,-0.0953993
116.499923706055,22.8640213012695,0.10532805
73.682487487793,66.9528579711914,-0.12562988
116.75,-66.6126937866211,-0.20489147
116.75,-66.5132598876953,-0.20057076
116.75,-35.0779609680176,-0.12470937
116.75,-20.5450229644775,0.10220443
116.75,-8.96321582794189,-0.21192686
116.75,-8.46899127960205,-0.23949683
116.75,-2.49920701980591,-0.21095221
116.75,-2.24942183494568,-0.25263535
116.75,-1.49982869625092,-0.19052457
116.75,6.98265075683594,-0.09087161
116.75,7.97413206100464,-0.10226816
116.749893188477,23.0931968688965,0.09311155
73.6871566772461,67.0627517700195,-0.12638227
117,-66.8103713989258,-0.20752652
117,-66.7117309570312,-0.20498681
117,-35.0779609680176,-0.13120218
117,-20.5450229644775,0.12045385
117,-8.96321582794189,-0.21776216
117,-8.46899127960205,-0.25632312
117,-1.24990081787109,-0.1939807
117,6.98265075683594,-0.14003017
117,7.2307300567627,-0.07024562
117,7.72647523880005,-0.08221754
117,8.22163867950439,-0.10128274
116.999855041504,23.3218307495117,0.05317271
116.999809265137,23.5498600006104,0.05553609
73.6918640136719,67.1727066040039,-0.12656192
117.25,-66.8103713989258,-0.2055695
117.25,-35.0779609680176,-0.14792753
117.25,-20.5450229644775,0.14444428
117.25,-8.96321582794189,-0.2029844
117.25,-8.22163867950439,-0.25411494
117.25,-0.999949216842651,-0.20262837
117.25,6.98265075683594,-0.17383391
117.25,7.47867298126221,-0.11178737
117.25,7.97413206100464,-0.19825066
117.25,8.46899127960205,-0.07472313
117.25,8.71618556976318,-0.0872841
117.249809265137,23.5499095916748,0.00590362
73.6966018676758,67.28271484375,-0.12598215
117.5,-66.9086227416992,-0.20762177
117.5,-35.282299041748,-0.13854284
117.5,-20.5450229644775,0.14401231
117.5,-8.96321582794189,-0.2017992
117.5,-8.22163867950439,-0.24875178
117.5,-0.999949216842651,-0.21524759
117.5,-0.249999210238457,-0.23442629
117.5,0,-0.22867401
117.5,3.24825859069824,-0.17223896
117.5,6.73443984985352,-0.05182217
117.5,7.2307300567627,-0.15594586
117.5,8.22163867950439,-0.16430644
117.5,8.96321582794189,-0.08323604
117.49974822998,23.7774276733398,-0.03564892
73.9370269775391,67.3910064697266,-0.12367122
117.75,-66.9086227416992,-0.20586198
117.75,-35.282299041748,-0.16013532
117.75,-20.5450229644775,0.16215639
117.75,-8.96321582794189,-0.20069761
117.75,-8.46899127960205,-0.21700792
117.75,-8.22163867950439,-0.22896332
117.75,-0.749978601932526,-0.22358178
117.75,-0.499993652105331,-0.22083253
117.75,0.249999210238457,-0.21380372
117.75,0.499993652105331,-0.23478608
117.75,2.99863004684448,-0.20570429
117.75,3.49782538414001,-0.2326551
117.75,5.98906373977661,-0.0875435
117.75,6.23764181137085,-0.11067133
117.75,6.48610210418701,-0.12795227
117.75,8.46899127960205,-0.14687188
117.75,9.21007823944092,-0.078132
117.74974822998,23.7774868011475,-0.07074047
74.1816329956055,67.4988250732422,-0.12208228
118,-66.9086227416992,-0.2050427
118,-35.0779609680176,-0.16128897
118,-20.3107452392578,0.26706998
118,-8.96321582794189,-0.19918611
118,-7.97413206100464,-0.23801714
118,0.749978601932526,-0.23307304
118,1.99959397315979,-0.23723352
118,2.7489447593689,-0.20295821
118,3.74732565879822,-0.19587827
118,3.99675464630127,-0.20462255
118,5.98906373977661,-0.11410314
118,8.71618556976318,-0.12953057
118,9.45676803588867,-0.05899437
117.99967956543,24.0044441223145,-0.10244228
117.778274536133,38.3848571777344,-0.07497079
117.769203186035,38.5488014221191,-0.0769008
117.759880065918,38.7118873596191,-0.07938677
117.750297546387,38.8741149902344,-0.08132657
117.74047088623,39.0354881286621,-0.08185719
74.4304428100586,67.6061401367188,-0.11895174
73,67.6153564453125,-0.1366094
72.7639541625977,67.615104675293,-0.13753483
118.25,-66.9086227416992,-0.20468725
118.25,-35.0779609680176,-0.15769939
118.25,-20.3107452392578,0.15086076
118.25,-8.96321582794189,-0.22039221
118.25,-7.97413206100464,-0.22260456
118.25,0.749978601932526,-0.22155322
118.25,1.74972796440125,-0.2204234
118.25,2.24942183494568,-0.21751031
118.25,2.49920701980591,-0.20811306
118.25,4.24610805511475,-0.21521029
118.25,4.74456834793091,-0.15973971
118.25,5.98906373977661,-0.13290882
118.25,8.96321582794189,-0.12111052
118.25,9.70328140258789,-0.02489731
118.249588012695,24.2308177947998,-0.10973753
118.249488830566,24.4565029144287,-0.10543205
118.036720275879,38.2281608581543,-0.05330491
117.98998260498,39.0448112487793,-0.07866242
74.6834869384766,67.7129440307617,-0.12491225
73.237663269043,67.725341796875,-0.14436968
118.5,-66.9086227416992,-0.20424422
118.5,-34.8731117248535,-0.16030028
118.5,-20.3107452392578,0.15873358
118.5,-8.96321582794189,-0.22024431
118.5,-8.22163867950439,-0.21499286
118.5,0.749978601932526,-0.23805726
118.5,1.49982869625092,-0.23726846
118.5,4.24610805511475,-0.21048044
118.5,4.74456834793091,-0.15420802
118.5,5.74037265777588,-0.14110716
118.5,9.21007823944092,-0.11573293
118.5,9.94961357116699,0.02255051
118.499488830566,24.4566059112549,-0.1110091
118.286354064941,38.2362823486328,-0.04303722
118.239524841309,39.0541343688965,-0.07083282
74.6950531005859,67.8231887817383,-0.14117854
73.2392959594727,67.8356399536133,-0.149387
118.75,-66.9086227416992,-0.20316012
118.75,-34.6677513122559,-0.16350753
118.75,-20.0761108398438,0.10401861
118.75,-9.45676803588867,-0.21964794
118.75,-8.96321582794189,-0.20896659
118.75,-8.22163867950439,-0.21245479
118.75,-3.49782538414001,-0.23644888
118.75,-3.24825859069824,-0.21614663
118.75,-2.99863004684448,-0.21573595
118.75,-2.7489447593689,-0.21483833
118.75,0.749978601932526,-0.23739916
118.75,1.24990081787109,-0.24458566
118.75,4.49538087844849,-0.2050719
118.75,4.74456834793091,-0.14365493
118.75,5.74037265777588,-0.12643872
118.75,9.45676803588867,-0.10595677
118.75,10.1957597732544,0.06013811
118.749366760254,24.6817951202393,-0.10412248
118.536010742188,38.2444076538086,-0.03410858
118.489074707031,39.0634651184082,-0.05602645
74.7067184448242,67.9334716796875,-0.16355034
73.2409439086914,67.9459915161133,-0.15064061
119,-66.9086227416992,-0.23263161
119,-34.6677513122559,-0.15900736
119,-20.0761108398438,0.26268372
119,-9.70328140258789,-0.23018708
119,-9.21007823944092,-0.25933914
119,-8.96321582794189,-0.25632495
119,-8.22163867950439,-0.20829072
119,-3.74732565879822,-0.24552486
119,-2.49920701980591,-0.25122407
119,-2.24942183494568,-0.22774126
119,0.999949216842651,-0.23006752
119,4.99366569519043,-0.1569218
119,5.49157285690308,-0.13763409
119,9.70328140258789,-0.10034035
119,10.4417161941528,0.08975661
118.999221801758,24.906379699707,-0.09086996
118.785667419434,38.2525329589844,-0.02701969
118.738639831543,39.0727996826172,-0.0391993
74.7184677124023,68.043815612793,-0.18544119
73.2426071166992,68.0563888549805,-0.14917398
119.25,-66.9086227416992,-0.19898052
119.25,-34.6677513122559,-0.14507788
119.25,-19.8411273956299,0.21797827
119.25,-9.94961357116699,-0.21260156
119.25,-9.21007823944092,-0.26905889
119.25,-8.96321582794189,-0.26762248
119.25,-8.22163867950439,-0.20064693
119.25,-5.49157285690308,-0.23736701
119.25,-5.24266910552979,-0.20797987
119.25,-4.99366569519043,-0.20983339
119.25,-4.74456834793091,-0.21085212
119.25,-3.74732565879822,-0.20402779
119.25,-1.99959397315979,-0.20996648
119.25,-1.74972796440125,-0.25760194
119.25,-1.49982869625092,-0.22325101
119.25,-1.24990081787109,-0.22118114
119.25,-0.999949216842651,-0.22360286
119.25,4.99366569519043,-0.16189758
119.25,5.49157285690308,-0.1478777
119.25,9.94961357116699,-0.08219825
119.25,10.687479019165,0.07672248
119.25,10.9330415725708,0.05255983
119.25,11.1784019470215,0.04058525
119.249061584473,25.1303520202637,-0.06332596
119.248878479004,25.3535251617432,-0.05200785
119.083778381348,37.2466735839844,-0.01256885
119.076286315918,37.4178466796875,-0.00989558
119.068572998047,37.5881423950195,0.00315562
119.060623168945,37.7575721740723,9.207e-05
119.052444458008,37.9261322021484,-0.00563866
119.044013977051,38.0938262939453,-0.01441583
118.988220214844,39.0821342468262,-0.03173095
74.4803237915039,68.1576690673828,-0.20254039
73.2442779541016,68.1668395996094,-0.15317222
119.5,-66.8103713989258,-0.16364277
119.5,-34.4618797302246,-0.16412199
119.5,-19.8411273956299,0.24828561
119.5,-9.94961357116699,-0.21328526
119.5,-9.21007823944092,-0.24823085
119.5,-8.96321582794189,-0.25295761
119.5,-8.22163867950439,-0.20865329
119.5,-5.74037265777588,-0.2086311
119.5,-4.49538087844849,-0.24896101
119.5,-4.24610805511475,-0.24481633
119.5,-3.99675464630127,-0.23445689
119.5,-3.74732565879822,-0.209783
119.5,-0.749978601932526,-0.21643097
119.5,5.24266910552979,-0.16368152
119.5,10.1957597732544,-0.04748188
119.5,11.4235544204712,0.04539914
119.498878479004,25.3537063598633,-0.05249064
119.416358947754,34.760856628418,-0.00105995
119.411712646484,34.9447441101074,0.00206049
119.406875610352,35.1277236938477,0.00444365
119.333549499512,37.253475189209,-0.001
119.227600097656,39.2535095214844,-0.04751003
77.5632400512695,68.1884078979492,-0.17689746
77.3033142089844,68.1983261108398,-0.18074017
74.4905395507812,68.2681350708008,-0.22262633
73.4929351806641,68.2765731811523,-0.16224932
119.75,-66.8103713989258,-0.16110359
119.75,-34.255500793457,-0.17551005
119.75,-34.0486145019531,-0.16980836
119.75,-19.8411273956299,0.2453069
119.75,-9.94961357116699,-0.16834596
119.75,-9.21007823944092,-0.24652164
119.75,-8.96321582794189,-0.23637759
119.75,-8.46899127960205,-0.20672811
119.75,-5.74037265777588,-0.1986501
119.75,-0.499993652105331,-0.21878198
119.75,-0.249999210238457,-0.22327985
119.75,0,-0.23379888
119.75,0.249999210238457,-0.24213125
119.75,0.499993652105331,-0.24229707
119.75,5.24266910552979,-0.20003933
119.75,10.1957597732544,-0.0366265
119.75,10.687479019165,0.04876542
119.75,10.9330415725708,0.06042112
119.75,11.1784019470215,0.08256302
119.75,11.9132204055786,0.10824987
119.75,12.1577243804932,0.03305267
119.75,15.3143272399902,0.05292286
119.75,15.5553112030029,0.06400307
119.75,15.7960119247437,0.0738318
119.75,16.0364284515381,0.08238723
119.748664855957,25.5764389038086,0.07522106
119.748428344727,25.7983093261719,0.12128981
119.748153686523,26.0194892883301,0.13220919
119.747856140137,26.2399673461914,0.13905355
119.747520446777,26.4597320556641,0.13829844
119.670753479004,34.580078125,-0.02357659
119.651748657227,35.3144836425781,0.00722629
119.646537780762,35.4958305358887,0.00626065
119.583335876465,37.2602767944336,0.01566436
119.466682434082,39.4245643615723,-0.0620677
119.455894470215,39.5852165222168,-0.05280088
119.444839477539,39.745059967041,-0.05877024
77.8569869995117,68.2879638671875,-0.17698009
77.3329772949219,68.3085021972656,-0.18687068
74.248291015625,68.3815765380859,-0.2104677
73.4963455200195,68.3871231079102,-0.16107664
120,-66.8103713989258,-0.16757867
120,-34.0486145019531,-0.16133032
120,-19.8411273956299,0.2480282
120,-10.1957597732544,-0.1931122
120,-9.21007823944092,-0.26066906
120,-8.96321582794189,-0.24700157
120,-8.22163867950439,-0.21883996
120,-5.74037265777588,-0.19758628
120,0.749978601932526,-0.23982995
120,4.99366569519043,-0.20028038
120,5.49157285690308,-0.18000868
120,10.4417161941528,-0.03030575
120,11.6684951782227,0.04723804
120,12.4020042419434,0.02971795
120,14.8315315246582,0.0322025
120,15.0730667114258,0.04085881
120,16.276554107666,0.08531897
119.999946594238,22.634593963623,0.02683764
119.999923706055,22.8643684387207,0.02090219
119.999893188477,23.0936126708984,0.16292976
119.999855041504,23.3223133087158,-0.01037759
119.999809265137,23.5504589080811,0.05868989
119.99974822998,23.7780342102051,0.08904354
119.997138977051,26.6791343688965,0.09453379
119.920677185059,34.5840950012207,-0.04574049
119.896430969238,35.5006866455078,-0.01214503
119.833129882812,37.2670783996582,0.01790213
119.683029174805,39.9147262573242,-0.07045354
77.8904800415039,68.3980865478516,-0.18149076
77.3628845214844,68.4187240600586,-0.19316956
74.2569274902344,68.4921569824219,-0.20798336
73.7511901855469,68.4964141845703,-0.15771748
120.25,-66.8103713989258,-0.17931878
120.25,-34.0486145019531,-0.14604043
120.25,-19.8411273956299,0.23217692
120.25,-10.4417161941528,-0.18458418
120.25,-9.45676803588867,-0.27074384
120.25,-8.96321582794189,-0.24005133
120.25,-8.22163867950439,-0.20739064
120.25,-6.23764181137085,-0.20493618
120.25,-5.74037265777588,-0.2073078
120.25,-0.749978601932526,-0.25534911
120.25,-0.499993652105331,-0.26331876
120.25,-0.249999210238457,-0.27052865
120.25,0,-0.27225279
120.25,0.249999210238457,-0.2630937
120.25,0.999949216842651,-0.24525824
120.25,4.99366569519043,-0.19629199
120.25,5.49157285690308,-0.181853
120.25,11.6684951782227,0.03375749
120.25,12.4020042419434,0.03125531
120.25,13.3767938613892,0.06398382
120.25,14.5897264480591,0.02870012
120.25,16.276554107666,0.19200135
120.25,16.5163860321045,0.09832682
120.25,16.7559223175049,0.108249
120.25,16.9951572418213,0.11061965
120.25,17.2340850830078,0.11807881
120.25,17.4727058410645,0.13481971
120.25,17.7110137939453,0.14708003
120.25,17.9490070343018,0.14927849
120.249969482422,22.404317855835,0.04292239
120.249671936035,24.0051021575928,0.09237743
120.249588012695,24.2315139770508,0.10719649
120.246726989746,26.8978805541992,0.06869555
120.174926757812,34.4019393920898,-0.02702688
120.140907287598,35.6863555908203,-0.0100569
120.135299682617,35.8662719726562,-0.00013434
120.129486083984,36.0453033447266,0.00402019
120.075408935547,37.4459114074707,0.02182962
120.067642211914,37.6170768737793,0.02524428
119.932579040527,39.9253540039062,-0.07813057
77.6583480834961,68.5189361572266,-0.19041863
77.3930358886719,68.5289916992188,-0.19426188
74.2656326293945,68.602783203125,-0.20365991
73.5032424926758,68.6083831787109,-0.14044801
120.5,-66.8103713989258,-0.20395653
120.5,-34.0486145019531,-0.14738038
120.5,-19.6057929992676,0.33941909
120.5,-10.4417161941528,-0.21267154
120.5,-9.70328140258789,-0.25558964
120.5,-8.96321582794189,-0.23310553
120.5,-8.22163867950439,-0.20614448
120.5,-6.48610210418701,-0.19443732
120.5,-5.98906373977661,-0.21692204
120.5,-5.49157285690308,-0.2123268
120.5,-5.24266910552979,-0.22600315
120.5,-4.99366569519043,-0.23509095
120.5,-4.74456834793091,-0.23653963
120.5,-4.49538087844849,-0.23485704
120.5,-4.24610805511475,-0.23342983
120.5,-3.99675464630127,-0.22991378
120.5,-3.74732565879822,-0.22960443
120.5,-3.49782538414001,-0.22851648
120.5,-3.24825859069824,-0.22028335
120.5,-2.99863004684448,-0.2064069
120.5,-2.7489447593689,-0.15360631
120.5,-0.999949216842651,-0.26299249
120.5,0.249999210238457,-0.27373317
120.5,0.999949216842651,-0.24586338
120.5,5.24266910552979,-0.19725099
120.5,11.9132204055786,0.02148967
120.5,12.1577243804932,0.01156959
120.5,13.1334543228149,0.063372
120.5,13.6198883056641,0.05263949
120.5,14.1053228378296,0.03563996
120.5,14.5897264480591,0.03349578
120.5,18.1866779327393,0.14724749
120.5,18.4240283966064,0.14914707
120.499992370605,21.9422416687012,0.06245733
120.499977111816,22.1735305786133,0.05236817
120.499969482422,22.404333114624,0.05390114
120.499481201172,24.4574241638184,0.10028613
120.496269226074,27.115966796875,0.04719905
120.464622497559,32.1001396179199,0.1312546
120.436836242676,33.8414421081543,-0.03397803
120.433006286621,34.0304565429688,-0.03128853
120.429016113281,34.218578338623,-0.02342677
120.379371643066,36.050708770752,-0.00014399
120.309417724609,37.7948455810547,0.02548373
120.170455932617,40.0950202941895,-0.07467857
77.6905746459961,68.6292037963867,-0.18882629
77.1569137573242,68.6487884521484,-0.19998776
74.2744064331055,68.7134552001953,-0.19381861
73.2528457641602,68.7198715209961,-0.13222638
120.75,-66.8103713989258,-0.19982595
120.75,-34.0486145019531,-0.14812072
120.75,-19.6057929992676,0.22113839
120.75,-10.4417161941528,-0.22840272
120.75,-9.70328140258789,-0.25407279
120.75,-8.96321582794189,-0.24048806
120.75,-8.22163867950439,-0.20253642
120.75,-6.23764181137085,-0.20739607
120.75,-3.49782538414001,-0.2332373
120.75,-3.24825859069824,-0.22097577
120.75,-2.7489447593689,-0.16382524
120.75,-1.24990081787109,-0.26335633
120.75,0.249999210238457,-0.27281499
120.75,1.24990081787109,-0.24250186
120.75,5.98906373977661,-0.16578175
120.75,12.6460552215576,0.02884728
120.75,12.8898735046387,0.05175761
120.75,13.6198883056641,0.0653529
120.75,13.8627319335938,0.05764829
120.75,14.3476552963257,0.1155876
120.75,14.5897264480591,0.05744642
120.75,18.6610488891602,0.1482843
120.749992370605,21.7104816436768,0.07958219
120.749366760254,24.6827507019043,0.11102488
120.749221801758,24.9073467254639,0.10395979
120.745765686035,27.3333911895752,0.04101356
120.745208740234,27.5496273040771,0.07403235
120.744606018066,27.7651042938232,0.09868305
120.732292175293,30.2888469696045,0.15307046
120.717018127441,31.9043617248535,0.11465009
120.714599609375,32.1023902893066,0.11689054
120.693984985352,33.4638595581055,-0.03240713
120.690460205078,33.6548004150391,-0.03473024
120.629257202148,36.0561180114746,-0.00173323
120.55094909668,37.9722061157227,0.0265039
120.420028686523,40.1059150695801,-0.07369998
77.4540786743164,68.7496643066406,-0.19425534
76.9180221557617,68.7681045532227,-0.20702443
76.6510009765625,68.7763900756836,-0.21212471
74.8034133911133,68.817626953125,-0.22440563
74.5428695678711,68.8211822509766,-0.20249535
73,68.8308944702148,-0.11064064
72.7453994750977,68.8306274414062,-0.09951068
121,-66.8103713989258,-0.23109239
121,-66.7117309570312,-0.20173553
121,-34.0486145019531,-0.12985828
121,-19.6057929992676,0.16238012
121,-10.1957597732544,-0.226524
121,-9.94961357116699,-0.22756301
121,-8.96321582794189,-0.24524877
121,-8.22163867950439,-0.204178
121,-3.74732565879822,-0.23234033
121,-2.99863004684448,-0.15558278
121,-2.7489447593689,-0.1215285
121,-1.24990081787109,-0.2687916
121,0.249999210238457,-0.27168375
121,1.49982869625092,-0.23336297
121,5.74037265777588,-0.18971056
121,6.23764181137085,-0.17369478
121,12.4020042419434,0.00637391
121,18.6610488891602,0.12587406
120.999992370605,21.9422550201416,0.05596645
120.999977111816,22.1735515594482,0.03885099
120.999969482422,22.4043598175049,0.04722093
120.999061584473,25.1314640045166,0.09070018
120.993949890137,27.9804363250732,0.0752265
120.982284545898,30.2902088165283,0.14903228
120.980735778809,30.4952411651611,0.14587549
120.969299316406,31.7074871063232,0.10451672
120.966995239258,31.9064998626709,0.08762187
120.956558227539,32.6937980651855,-0.0201889
120.953620910645,32.8884201049805,-0.0216682
120.950538635254,33.082160949707,-0.03006586
120.947319030762,33.275016784668,-0.0227773
120.873123168945,36.2402381896973,0.01925524
120.866874694824,36.4180793762207,0.03332589
120.800743103027,37.9798851013184,0.01885493
120.657600402832,40.2756004333496,-0.05189642
120.645286560059,40.4336242675781,-0.04862413
77.4849853515625,68.8600692749023,-0.19357656
77.2147750854492,68.8696441650391,-0.20090762
76.6763610839844,68.8869247436523,-0.21310685
75.6083526611328,68.9141693115234,-0.24035395
75.3433532714844,68.9194793701172,-0.24068529
75.0792083740234,68.9242095947266,-0.23895425
121.25,-66.6126937866211,-0.19933571
121.25,-34.0486145019531,-0.11486269
121.25,-19.3701171875,0.13371498
121.25,-19.1340980529785,0.12431042
121.25,-8.96321582794189,-0.24769374
121.25,-8.46899127960205,-0.19962371
121.25,-3.99675464630127,-0.22350063
121.25,-0.999949216842651,-0.2707796
121.25,0.249999210238457,-0.27541798
121.25,1.49982869625092,-0.22030297
121.25,5.74037265777588,-0.18552253
121.25,6.23764181137085,-0.19529172
121.25,12.1577243804932,0.02459681
121.25,18.6610488891602,0.10675495
121.25,19.1340980529785,0.14488124
121.249946594238,22.6346893310547,0.06793963
121.249923706055,22.8644924163818,0.09392635
121.249061584473,25.1316242218018,0.07564102
121.243949890137,27.9810581207275,0.03310974
121.232276916504,30.2915725708008,0.13646439
121.230728149414,30.4966907501221,0.13804609
121.219284057617,31.7095165252686,0.09918242
121.209342956543,32.5007743835449,0.00201777
121.110305786133,36.6010360717773,0.03462622
121.05884552002,37.8172149658203,0.02372498
121.00537109375,38.8268737792969,-0.02688676
120.882225036621,40.6025848388672,-0.04325825
76.97265625,68.9891357421875,-0.20359723
76.4319229125977,69.0052642822266,-0.21189419
76.1626586914062,69.0124053955078,-0.21396261
75.8941802978516,69.0189437866211,-0.21606538
75.0936889648438,69.0349731445312,-0.21321858
74.8285980224609,69.0391464233398,-0.19594045
74.5644226074219,69.0427398681641,-0.17362611
74.3011856079102,69.0457611083984,-0.15280859
74.0389175415039,69.048225402832,-0.13216171
121.5,-66.6126937866211,-0.19526789
121.5,-34.0486145019531,-0.10576002
121.5,-18.897741317749,0.08459765
121.5,-18.6610488891602,0.05603972
121.5,-10.687479019165,-0.10137294
121.5,-8.96321582794189,-0.25631573
121.5,-8.46899127960205,-0.2084922
121.5,-4.74456834793091,-0.22955907
121.5,-4.49538087844849,-0.22637407
121.5,-4.24610805511475,-0.21179775
121.5,-0.749978601932526,-0.27416659
121.5,0.249999210238457,-0.2818876
121.5,1.24990081787109,-0.21904135
121.5,5.98906373977661,-0.18077992
121.5,12.4020042419434,0.04698797
121.5,12.6460552215576,0.04808147
121.5,12.8898735046387,0.05734857
121.5,13.1334543228149,0.06878968
121.5,13.3767938613892,0.07205611
121.5,13.6198883056641,0.06840559
121.5,13.8627319335938,0.06689359
121.5,15.0730667114258,0.08319399
121.5,15.3143272399902,0.09916377
121.5,18.6610488891602,0.12734182
121.5,18.897741317749,0.11747029
121.5,19.3701171875,0.14408989
121.499893188477,23.0938053131104,0.09679294
121.499855041504,23.3225555419922,0.10705533
121.498870849609,25.3551597595215,0.10141934
121.493232727051,28.1957740783691,0.03334608
121.482269287109,30.2929344177246,0.12160429
121.479072570801,30.7025012969971,0.12939866
121.471450805664,31.5114517211914,0.10756
121.469268798828,31.7115459442139,0.09909223
121.46199798584,32.3066368103027,0.01643136
121.360198974609,36.6070213317871,0.02268282
121.31672668457,37.6532554626465,0.04031387
121.264694213867,38.6692657470703,-0.00845908
121.245307922363,39.0013656616211,-0.02580657
121.214218139648,39.493480682373,-0.05089661
121.118843078613,40.7713394165039,-0.04077502
76.7277145385742,69.1081314086914,-0.19376542
76.4558334350586,69.1159210205078,-0.1922275
76.184700012207,69.1231002807617,-0.18959095
75.9143600463867,69.1296691894531,-0.18933929
75.6448211669922,69.1356353759766,-0.189931
75.3761215209961,69.1410064697266,-0.19223454
73.7830657958984,69.1610107421875,-0.11049032
121.75,-66.6126937866211,-0.19124738
121.75,-34.0486145019531,-0.09670466
121.75,-18.4240283966064,0.09547928
121.75,-10.9330415725708,-0.05726895
121.75,-10.4417161941528,-0.11789536
121.75,-8.96321582794189,-0.25545055
121.75,-8.46899127960205,-0.21470136
121.75,-5.24266910552979,-0.20863423
121.75,-4.99366569519043,-0.22509351
121.75,-2.24942183494568,-0.23794675
121.75,-1.99959397315979,-0.24108203
121.75,-0.749978601932526,-0.2736518
121.75,0.249999210238457,-0.2847754
121.75,1.24990081787109,-0.22153276
121.75,6.48610210418701,-0.18713741
121.75,6.98265075683594,-0.1330149
121.75,7.2307300567627,-0.13036546
121.75,10.687479019165,-0.01745393
121.75,10.9330415725708,-0.00113088
121.75,11.9132204055786,0.035873
121.75,12.1577243804932,0.03495285
121.75,13.6198883056641,0.06724388
121.75,13.8627319335938,0.06261369
121.75,14.3476552963257,0.25364265
121.75,14.5897264480591,0.10859502
121.75,14.8315315246582,0.11277996
121.75,15.5553112030029,0.12086994
121.75,15.7960119247437,0.14470946
121.75,16.0364284515381,0.10933822
121.75,18.4240283966064,0.12680238
121.75,19.1340980529785,0.14852974
121.749809265137,23.5508079528809,0.12034762
121.74974822998,23.7784614562988,0.12154663
121.749671936035,24.0055408477783,0.12546416
121.749588012695,24.2320365905762,0.11969099
121.748870849609,25.3553409576416,0.10588259
121.742454528809,28.4098224639893,0.06673819
121.74161529541,28.6224174499512,0.0856684
121.740715026855,28.8342227935791,0.0942685
121.73974609375,29.0452365875244,0.10237155
121.73371887207,30.0881748199463,0.13649231
121.729064941406,30.7040386199951,0.09519271
121.723510742188,31.3123188018799,0.11799569
121.719253540039,31.7135753631592,0.0831032
121.714530944824,32.1113929748535,0.02691869
121.603408813477,36.7897071838379,0.01720772
121.574409484863,37.4880218505859,0.05599587
121.51448059082,38.6778678894043,-0.00206586
121.484970092773,39.175537109375,-0.02711413
121.474594116211,39.3398246765137,-0.04087948
121.453010559082,39.6660232543945,-0.05505979
121.441802978516,39.8279418945312,-0.06732935
121.36841583252,40.7833099365234,-0.05089884
73.7885360717773,69.2719345092773,-0.11079002
122,-66.5132598876953,-0.16316897
122,-34.0486145019531,-0.09242272
122,-18.4240283966064,0.10935994
122,-18.1866779327393,0.06501937
122,-17.9490070343018,0.03111056
122,-17.7110137939453,0.01071506
122,-17.4727058410645,0.00953777
122,-17.2340850830078,0.00982831
122,-10.9330415725708,-0.05581875
122,-10.4417161941528,-0.11506367
122,-8.96321582794189,-0.25173067
122,-8.46899127960205,-0.21108925
122,-5.49157285690308,-0.20779287
122,-4.99366569519043,-0.22754037
122,-2.49920701980591,-0.2388162
122,-1.74972796440125,-0.2395973
122,-0.749978601932526,-0.27631343
122,0.249999210238457,-0.28673988
122,1.24990081787109,-0.22408988
122,6.23764181137085,-0.17160206
122,6.73443984985352,-0.18783711
122,7.47867298126221,-0.12805529
122,7.72647523880005,-0.12285632
122,10.4417161941528,-0.01550522
122,11.1784019470215,0.00884766
122,11.4235544204712,0.01977887
122,11.6684951782227,0.02916547
122,12.4020042419434,0.04021466
122,13.3767938613892,0.07092236
122,14.1053228378296,0.31588839
122,14.5897264480591,0.14809005
122,15.0730667114258,0.1179885
122,16.0364284515381,0.15612578
122,18.4240283966064,0.13535611
121.999481201172,24.4580402374268,0.14895999
121.999359130859,24.683349609375,0.10681189
121.999221801758,24.9080390930176,0.20517566
121.999061584473,25.13210105896,0.11815986
121.988693237305,29.2564296722412,0.07447276
121.987571716309,29.4659061431885,0.09008304
121.986373901367,29.6745738983154,0.08786325
121.98371887207,30.0894546508789,0.11613634
121.977310180664,30.9092750549316,0.06585289
121.975456237793,31.112133026123,0.05448626
121.966941833496,31.9150524139404,0.02730207
121.853309631348,36.7958908081055,0.00267801
121.824279785156,37.4950332641602,0.04841869
121.754699707031,38.8534049987793,-0.01132581
121.680000305176,39.9996948242188,-0.07342601
121.618019104004,40.7952766418457,-0.05384845
73.794059753418,69.3829116821289,-0.13981098
122.25,-66.5132598876953,-0.15935834
122.25,-34.0486145019531,-0.10515086
122.25,-16.9951572418213,0.03907136
122.25,-10.687479019165,-0.10481413
122.25,-8.96321582794189,-0.24741499
122.25,-8.46899127960205,-0.21921433
122.25,-5.24266910552979,-0.20007965
122.25,-4.99366569519043,-0.20097246
122.25,-2.7489447593689,-0.23912115
122.25,-1.74972796440125,-0.23480191
122.25,-0.749978601932526,-0.28329595
122.25,0.249999210238457,-0.28813885
122.25,0.999949216842651,-0.22276896
122.25,6.48610210418701,-0.17066626
122.25,6.98265075683594,-0.16298428
122.25,7.97413206100464,-0.11688083
122.25,9.70328140258789,-0.01249292
122.25,10.4417161941528,-0.01609571
122.25,11.9132204055786,0.04138695
122.25,12.1577243804932,0.04543055
122.25,12.4020042419434,0.04733801
122.25,13.3767938613892,0.07367592
122.25,14.3476552963257,0.2563229
122.25,14.8315315246582,0.1300802
122.25,16.276554107666,0.15249104
122.25,17.4727058410645,0.1468282
122.25,17.7110137939453,0.160497
122.25,17.9490070343018,0.15687022
122.25,18.6610488891602,0.16222728
122.235084533691,29.8836250305176,0.05414785
122.103225708008,36.8020706176758,-0.01339207
122.074165344238,37.5020446777344,0.03338537
121.994644165039,39.0286140441895,-0.01055024
121.917892456055,40.171199798584,-0.0724641
121.905784606934,40.3313407897949,-0.07422071
121.867645263672,40.8072357177734,-0.06041743
73.7996215820312,69.4939346313477,-0.10986124
122.5,-66.5132598876953,-0.15644862
122.5,-34.0486145019531,-0.12314791
122.5,-16.7559223175049,0.06551521
122.5,-8.96321582794189,-0.2445833
122.5,-8.22163867950439,-0.21426806
122.5,-5.49157285690308,-0.20687932
122.5,-3.74732565879822,-0.24436599
122.5,-3.49782538414001,-0.2429125
122.5,-3.24825859069824,-0.23975486
122.5,-2.99863004684448,-0.24098748
122.5,-1.49982869625092,-0.23248566
122.5,-0.749978601932526,-0.29071897
122.5,0.249999210238457,-0.28676378
122.5,0.999949216842651,-0.22910245
122.5,7.2307300567627,-0.16973844
122.5,7.47867298126221,-0.17227199
122.5,8.22163867950439,-0.10731121
122.5,9.45676803588867,-0.03594855
122.5,9.94961357116699,-0.00324632
122.5,10.4417161941528,-0.01885157
122.5,11.6684951782227,0.03240615
122.5,12.1577243804932,0.04827947
122.5,12.6460552215576,0.06005861
122.5,13.1334543228149,0.10347456
122.5,14.3476552963257,0.27690509
122.5,16.5163860321045,0.16487085
122.5,16.7559223175049,0.17209853
122.5,17.2340850830078,0.18203995
122.5,18.1866779327393,0.16772801
122.5,18.4240283966064,0.15920791
122.353141784668,36.8082466125488,-0.01507519
122.324058532715,37.5090560913086,0.02366546
122.234321594238,39.2035140991211,0.01020962
122.143058776855,40.502124786377,-0.07037709
122.130332946777,40.6610298156738,-0.06835359
73.5357437133789,69.6063766479492,-0.09401859
122.75,-66.4134292602539,-0.15450327
122.75,-34.0486145019531,-0.13976281
122.75,-16.5163860321045,0.0588461
122.75,-10.687479019165,-0.07160251
122.75,-8.71618556976318,-0.24661818
122.75,-8.22163867950439,-0.22777932
122.75,-5.74037265777588,-0.23010337
122.75,-3.99675464630127,-0.24430889
122.75,-1.49982869625092,-0.23268657
122.75,-1.24990081787109,-0.2759632
122.75,-0.499993652105331,-0.31400748
122.75,0.249999210238457,-0.30108653
122.75,0.999949216842651,-0.22904964
122.75,7.47867298126221,-0.1741787
122.75,8.22163867950439,-0.10942829
122.75,9.21007823944092,-0.06905233
122.75,10.1957597732544,-0.01409053
122.75,10.4417161941528,-0.06040995
122.75,11.6684951782227,0.01405638
122.75,12.4020042419434,0.05865501
122.75,13.3767938613892,0.0873913
122.75,13.6198883056641,0.08625599
122.75,14.3476552963257,0.26858461
122.75,16.9951572418213,0.18131755
122.596138000488,36.991081237793,-0.00875479
122.588981628418,37.1669082641602,-0.00241668
122.581588745117,37.3418998718262,-0.07652852
122.473709106445,39.378116607666,0.035652
73.5395126342773,69.7174911499023,-0.09637587
123,-66.4134292602539,-0.15297652
123,-34.0486145019531,-0.1312117
123,-16.5163860321045,0.08456072
123,-10.9330415725708,-0.08571776
123,-10.4417161941528,-0.08701562
123,-8.71618556976318,-0.25643497
123,-8.22163867950439,-0.22758264
123,-5.49157285690308,-0.21419746
123,-4.24610805511475,-0.25646241
123,-1.74972796440125,-0.27173324
123,-1.24990081787109,-0.28638328
123,-0.999949216842651,-0.24710066
123,-0.499993652105331,-0.32092078
123,0.249999210238457,-0.28938646
123,0.999949216842651,-0.22177718
123,7.47867298126221,-0.16958331
123,8.46899127960205,-0.10862438
123,8.96321582794189,-0.09879864
123,11.6684951782227,0.07231235
123,12.1577243804932,0.04416409
123,12.4020042419434,0.06033661
123,13.3767938613892,0.09344869
123,14.3476552963257,0.24971009
122.723533630371,39.3876724243164,0.02353434
73.5433197021484,69.8286514282227,-0.09826463
123.25,-66.3131942749023,-0.14534265
123.25,-34.0486145019531,-0.13084192
123.25,-16.9951572418213,0.27325451
123.25,-16.7559223175049,0.21831602
123.25,-10.9330415725708,-0.11930963
123.25,-10.4417161941528,-0.09653111
123.25,-8.71618556976318,-0.24545596
123.25,-8.22163867950439,-0.20774717
123.25,-5.24266910552979,-0.23171235
123.25,-4.99366569519043,-0.23977269
123.25,-4.74456834793091,-0.24891066
123.25,-4.49538087844849,-0.28520214
123.25,-1.74972796440125,-0.24813856
123.25,-1.24990081787109,-0.27063506
123.25,-0.499993652105331,-0.32224879
123.25,0.249999210238457,-0.29667643
123.25,0.999949216842651,-0.21974371
123.25,7.47867298126221,-0.16868742
123.25,8.71618556976318,-0.11383918
123.25,8.96321582794189,-0.10412085
123.25,11.1784019470215,0.15161729
123.25,11.4235544204712,0.13976984
123.25,11.9132204055786,0.09416153
123.25,12.6460552215576,0.07179802
123.25,13.1334543228149,0.09754206
123.25,14.1053228378296,0.32934428
122.962646484375,39.5622329711914,0.05556845
73.5471572875977,69.9398498535156,-0.10075226
123.5,-66.3131942749023,-0.15118971
123.5,-34.0486145019531,-0.12764689
123.5,-17.2340850830078,0.17542937
123.5,-16.7559223175049,0.19886557
123.5,-16.5163860321045,0.11821228
123.5,-10.687479019165,-0.12338687
123.5,-10.1957597732544,-0.10001551
123.5,-9.94961357116699,-0.09823861
123.5,-9.70328140258789,-0.11440332
123.5,-8.71618556976318,-0.23896286
123.5,-8.22163867950439,-0.20564801
123.5,-1.49982869625092,-0.27829694
123.5,-0.999949216842651,-0.26788711
123.5,-0.749978601932526,-0.29658402
123.5,0.249999210238457,-0.291973
123.5,0.999949216842651,-0.22469865
123.5,7.72647523880005,-0.16747631
123.5,8.71618556976318,-0.08747073
123.5,9.21007823944092,-0.06140175
123.5,9.45676803588867,-0.05119568
123.5,10.687479019165,0.07918302
123.5,10.9330415725708,0.07384245
123.5,11.9132204055786,0.13856145
123.5,12.6460552215576,0.07501603
123.5,12.8898735046387,0.09568595
123.5,14.1053228378296,0.30139801
123.499588012695,24.2326488494873,0.11954859
123.212501525879,39.5720291137695,0.04268355
73.5510330200195,70.0510864257812,-0.10246656
123.75,-66.2125549316406,-0.16267661
123.75,-33.8412208557129,-0.13770433
123.75,-17.2340850830078,0.13992823
123.75,-16.9951572418213,0.14594261
123.75,-16.276554107666,-0.07165366
123.75,-10.4417161941528,-0.11497645
123.75,-9.45676803588867,-0.16851679
123.75,-8.71618556976318,-0.23827443
123.75,-8.22163867950439,-0.20691962
123.75,0.249999210238457,-0.28536459
123.75,0.999949216842651,-0.23429852
123.75,6.73443984985352,-0.17649214
123.75,6.98265075683594,-0.17688493
123.75,7.72647523880005,-0.16608335
123.75,8.71618556976318,-0.08488504
123.75,9.70328140258789,-0.02251202
123.75,9.94961357116699,-0.00734178
123.75,10.687479019165,0.08110803
123.75,10.9330415725708,0.08023837
123.75,11.6684951782227,0.03625376
123.75,12.4020042419434,0.04373065
123.75,12.6460552215576,0.07119168
123.75,13.3767938613892,0.02596646
123.75,13.6198883056641,0.15660886
123.75,14.1053228378296,0.27844598
123.749671936035,24.0061283111572,0.13698905
123.749481201172,24.4587574005127,0.08254938
123.45133972168,39.7465629577637,0.05756763
73.5549468994141,70.1623687744141,-0.10301025
124,-66.2125549316406,-0.15095218
124,-33.6333236694336,-0.15387735
124,-33.4249229431152,-0.16591927
124,-16.276554107666,-0.06830991
124,-10.4417161941528,-0.12764569
124,-9.21007823944092,-0.23422963
124,-8.71618556976318,-0.25215292
124,-8.22163867950439,-0.22182754
124,0.249999210238457,-0.28105497
124,0.999949216842651,-0.232489
124,6.23764181137085,-0.18032248
124,6.48610210418701,-0.17503808
124,7.2307300567627,-0.17722959
124,7.47867298126221,-0.17618862
124,8.22163867950439,-0.09003343
124,8.46899127960205,-0.07973969
124,9.45676803588867,-0.04902382
124,9.94961357116699,-0.01400428
124,10.1957597732544,0.03561753
124,11.1784019470215,0.00590393
124,11.9132204055786,0.07848138
124,12.1577243804932,0.09481519
124,12.4020042419434,0.10649811
124,13.1334543228149,0.15302446
124,13.6198883056641,0.15751307
124,13.8627319335938,0.15227637
123.999588012695,24.2328224182129,0.12396953
123.999481201172,24.4588603973389,0.08783486
123.701217651367,39.7565956115723,0.05362422
73.8400344848633,70.2722702026367,-0.10800336
124.25,-66.2125549316406,-0.14731651
124.25,-33.2160186767578,-0.17212005
124.25,-16.276554107666,-0.04285301
124.25,-16.0364284515381,-0.0671384
124.25,-15.7960119247437,-0.08690423
124.25,-15.5553112030029,-0.1012434
124.25,-10.4417161941528,-0.15629997
124.25,-9.21007823944092,-0.23517465
124.25,-8.71618556976318,-0.25710833
124.25,-8.22163867950439,-0.2159261
124.25,-1.74972796440125,-0.25692173
124.25,0.249999210238457,-0.28419131
124.25,0.999949216842651,-0.23441844
124.25,5.98906373977661,-0.18855843
124.25,8.46899127960205,-0.08160675
124.25,9.45676803588867,-0.04492915
124.25,10.1957597732544,0.01481296
124.25,10.4417161941528,0.05361273
124.25,10.687479019165,0.0330112
124.25,10.9330415725708,0.03766556
124.25,11.1784019470215,0.04139785
124.25,11.4235544204712,0.04475172
124.25,12.1577243804932,0.1014815
124.25,12.4020042419434,0.1457534
124.25,12.8898735046387,0.13110074
124.25,13.3767938613892,0.16136072
124.25,14.1053228378296,0.17111547
124.249588012695,24.2329082489014,0.11840713
124.249366760254,24.6844253540039,0.1096125
123.951110839844,39.7666206359863,0.05715413
73.8460235595703,70.3836212158203,-0.110633
72.7191390991211,70.3859100341797,-0.0726015
124.5,-66.2125549316406,-0.1508577
124.5,-33.0066146850586,-0.16691975
124.5,-15.3143272399902,-0.08368941
124.5,-10.1957597732544,-0.1845031
124.5,-8.96321582794189,-0.25387498
124.5,-8.46899127960205,-0.25545107
124.5,-7.97413206100464,-0.23819622
124.5,-1.99959397315979,-0.21527146
124.5,-1.49982869625092,-0.28489478
124.5,0.499993652105331,-0.28917208
124.5,1.24990081787109,-0.23392746
124.5,5.98906373977661,-0.18249665
124.5,8.71618556976318,-0.07189142
124.5,9.70328140258789,-0.02159296
124.5,10.1957597732544,0.00974551
124.5,10.4417161941528,0.02798408
124.5,10.687479019165,0.03558233
124.5,10.9330415725708,0.04196901
124.5,11.6684951782227,0.0564567
124.5,11.9132204055786,0.0930285
124.5,12.6460552215576,0.12211747
124.5,13.6198883056641,0.16869782
124.5,13.8627319335938,0.17302098
124.499488830566,24.4590663909912,0.11483221
124.201026916504,39.7766342163086,0.05408878
74.1383514404297,70.4929809570312,-0.10576572
73,70.4976043701172,-0.06475251
124.75,-66.2125549316406,-0.15251075
124.75,-33.0066146850586,-0.16264855
124.75,-15.0730667114258,-0.07821079
124.75,-9.94961357116699,-0.22373447
124.75,-8.96321582794189,-0.26495761
124.75,-8.46899127960205,-0.2696477
124.75,-7.97413206100464,-0.23464242
124.75,-1.99959397315979,-0.21603804
124.75,-1.49982869625092,-0.28196256
124.75,0.749978601932526,-0.26287803
124.75,1.49982869625092,-0.23802846
124.75,5.74037265777588,-0.20183423
124.75,8.71618556976318,-0.07378771
124.75,9.94961357116699,0.00472667
124.75,10.1957597732544,0.00758575
124.75,11.6684951782227,0.181435
124.75,12.6460552215576,0.11249626
124.450965881348,39.7866363525391,0.04636063
74.1465072631836,70.6044006347656,-0.09038025
73,70.6090469360352,-0.05837291
125,-66.2125549316406,-0.15092351
125,-32.7967147827148,-0.17183307
125,-14.8315315246582,-0.04370537
125,-14.5897264480591,-0.07840138
125,-9.70328140258789,-0.23928189
125,-8.71618556976318,-0.2710788
125,-8.46899127960205,-0.27043436
125,-7.97413206100464,-0.24033929
125,-1.99959397315979,-0.25319828
125,-1.49982869625092,-0.26884833
125,0.999949216842651,-0.25709519
125,1.74972796440125,-0.23097078
125,5.74037265777588,-0.20332613
125,8.96321582794189,-0.04747285
125,9.94961357116699,0.01861429
125,12.6460552215576,0.11267609
124.999366760254,24.6847839355469,0.09196898
124.799209594727,38.1023216247559,-0.0168656
124.790565490723,38.2752227783203,-0.01436706
124.781677246094,38.4473419189453,-0.01503773
124.711982727051,39.630615234375,0.03056066
74.1547393798828,70.7158584594727,-0.07220872
73,70.7205276489258,-0.05603847
125.25,-66.2125549316406,-0.15181708
125.25,-32.7967147827148,-0.16885906
125.25,-14.3476552963257,-0.08303358
125.25,-9.45676803588867,-0.24615057
125.25,-8.46899127960205,-0.26320661
125.25,-8.22163867950439,-0.24168422
125.25,-1.99959397315979,-0.22447914
125.25,-1.49982869625092,-0.2508549
125.25,1.24990081787109,-0.25608598
125.25,1.49982869625092,-0.25476741
125.25,3.49782538414001,-0.20950455
125.25,5.49157285690308,-0.20142278
125.25,9.21007823944092,-0.02573424
125.25,9.45676803588867,-0.00387161
125.25,9.70328140258789,0.01320271
125.25,10.1957597732544,0.02796132
125.25,10.4417161941528,0.01894707
125.25,10.687479019165,0.12064821
125.25,10.9330415725708,0.1705491
125.25,12.6460552215576,0.12913943
125.249488830566,24.4593715667725,0.10573839
125.249229431152,24.9098377227783,0.10017716
125.057609558105,37.9360122680664,-0.00268292
125.022529602051,38.6269645690918,-0.0036686
125.013114929199,38.7977638244629,-0.00129021
125.003433227539,38.9677963256836,0.00687579
124.972747802734,39.4733352661133,0.04506909
73.8705596923828,70.8294219970703,-0.0797755
73,70.8320465087891,-0.05710867
125.5,-66.2125549316406,-0.15234387
125.5,-32.5863189697266,-0.17498499
125.5,-14.3476552963257,-0.04477685
125.5,-9.45676803588867,-0.24777764
125.5,-8.46899127960205,-0.26282943
125.5,-7.97413206100464,-0.252104
125.5,-7.72647523880005,-0.24254781
125.5,-1.99959397315979,-0.2654234
125.5,-1.49982869625092,-0.26546863
125.5,3.24825859069824,-0.21461732
125.5,3.74732565879822,-0.20317631
125.5,5.24266910552979,-0.20419592
125.5,6.73443984985352,-0.18873679
125.5,6.98265075683594,-0.18139571
125.5,9.94961357116699,0.05159527
125.5,10.1957597732544,0.0171443
125.5,10.4417161941528,-0.00152076
125.5,10.9330415725708,0.1687242
125.5,11.9132204055786,0.08864924
125.5,12.1577243804932,0.09911075
125.5,12.4020042419434,0.10277258
125.499366760254,24.685022354126,0.09427008
125.315780639648,37.7684745788574,0.01937527
125.243492126465,39.1460456848145,0.06401748
125.233261108398,39.3148002624512,0.08311808
125.222755432129,39.4828033447266,0.09910446
73.876838684082,70.9409637451172,-0.07539833
73,70.943603515625,-0.05821896
125.75,-66.2125549316406,-0.15435302
125.75,-32.5863189697266,-0.16207963
125.75,-14.3476552963257,0.0021873
125.75,-9.21007823944092,-0.25257088
125.75,-8.46899127960205,-0.26436703
125.75,-8.22163867950439,-0.26752588
125.75,-7.47867298126221,-0.24409435
125.75,-1.99959397315979,-0.2486125
125.75,-1.49982869625092,-0.26644124
125.75,3.49782538414001,-0.21031005
125.75,5.49157285690308,-0.22420065
125.75,5.74037265777588,-0.21427142
125.75,5.98906373977661,-0.20453937
125.75,6.23764181137085,-0.20895492
125.75,6.48610210418701,-0.20630545
125.75,6.98265075683594,-0.18577942
125.75,9.70328140258789,0.05851445
125.75,10.687479019165,0.05396055
125.75,11.1784019470215,0.06958068
125.75,11.4235544204712,0.07517409
125.75,11.6684951782227,0.08071209
125.565826416016,37.7756195068359,0.08125155
73.5876007080078,71.0540237426758,-0.08475359
72.7068023681641,71.0549011230469,-0.06723214
126,-66.2125549316406,-0.15975584
126,-32.3754272460938,-0.1807642
126,-14.3476552963257,0.0056803
126,-9.21007823944092,-0.24926765
126,-8.46899127960205,-0.26369693
126,-7.97413206100464,-0.2538572
126,-7.47867298126221,-0.24749719
126,-3.49782538414001,-0.2125778
126,-3.24825859069824,-0.22393213
126,-1.74972796440125,-0.26421933
126,6.48610210418701,-0.20891832
126,6.73443984985352,-0.20840094
126,9.45676803588867,-0.00352161
126,9.94961357116699,0.03681585
126,10.1957597732544,0.05810717
126,10.4417161941528,0.06529434
125.947326660156,33.3346862792969,0.05233529
125.815879821777,37.7827529907227,0.10527261
73.5918655395508,71.165641784668,-0.0904983
126.25,-66.2125549316406,-0.16035303
126.25,-32.3754272460938,-0.18546034
126.25,-14.1053228378296,0.02096645
126.25,-9.21007823944092,-0.24930067
126.25,-8.46899127960205,-0.26911946
126.25,-7.97413206100464,-0.25175626
126.25,-7.47867298126221,-0.25146203
126.25,-3.74732565879822,-0.21968977
126.25,-2.99863004684448,-0.27154874
126.25,6.23764181137085,-0.22425292
126.25,9.21007823944092,-0.04115498
126.20059967041,33.1420211791992,0.0441864
126.193977355957,33.5324592590332,0.04122498
126.174690246582,34.4943237304688,0.07186846
126.17032623291,34.684253692627,0.0365468
126.165794372559,34.8733711242676,0.0124859
126.161071777344,35.0616760253906,-0.03032078
126.156173706055,35.2491722106934,-0.05801047
126.116355895996,36.5390396118164,-0.02618528
126.109832763672,36.720100402832,-0.02162271
126.103088378906,36.9003677368164,-0.00292738
126.065940856934,37.7898788452148,0.11471518
77.2645950317383,71.2173614501953,-0.04237043
76.9537200927734,71.2259750366211,-0.04263335
76.6436614990234,71.2339096069336,-0.04456179
76.3344650268555,71.2411727905273,-0.04828403
76.0261611938477,71.2477645874023,-0.04947956
73.2974700927734,71.278190612793,-0.09239749
126.5,-66.2125549316406,-0.16128529
126.5,-32.3754272460938,-0.18899386
126.5,-14.1053228378296,0.03271363
126.5,-8.96321582794189,-0.25075162
126.5,-8.22163867950439,-0.25185207
126.5,-7.97413206100464,-0.24787258
126.5,-7.47867298126221,-0.25090397
126.5,-3.99675464630127,-0.22678044
126.5,-2.99863004684448,-0.28114226
126.5,3.99675464630127,-0.21852756
126.5,4.24610805511475,-0.21847515
126.5,5.49157285690308,-0.23137728
126.5,5.74037265777588,-0.21592402
126.5,5.98906373977661,-0.2071831
126.5,6.23764181137085,-0.20945049
126.5,6.48610210418701,-0.20194401
126.5,6.73443984985352,-0.20959067
126.5,6.98265075683594,-0.19946146
126.5,7.97413206100464,-0.09664839
126.5,8.22163867950439,-0.09334843
126.5,8.46899127960205,-0.09619987
126.5,8.71618556976318,-0.07469709
126.5,8.96321582794189,-0.0670501
126.450630187988,33.1448440551758,0.05448521
126.444023132324,33.5355491638184,0.05344843
126.428924560547,34.3072395324707,0.10721076
126.401138305664,35.4404754638672,-0.09632526
126.395858764648,35.626522064209,-0.08282591
126.37882232666,36.1798477172852,-0.04596744
126.37272644043,36.3626937866211,-0.00362665
126.346199035645,37.0861320495605,0.03431551
126.316017150879,37.7969970703125,0.1146038
77.2956466674805,71.3287200927734,-0.04474418
76.9825134277344,71.3373794555664,-0.04575472
75.7386245727539,71.3652572631836,-0.05263608
75.4299850463867,71.3705673217773,-0.04758966
73,71.3901901245117,-0.0484774
126.75,-66.4134292602539,-0.16672469
126.75,-66.3131942749023,-0.16492564
126.75,-32.3754272460938,-0.18383371
126.75,-13.8627319335938,0.07410841
126.75,-8.96321582794189,-0.25790023
126.75,-8.22163867950439,-0.25001393
126.75,-7.97413206100464,-0.24362881
126.75,-7.47867298126221,-0.24330202
126.75,-3.99675464630127,-0.23205766
126.75,-2.99863004684448,-0.28060428
126.75,3.74732565879822,-0.22705897
126.75,4.49538087844849,-0.21835491
126.75,4.99366569519043,-0.22882635
126.75,5.24266910552979,-0.22635095
126.75,6.48610210418701,-0.248488
126.75,7.2307300567627,-0.22363161
126.75,7.47867298126221,-0.20926427
126.75,7.72647523880005,-0.16596399
126.700675964355,33.1476669311523,0.06610318
126.694061279297,33.5386352539062,0.06891233
126.678977966309,34.3108940124512,0.1123458
126.640449523926,35.816722869873,-0.04170444
126.634773254395,36.0013465881348,-0.007987
126.596282958984,37.0924072265625,0.04929756
126.589088439941,37.2714996337891,0.07113597
126.581665039062,37.4498100280762,0.08754216
126.574005126953,37.6273422241211,0.10082815
76.6970291137695,71.4568405151367,-0.05108029
76.3833160400391,71.4641799926758,-0.0537811
75.4477615356445,71.4821853637695,-0.05171804
73,71.5019226074219,-0.04393548
127,-66.4134292602539,-0.17050742
127,-32.3754272460938,-0.17602939
127,-13.6198883056641,0.06026621
127,-8.71618556976318,-0.25531193
127,-8.22163867950439,-0.25785055
127,-7.72647523880005,-0.24993439
127,-3.74732565879822,-0.24222611
127,-2.99863004684448,-0.28638684
127,-1.49982869625092,-0.25576892
127,3.99675464630127,-0.23065161
127,4.24610805511475,-0.22863412
127,4.74456834793091,-0.22491054
127,5.49157285690308,-0.26032892
127,5.74037265777588,-0.25658841
127,5.98906373977661,-0.25218768
127,6.23764181137085,-0.24892466
126.947486877441,33.3465003967285,0.10658692
126.92903137207,34.3145408630371,0.1160082
76.0930328369141,71.5824356079102,-0.05974554
75.4657211303711,71.5938415527344,-0.05547112
73.3040542602539,71.6133804321289,-0.05510636
127.25,-66.5132598876953,-0.16351192
127.25,-32.3754272460938,-0.16902785
127.25,-13.8627319335938,0.10068945
127.25,-8.46899127960205,-0.22872648
127.25,-3.49782538414001,-0.24804791
127.25,-3.24825859069824,-0.28213593
127.25,-1.74972796440125,-0.28065725
127.25,-1.24990081787109,-0.26198444
127.25,-0.749978601932526,-0.25598936
127.25,-0.499993652105331,-0.22865771
127.25,0.999949216842651,-0.25337627
127.25,1.24990081787109,-0.25637644
127.25,1.49982869625092,-0.25646281
127.25,4.49538087844849,-0.23631445
127.25,4.99366569519043,-0.29244253
127.25,5.24266910552979,-0.25752177
127.174919128418,34.5095329284668,0.14850159
76.1157836914062,71.6940536499023,-0.06095145
75.4838638305664,71.7055282592773,-0.05850859
73.3062896728516,71.7251739501953,-0.05705462
127.5,-66.5132598876953,-0.15821182
127.5,-32.3754272460938,-0.16815795
127.5,-13.8627319335938,0.08879529
127.5,-8.22163867950439,-0.25809883
127.5,-1.74972796440125,-0.2694748
127.5,-1.24990081787109,-0.25634293
127.5,-0.999949216842651,-0.25489514
127.5,-0.249999210238457,-0.22863265
127.5,0,-0.22621968
127.5,0.249999210238457,-0.22579239
127.5,0.499993652105331,-0.22783717
127.5,0.749978601932526,-0.23039397
127.5,1.74972796440125,-0.25073971
127.5,1.99959397315979,-0.24893512
127.49787902832,26.2489776611328,0.18337453
127.424987792969,34.5133247375488,0.18387634
75.8199920654297,71.8118057250977,-0.06658998
75.5022048950195,71.8172378540039,-0.06165366
73.3085556030273,71.8370056152344,-0.05999672
127.75,-66.6126937866211,-0.1567644
127.75,-32.1640396118164,-0.18398176
127.75,-14.1053228378296,0.0981108
127.75,-8.46899127960205,-0.24792373
127.75,-7.97413206100464,-0.24988552
127.75,-3.24825859069824,-0.28499871
127.75,-1.74972796440125,-0.28135046
127.75,-1.24990081787109,-0.23693692
127.75,-0.999949216842651,-0.2340034
127.75,2.24942183494568,-0.25273515
127.748184204102,26.0278091430664,0.19671339
127.747550964355,26.4700794219971,0.17797896
127.747177124023,26.690242767334,0.17952859
127.670715332031,34.7079620361328,0.1741815
127.666198730469,34.8980255126953,0.18560781
127.494346618652,39.226261138916,0.16377939
127.484115600586,39.3971748352051,0.10176386
75.8408660888672,71.9235229492188,-0.06459836
75.5207290649414,71.9289855957031,-0.06094986
73.9363327026367,71.9463882446289,-0.08046444
73.6229629516602,71.9479370117188,-0.07582214
128,-66.8103713989258,-0.15831188
128,-66.7117309570312,-0.15285214
128,-32.1640396118164,-0.18184428
128,-14.3476552963257,0.07389689
128,-8.46899127960205,-0.25089379
128,-7.97413206100464,-0.24907318
128,-3.49782538414001,-0.23719894
128,-2.99863004684448,-0.27347397
128,-1.74972796440125,-0.28405727
128,-1.24990081787109,-0.26416679
128,-0.749978601932526,-0.23506514
128,-0.249999210238457,-0.2133148
128,0,-0.22739925
128,0.249999210238457,-0.24477759
128,1.74972796440125,-0.26880545
128,1.99959397315979,-0.24730281
127.997886657715,26.2495498657227,0.19821742
127.996772766113,26.9101409912109,0.16152426
127.916282653809,34.9021110534668,0.16436277
127.744522094727,39.2350959777832,0.08184858
127.723785400391,39.5766792297363,0.06981126
127.712997436523,39.746395111084,0.0771287
82.8033294677734,71.7535095214844,-0.03981152
82.4685134887695,71.7744903564453,-0.03236087
82.1338348388672,71.7946853637695,-0.03473703
81.7993545532227,71.8141021728516,-0.03635732
81.4651031494141,71.8327407836914,-0.03584668
77.1616668701172,72.0064163208008,-0.05295754
76.8353729248047,72.0146713256836,-0.05643118
76.5099639892578,72.0222320556641,-0.04967616
76.1854858398438,72.0290908813477,-0.05570543
75.5394592285156,72.0407562255859,-0.05581271
74.5783386230469,72.05322265625,-0.0920671
74.2602233886719,72.0560684204102,-0.09905531
72.6868515014648,72.0607528686523,-0.10665627
128.25,-66.9086227416992,-0.15137589
128.25,-32.1640396118164,-0.1818191
128.25,-14.8315315246582,0.06834941
128.25,-14.5897264480591,0.05130751
128.25,-8.22163867950439,-0.25057929
128.25,-3.49782538414001,-0.24865252
128.25,-2.7489447593689,-0.26977302
128.25,-1.49982869625092,-0.27054762
128.25,-0.999949216842651,-0.26954988
128.25,-0.499993652105331,-0.22450778
128.25,0.249999210238457,-0.24864639
128.25,1.49982869625092,-0.25420167
128.25,2.24942183494568,-0.25901989
128.25,2.49920701980591,-0.24467733
128.24755859375,26.4707164764404,0.19766618
128.246780395508,26.910530090332,0.16919606
128.170883178711,34.7158126831055,0.14839951
128.014343261719,38.8989677429199,0.07513795
128.004669189453,39.0718040466309,0.04260339
127.952133178711,39.9251823425293,0.04792998
82.8754043579102,71.8636474609375,-0.04015069
82.5381927490234,71.8847503662109,-0.03178266
81.1912002563477,71.961311340332,-0.03271666
80.8551483154297,71.9785079956055,-0.04222506
77.1926422119141,72.1180191040039,-0.05443929
75.88330078125,72.1470336914062,-0.06307573
74.911750793457,72.1615905761719,-0.09001352
73,72.172981262207,-0.12155129
128.5,-66.9086227416992,-0.14833803
128.5,-31.9521617889404,-0.18331339
128.5,-14.8315315246582,0.04556529
128.5,-3.49782538414001,-0.22333438
128.5,-2.7489447593689,-0.28813581
128.5,-0.749978601932526,-0.22955297
128.5,0.249999210238457,-0.22813602
128.5,0.749978601932526,-0.24408936
128.5,1.74972796440125,-0.27095128
128.5,1.99959397315979,-0.27673908
128.5,2.7489447593689,-0.26722296
128.497192382812,26.6913013458252,0.18556941
128.45703125,32.7713584899902,0.04131866
128.420974731445,34.7197303771973,0.14852444
128.264541625977,38.9073066711426,0.03023141
128.202362060547,39.9349479675293,0.00310441
82.2691192626953,72.0154418945312,-0.04382755
80.9134063720703,72.0893173217773,-0.04319543
77.2239532470703,72.2296447753906,-0.05511589
76.8927993774414,72.2379989624023,-0.05725522
75.9048538208008,72.2588348388672,-0.06047812
74.9260559082031,72.2734680175781,-0.0974173
73,72.2849349975586,-0.14212023
128.75,-66.9086227416992,-0.14484031
128.75,-66.8103713989258,-0.14358875
128.75,-31.9521617889404,-0.17592703
128.75,-14.8315315246582,0.03428409
128.75,-3.49782538414001,-0.22207082
128.75,-2.7489447593689,-0.28872112
128.75,0.499993652105331,-0.25597769
128.75,0.999949216842651,-0.2776428
128.75,1.24990081787109,-0.27367217
128.75,1.49982869625092,-0.27575664
128.75,2.24942183494568,-0.27188362
128.75,2.49920701980591,-0.26848887
128.709869384766,32.5746421813965,0.11435386
128.704177856445,32.9723777770996,0.03908807
128.666564941406,34.9143257141113,0.14120633
128.54216003418,38.3913764953613,0.02244236
128.533294677734,38.5668563842773,0.02975629
128.524154663086,38.7416076660156,0.01033993
128.452606201172,39.944694519043,-0.02806042
81.9960784912109,72.1455993652344,-0.00714417
80.6316909790039,72.2167663574219,-0.03937914
80.2914962768555,72.2326202392578,-0.02625399
79.9517517089844,72.2477035522461,-0.03464674
76.5892486572266,72.3573913574219,-0.05781903
75.9266510009766,72.3706588745117,-0.06045134
74.9405136108398,72.385383605957,-0.10902713
73,72.3969116210938,-0.14637371
129,-66.7117309570312,-0.13481518
129,-31.7397956848145,-0.17885861
129,-14.8315315246582,-0.00039973
129,-3.49782538414001,-0.21922781
129,-2.7489447593689,-0.28864249
128.993377685547,28.2158679962158,0.14138489
128.957153320312,32.7764320373535,0.04269008
128.916687011719,34.9183807373047,0.07365677
128.809341430664,38.04541015625,0.05548612
128.800979614258,38.2225799560547,0.02338112
128.691528320312,40.123706817627,0.0053611
82.0630569458008,72.2561187744141,-0.03354573
81.7190399169922,72.2751922607422,-0.03537027
81.3752746582031,72.2934875488281,-0.0389526
81.0318222045898,72.3109893798828,-0.00564687
80.688720703125,72.3277053833008,-0.03993338
79.6620330810547,72.3732223510742,-0.03474631
79.3208312988281,72.3868637084961,-0.03719794
78.9802169799805,72.3997497558594,-0.04167213
78.6402435302734,72.4118728637695,-0.04815763
76.9514770507812,72.46142578125,-0.06152749
75.6164245605469,72.4881362915039,-0.06693064
74.9551391601562,72.4973220825195,-0.11836544
73,72.5089263916016,-0.15269746
129.25,-66.7117309570312,-0.14133287
129.25,-66.6126937866211,-0.14003026
129.25,-31.7397956848145,-0.17531783
129.25,-14.8315315246582,-0.01106297
129.25,-14.3476552963257,-0.03860431
129.25,-14.1053228378296,-0.01984988
129.25,-3.49782538414001,-0.23121722
129.25,-2.7489447593689,-0.29245803
129.244079589844,28.0008087158203,0.14051975
129.242630004883,28.4315490722656,0.12970021
129.179748535156,34.3471221923828,0.10271216
129.17561340332,34.539665222168,0.09577864
129.162124633789,35.1126556396484,0.03670098
129.07551574707,37.695629119873,0.07046114
129.067657470703,37.8744850158691,0.05863714
128.930191040039,40.3024978637695,0.00177028
80.4011535644531,72.4546966552734,-0.03338435
78.3408889770508,72.534782409668,-0.05737474
77.319953918457,72.5646743774414,-0.07215612
75.6361999511719,72.6000442504883,-0.07501036
74.6384887695312,72.6128845214844,-0.19900494
73,72.6209564208984,-0.15689013
129.5,-66.5132598876953,-0.14143869
129.5,-31.7397956848145,-0.17756935
129.5,-14.8315315246582,-0.03326344
129.5,-14.5897264480591,-0.05798953
129.5,-13.8627319335938,0.00205428
129.5,-7.97413206100464,-0.23689011
129.5,-3.49782538414001,-0.22816021
129.5,-2.7489447593689,-0.28128609
129.493392944336,28.2171802520752,0.12168028
129.491821289062,28.6466445922852,0.13717945
129.454376220703,32.9803276062012,0.04250658
129.451324462891,33.1784019470215,0.04977833
129.433837890625,34.1572494506836,0.07409176
129.421401977539,34.7353172302246,0.04782881
129.40739440918,35.306468963623,0.02541295
129.38606262207,36.0572891235352,0.04223331
129.380218505859,36.2430877685547,0.05690534
129.340713500977,37.3420448303223,0.07243365
129.333343505859,37.5225830078125,0.04341089
129.168579101562,40.4810791015625,-0.0031259
80.4568939208984,72.5657577514648,-0.03700203
78.0376205444336,72.6570892333984,-0.06914373
77.6947326660156,72.6671142578125,-0.07671871
75.6561965942383,72.7119827270508,-0.08059606
74.6509246826172,72.7248992919922,-0.18203112
72.6724472045898,72.7326965332031,-0.16133909
129.75,-66.4134292602539,-0.14535358
129.75,-31.7397956848145,-0.17575834
129.75,-13.8627319335938,0.0446831
129.75,-13.6198883056641,0.01544023
129.75,-8.22163867950439,-0.25411065
129.75,-7.72647523880005,-0.23475605
129.75,-3.49782538414001,-0.22031027
129.75,-2.7489447593689,-0.24838314
129.75,-1.99959397315979,-0.28832057
129.742660522461,28.4329681396484,0.13924827
129.70735168457,32.7840003967285,0.04939465
129.698211669922,33.3786010742188,0.00699417
129.679962158203,34.3542861938477,0.01407578
129.675827026367,34.5471229553223,0.0116494
129.652481079102,35.4998321533203,0.02925804
129.647262573242,35.6880874633789,0.0081412
129.641845703125,35.8755798339844,0.03806896
129.624359130859,36.4335136413574,0.04980156
129.618103027344,36.6179847717285,0.06063393
129.61164855957,36.8017044067383,0.06620639
129.604965209961,36.984676361084,0.06296299
129.598052978516,37.1669006347656,0.06646214
129.406707763672,40.6594657897949,-0.03074578
80.5132522583008,72.6768341064453,-0.03808706
79.1167526245117,72.7339477539062,-0.06772572
78.7690963745117,72.7462997436523,-0.0728914
75.3376388549805,72.828971862793,-0.11077209
74.6635055541992,72.8369445800781,-0.16327204
74.3282318115234,72.8399047851562,-0.1740663
130,-66.3131942749023,-0.14801473
130,-66.2125549316406,-0.15014714
130,-31.7397956848145,-0.17235842
130,-13.3767938613892,0.05721796
130,-13.1334543228149,0.04376334
130,-11.6684951782227,-0.08266311
130,-11.4235544204712,-0.01800512
130,-7.97413206100464,-0.24115996
130,-3.49782538414001,-0.21190727
130,-2.7489447593689,-0.23178393
130,-2.24942183494568,-0.25758048
130,-1.74972796440125,-0.23146428
129.969970703125,31.7797164916992,0.04404114
129.967712402344,31.9825859069824,0.03712913
129.960189819336,32.586669921875,0.06226167
129.944961547852,33.5782890319824,0.03081904
129.657104492188,40.670093536377,-0.03282505
80.5702362060547,72.7879257202148,-0.03826743
79.5141983032227,72.8321914672852,-0.06121737
78.4634246826172,72.8694686889648,-0.06637097
75.0152740478516,72.9453430175781,-0.16255405
74.0018081665039,72.9542922973633,-0.16809767
130.25,-66.1115188598633,-0.1449657
130.25,-31.7397956848145,-0.16518466
130.25,-12.8898735046387,0.08495896
130.25,-12.6460552215576,0.0411877
130.25,-11.9132204055786,-0.03280281
130.25,-11.1784019470215,0.00278195
130.25,-3.74732565879822,-0.21320858
130.25,-2.99863004684448,-0.24161109
130.25,-2.24942183494568,-0.22852063
130.25,-1.49982869625092,-0.23574508
130.25,-0.249999210238457,-0.23298402
130.23274230957,30.3400459289551,0.0919299
130.224182128906,31.3734798431396,0.09282632
130.22216796875,31.5779495239258,0.08190651
130.215393066406,32.1868705749512,0.0265758
130.210266113281,32.5890579223633,0.07599085
130.19157409668,33.7774658203125,0.05110552
129.894989013672,40.8485145568848,-0.02372665
129.882171630859,41.0156745910645,-0.02369641
129.869018554688,41.1821784973145,-0.01888361
129.855560302734,41.348030090332,-0.01390974
129.841766357422,41.5132331848145,-0.0102228
129.827651977539,41.677791595459,-0.00740889
80.6278762817383,72.8990249633789,-0.03790024
79.5639114379883,72.9435577392578,-0.05909202
78.5051956176758,72.981071472168,-0.06601513
76.4087753295898,73.0356292724609,-0.09763142
76.0626449584961,73.0421447753906,-0.10636465
74.6890869140625,73.0610961914062,-0.17060456
74.0094985961914,73.0664138793945,-0.16554874
130.5,-66.1115188598633,-0.1489222
130.5,-31.7397956848145,-0.15930215
130.5,-12.4020042419434,0.03054078
130.5,-11.9132204055786,-0.0192669
130.5,-11.1784019470215,0.04154458
130.5,-3.74732565879822,-0.21487582
130.5,-2.99863004684448,-0.24269096
130.5,-1.99959397315979,-0.21187908
130.5,-1.74972796440125,-0.21721915
130.5,-1.24990081787109,-0.2323881
130.5,-0.999949216842651,-0.21566325
130.5,-0.499993652105331,-0.21743692
130.5,0,-0.24686494
130.48420715332,30.1323928833008,0.10173017
130.481262207031,30.5495948791504,0.09017764
130.476150512695,31.1699256896973,0.1137122
130.462951660156,32.3906135559082,0.0571476
130.460327148438,32.5914421081543,0.07050164
130.457580566406,32.7915229797363,0.09263827
130.441680908203,33.7806015014648,0.02945287
130.063720703125,41.8541145324707,-0.00870408
130.048950195312,42.0176696777344,0.00662833
80.686164855957,73.010139465332,-0.0354349
80.3283462524414,73.0258712768555,-0.04700568
79.2579650878906,73.0683059692383,-0.0692334
78.9023742675781,73.0808868408203,-0.07486646
76.7848205566406,73.1402969360352,-0.10147981
75.7384948730469,73.1599731445312,-0.14063745
74.3590545654297,73.1762313842773,-0.17038724
130.75,-66.1115188598633,-0.15392061
130.75,-31.7397956848145,-0.15175262
130.75,-12.4020042419434,0.05705608
130.75,-11.9132204055786,0.02362406
130.75,-11.1784019470215,0.05351014
130.75,-3.99675464630127,-0.21665394
130.75,-3.24825859069824,-0.21380437
130.75,-1.49982869625092,-0.25181445
130.75,-0.749978601932526,-0.20371899
130.75,-0.499993652105331,-0.20920406
130.75,0,-0.23748768
130.732818603516,30.3426628112793,0.10790422
130.731307983398,30.5509834289551,0.14063428
130.726196289062,31.1715793609619,0.11719556
130.72428894043,31.3769798278809,0.12500782
130.68815612793,33.9794120788574,0.03576662
130.684387207031,34.1743431091309,0.03906271
130.284393310547,42.1935119628906,-0.01187147
80.0245742797852,73.1521148681641,-0.06469117
76.8140640258789,73.2522277832031,-0.10902563
75.7596740722656,73.2720260620117,-0.14069816
75.4103698730469,73.2771759033203,-0.14825469
131,-66.1115188598633,-0.1525848
131,-31.7397956848145,-0.14091699
131,-12.1577243804932,0.04958983
131,-11.9132204055786,0.02207178
131,-11.1784019470215,0.06279304
131,-7.97413206100464,-0.21043035
131,-7.72647523880005,-0.21594337
131,-7.47867298126221,-0.2220322
131,-3.74732565879822,-0.20834057
131,-3.49782538414001,-0.21132247
131,-1.49982869625092,-0.21141643
131,-0.749978601932526,-0.22228284
131,-0.499993652105331,-0.22557477
131,0,-0.23802636
130.982849121094,30.3439674377441,0.11333285
130.979751586914,30.7600498199463,0.10647312
130.978042602539,30.9670028686523,0.13058935
130.930572509766,34.3720588684082,0.01505651
130.535003662109,42.2063903808594,-0.01386486
80.0787658691406,73.2634429931641,-0.068194
76.8436431884766,73.3641815185547,-0.11870572
75.078239440918,73.3937530517578,-0.16659588
131.25,-66.1115188598633,-0.15355352
131.25,-31.7397956848145,-0.12880894
131.25,-12.1577243804932,0.06469926
131.25,-11.9132204055786,0.04188427
131.25,-11.1784019470215,0.07384939
131.25,-8.22163867950439,-0.19011154
131.25,-7.2307300567627,-0.21725161
131.25,-1.49982869625092,-0.23842562
131.25,-0.749978601932526,-0.21726911
131.25,-0.499993652105331,-0.21691637
131.25,0,-0.24201271
131.231384277344,30.5537528991699,0.10296594
131.226287841797,31.1748752593994,0.12696785
131.224395751953,31.3804626464844,0.1361663
131.192016601562,33.7899627685547,0.18083883
131.188400268555,33.9859161376953,0.18757714
131.176605224609,34.5693016052246,-0.03827167
130.770217895508,42.3823585510254,-0.01756197
80.1335983276367,73.3747787475586,-0.0700605
76.5156021118164,73.4835815429688,-0.14149618
76.1586532592773,73.4902572631836,-0.14668692
75.4480285644531,73.5014190673828,-0.16796544
131.5,-66.1115188598633,-0.15152285
131.5,-31.7397956848145,-0.12321551
131.5,-12.1577243804932,0.05490532
131.5,-11.6684951782227,0.00347464
131.5,-11.4235544204712,-0.03104665
131.5,-7.97413206100464,-0.1763987
131.5,-6.98265075683594,-0.22422305
131.5,-1.74972796440125,-0.1983959
131.5,-0.749978601932526,-0.21505188
131.5,-0.249999210238457,-0.25981715
131.472442626953,31.5871505737305,0.14232175
131.442123413086,33.7930679321289,0.17704915
131.438522338867,33.9891586303711,0.18453699
131.426742553711,34.5729675292969,-0.02330247
131.005142211914,42.5582237243652,0.00147311
80.189079284668,73.4861297607422,-0.07691069
75.8247222900391,73.6083221435547,-0.152597
131.75,-66.1115188598633,-0.14513243
131.75,-31.9521617889404,-0.11645409
131.75,-12.1577243804932,0.11341657
131.75,-11.4235544204712,-0.01349815
131.75,-7.72647523880005,-0.19330984
131.75,-7.47867298126221,-0.19666762
131.75,-7.2307300567627,-0.20644718
131.75,-1.99959397315979,-0.20222804
131.75,-1.74972796440125,-0.18621185
131.75,-0.499993652105331,-0.22599911
131.72038269043,31.7933006286621,0.10474235
131.718154907227,31.9968948364258,0.11038974
131.715805053711,32.1997566223145,0.12081917
131.713333129883,32.4018859863281,0.13868201
131.695693969727,33.5991973876953,0.15614811
131.688659667969,33.9923896789551,0.17408122
131.672637939453,34.7698860168457,-0.03240983
131.255874633789,42.571533203125,-0.00692835
80.6163711547852,73.5820770263672,-0.07579795
132,-66.1115188598633,-0.14226654
132,-31.9521617889404,-0.10898983
132,-12.1577243804932,0.12265075
132,-11.6684951782227,0.10128142
132,-11.1784019470215,0.05899594
132,-2.99863004684448,-0.21387469
132,-2.7489447593689,-0.21384047
132,-2.24942183494568,-0.19624674
132,-0.499993652105331,-0.22444534
131.960815429688,32.6056289672852,0.12507921
131.958099365234,32.8064041137695,0.1261454
131.955230712891,33.0064468383789,0.1221904
131.952239990234,33.2057495117188,0.1091118
131.949096679688,33.4043197631836,0.10959847
131.942367553711,33.7992515563965,0.14297547
131.918380737305,34.9663543701172,-0.04770579
131.490585327148,42.7475395202637,0.01250746
131.474166870117,42.9096832275391,0.04711694
81.8005752563477,73.641845703125,-0.05827683
81.4253692626953,73.6598434448242,-0.06440421
81.0505065917969,73.6770095825195,-0.0707015
132.25,-66.1115188598633,-0.13669998
132.25,-32.1640396118164,-0.1000619
132.25,-12.1577243804932,0.09950441
132.25,-11.6684951782227,0.09898793
132.25,-11.1784019470215,0.0864459
132.25,-3.24825859069824,-0.18164426
132.25,-2.49920701980591,-0.24606734
132.25,-2.24942183494568,-0.24135691
132.25,-0.249999210238457,-0.23692508
132.19921875,33.4071426391602,0.11163868
132.188919067383,33.9988250732422,0.15387548
132.168563842773,34.970287322998,-0.04028028
131.708251953125,43.0852890014648,0.03709268
131.691131591797,43.2465362548828,0.05077329
83.3841323852539,73.6718521118164,-0.03605996
83.0052871704102,73.6933670043945,-0.04081953
82.6265487670898,73.7140274047852,-0.04459512
82.2479705810547,73.7338333129883,-0.05094698
132.5,-66.1115188598633,-0.14560955
132.5,-32.1640396118164,-0.08908225
132.5,-12.1577243804932,0.10884271
132.5,-11.9132204055786,0.12277909
132.5,-11.1784019470215,0.09506495
132.5,-3.24825859069824,-0.18056757
132.5,-2.49920701980591,-0.20495728
132.5,-2.24942183494568,-0.18443484
132.5,-0.249999210238457,-0.22824504
132.458282470703,32.8113136291504,0.11259206
132.455444335938,33.011589050293,0.11892742
132.452453613281,33.2111358642578,0.12157401
132.446060180664,33.6080436706543,0.12664004
132.439056396484,34.0020294189453,0.15902863
132.414169311523,35.1664581298828,-0.04733878
132.409408569336,35.3579750061035,-0.05793353
131.959136962891,43.0992965698242,0.02058395
131.942047119141,43.2608222961426,0.03431379
84.2290115356445,73.7363662719727,-0.01963136
83.8472900390625,73.7597503662109,-0.02727729
132.75,-66.1115188598633,-0.14578921
132.75,-32.1640396118164,-0.14855875
132.75,-11.4235544204712,0.1167471
132.75,-3.99675464630127,-0.17150343
132.75,-3.74732565879822,-0.17452851
132.75,-3.49782538414001,-0.17586081
132.75,-2.49920701980591,-0.14418476
132.75,-2.24942183494568,-0.11377245
132.75,-0.249999210238457,-0.23034643
132.71110534668,32.6126403808594,0.11308083
132.692764282227,33.808464050293,0.16190115
132.689208984375,34.0052261352539,0.17385376
132.654678344727,35.5531463623047,-0.08021221
132.226791381836,42.9508743286133,-0.0097704
85.4701614379883,73.7706069946289,0.03086684
85.0860290527344,73.7967834472656,0.01518192
84.7016754150391,73.8220748901367,0.001
133,-66.1115188598633,-0.14568124
133,-32.1640396118164,-0.07134742
133,-11.4235544204712,0.11225509
133,-4.24610805511475,-0.16810249
133,-2.49920701980591,-0.10802313
133,-2.24942183494568,-0.0897431
133,-0.499993652105331,-0.22461238
132.961196899414,32.6149635314941,0.10558358
132.939346313477,34.0084114074707,0.16505477
132.904891967773,35.5575103759766,-0.09034701
132.494064331055,42.80126953125,-0.03990231
85.9547271728516,73.8529968261719,0.05621255
133.25,-66.1115188598633,-0.14390062
133.25,-32.3754272460938,-0.08555911
133.25,-11.6684951782227,0.15817277
133.25,-4.24610805511475,-0.16659934
133.25,-0.499993652105331,-0.23109283
133.208602905273,32.8186225891113,0.10829893
133.205780029297,33.0192527770996,0.09857861
133.189498901367,34.0115852355957,0.17036368
133.185791015625,34.2078895568848,0.17713402
133.155120849609,35.5618591308594,-0.09706017
133.133544921875,36.3197822570801,-0.05983997
132.745025634766,42.8145904541016,-0.04867614
86.4458618164062,73.9341201782227,0.07695074
133.5,-66.1115188598633,-0.14042343
133.5,-32.3754272460938,-0.0739716
133.5,-11.6684951782227,0.1301735
133.5,-3.99675464630127,-0.16745936
133.5,-3.74732565879822,-0.16816042
133.5,-0.499993652105331,-0.23595602
133.452926635742,33.2218170166016,0.11133796
133.449829101562,33.4211273193359,0.06411739
133.439651489258,34.0147514343262,0.16293398
133.435958862305,34.2111930847168,0.17602551
133.432098388672,34.4069137573242,0.18591172
133.405364990234,35.5661964416504,-0.11485709
133.389511108398,36.1361999511719,-0.08583416
133.377944946289,36.5126533508301,-0.0549045
133.011962890625,42.6634979248047,-0.09501588
86.5519104003906,74.043342590332,0.08022475
133.75,-66.1115188598633,-0.13576583
133.75,-32.3754272460938,-0.07278161
133.75,-11.6684951782227,0.09997027
133.75,-3.74732565879822,-0.16971829
133.75,-0.749978601932526,-0.22716124
133.699966430664,33.4238967895508,0.07412062
133.682281494141,34.410343170166,0.25357608
133.655609130859,35.5705184936523,-0.11617719
133.634124755859,36.329761505127,-0.089019
133.262969970703,42.6764602661133,-0.0940439
86.6592636108398,74.1525344848633,0.0823535
86.2642517089844,74.1812057495117,0.06919278
134,-66.1115188598633,-0.13178457
134,-65.6002502441406,-0.13473228
134,-65.4967651367188,-0.13728403
134,-65.3928756713867,-0.14081416
134,-65.2885665893555,-0.14400022
134,-65.1838531494141,-0.14710282
134,-65.0787124633789,-0.15017652
134,-33.0066146850586,-0.0852354
134,-32.7967147827148,-0.0784225
134,-32.5863189697266,-0.11579275
134,-11.9132204055786,0.13012979
134,-6.23764181137085,-0.17151354
134,-3.99675464630127,-0.15913799
134,-0.749978601932526,-0.22649646
134,7.2307300567627,-0.16337165
133.953186035156,33.227108001709,0.0894303
133.932464599609,34.413761138916,0.25290411
133.905853271484,35.5748291015625,-0.1418833
133.514007568359,42.6893692016602,-0.0951392
85.9716033935547,74.3185043334961,0.04777301
134.25,-66.1115188598633,-0.11853874
134.25,-66.0100784301758,-0.13169646
134.25,-65.9082336425781,-0.13359883
134.25,-65.8059768676758,-0.13535737
134.25,-65.7033157348633,-0.13639101
134.25,-64.9731597900391,-0.15811078
134.25,-33.2160186767578,-0.11114882
134.25,-11.9132204055786,0.10869095
134.25,-6.73443984985352,0.0471074
134.25,-6.48610210418701,0.07266359
134.25,-5.98906373977661,-0.16126559
134.25,-5.74037265777588,-0.15649618
134.25,-5.49157285690308,-0.15453592
134.25,-3.99675464630127,-0.16022816
134.25,-2.24942183494568,-0.21410895
134.25,-1.99959397315979,-0.21397912
134.25,-1.74972796440125,-0.21340937
134.25,-1.49982869625092,-0.21095742
134.25,-1.24990081787109,-0.21929681
134.25,-0.999949216842651,-0.22266997
134.25,6.98265075683594,-0.1880229
134.25,7.47867298126221,-0.12895232
134.25,7.72647523880005,-0.08202924
134.25,7.97413206100464,-0.05805128
134.203323364258,33.2297401428223,0.08789524
134.182647705078,34.4171676635742,0.24524903
134.178649902344,34.6125946044922,0.24285764
134.156097412109,35.5791206359863,-0.12386227
133.765075683594,42.7022361755371,-0.09665924
86.0756530761719,74.4280166625977,0.05865068
85.6738891601562,74.4552307128906,0.03062516
134.5,-64.9731597900391,-0.15222554
134.5,-33.2160186767578,-0.10723471
134.5,-11.9132204055786,0.14552583
134.5,-6.98265075683594,0.034799
134.5,-5.24266910552979,-0.14857339
134.5,-3.99675464630127,-0.16568828
134.5,-2.49920701980591,-0.23057301
134.5,7.2307300567627,-0.16858672
134.5,8.22163867950439,-0.04053352
134.450393676758,33.4321594238281,0.07523148
134.447174072266,33.6312484741211,0.07320214
134.432830810547,34.4205627441406,0.23764512
134.428848266602,34.6161308288574,0.23887635
134.401321411133,35.7747497558594,-0.08972934
134.000366210938,42.8804817199707,-0.09162177
85.3710479736328,74.5913772583008,-0.0162844
134.75,-64.9731597900391,-0.15145001
134.75,-33.6333236694336,-0.11056123
134.75,-33.4249229431152,-0.10615671
134.75,-11.9132204055786,0.13414772
134.75,-6.73443984985352,0.05280202
134.75,-6.48610210418701,0.12457129
134.75,-6.23764181137085,0.12687455
134.75,-5.98906373977661,0.04357161
134.75,-5.74037265777588,-0.04249634
134.75,-5.49157285690308,-0.1630613
134.75,-4.24610805511475,-0.1685594
134.75,-2.7489447593689,-0.23221629
134.75,7.47867298126221,-0.12162213
134.75,7.72647523880005,-0.08051296
134.75,7.97413206100464,-0.05746746
134.693984985352,33.8326225280762,0.07700224
134.690490722656,34.0304336547852,0.07199455
134.683029174805,34.4239463806152,0.23469589
134.679061889648,34.6196517944336,0.24513338
134.651596069336,35.7791709899902,-0.07810932
134.235412597656,43.0586318969727,-0.16923993
85.4715728759766,74.7011947631836,-0.02206171
135,-64.9731597900391,-0.16259848
135,-34.0486145019531,-0.11180143
135,-33.8412208557129,-0.11628935
135,-12.1577243804932,0.15734702
135,-4.49538087844849,-0.16661476
135,-3.24825859069824,-0.24600182
135,-2.99863004684448,-0.24112171
134.944152832031,33.8355941772461,0.07179549
134.940673828125,34.0335350036621,0.07663141
134.937026977539,34.2307777404785,0.12025396
134.929275512695,34.623161315918,0.24626552
134.901885986328,35.7835807800293,-0.08820834
134.486663818359,43.0718765258789,-0.08764278
85.9848022460938,74.7841491699219,-0.0320558
135.25,-66.0100784301758,-0.14088422
135.25,-65.9082336425781,-0.16817889
135.25,-65.8059768676758,-0.13067365
135.25,-65.7033157348633,-0.12709289
135.25,-65.6002502441406,-0.12396299
135.25,-65.4967651367188,-0.12448922
135.25,-65.3928756713867,-0.12897371
135.25,-65.2885665893555,-0.13586154
135.25,-65.1838531494141,-0.15310185
135.25,-65.0787124633789,-0.17025736
135.25,-34.6677513122559,-0.16035087
135.25,-34.4618797302246,-0.11677515
135.25,-34.255500793457,-0.10632297
135.25,-12.1577243804932,0.15395279
135.25,-4.49538087844849,-0.19305234
135.25,-3.24825859069824,-0.23014367
135.25,-0.749978601932526,-0.21307347
135.197662353516,33.6397933959961,0.0528344
135.183441162109,34.4306793212891,0.22895834
135.179489135742,34.6266593933105,0.24390719
135.15217590332,35.787971496582,-0.07454315
134.721527099609,43.2501487731934,-0.09190512
86.0911331176758,74.8937377929688,-0.04039775
135.5,-66.0100784301758,-0.13157457
135.5,-34.8731117248535,-0.16718426
135.5,-11.9132204055786,0.11225773
135.5,-4.49538087844849,-0.05759163
135.5,-3.24825859069824,-0.23138817
135.5,-0.999949216842651,-0.22276817
135.5,-0.499993652105331,-0.24092475
135.450988769531,33.4430389404297,0.05075695
135.407455444336,35.6003684997559,-0.06826905
134.972869873047,43.2635498046875,-0.07894226
86.6162414550781,74.9751434326172,-0.03711341
82.0132904052734,75.2334213256836,-0.13294743
81.5951156616211,75.2513656616211,-0.13786013
135.75,-66.1115188598633,-0.13099213
135.75,-34.8731117248535,-0.1819598
135.75,-15.0730667114258,0.07451073
135.75,-14.8315315246582,0.08579821
135.75,-14.5897264480591,0.07954405
135.75,-14.3476552963257,0.06946976
135.75,-11.9132204055786,0.13421721
135.75,-4.74456834793091,-0.10405716
135.75,-2.99863004684448,-0.20516792
135.75,-1.74972796440125,-0.21079021
135.75,-0.999949216842651,-0.22113203
135.75,-0.499993652105331,-0.23143563
135.701156616211,33.4457359313965,0.04478768
135.657745361328,35.6045722961426,-0.07786553
135.207565307617,43.4419479370117,-0.07598477
135.190490722656,43.6064453125,-0.0835191
87.1487045288086,75.05517578125,-0.02332622
82.5109329223633,75.3255767822266,-0.1330088
81.2462005615234,75.3797988891602,-0.13968017
136,-66.2125549316406,-0.13286668
136,-34.6677513122559,-0.20659092
136,-15.3143272399902,0.07246591
136,-14.1053228378296,0.03288964
136,-13.8627319335938,0.04007677
136,-13.6198883056641,0.05488855
136,-13.3767938613892,0.05871014
136,-12.4020042419434,0.10323712
136,-12.1577243804932,0.11639309
136,-4.74456834793091,-0.05501465
136,-2.7489447593689,-0.2058299
136,-1.99959397315979,-0.20829463
136,-1.49982869625092,-0.2131104
136,-1.24990081787109,-0.21084984
136,-0.499993652105331,-0.23753576
135.951309204102,33.4484214782715,0.04983488
135.908050537109,35.608757019043,-0.09047962
135.903091430664,35.8010444641113,-0.08643917
135.89794921875,35.9926490783691,-0.06842032
135.892608642578,36.1835708618164,-0.06484325
135.442001342773,43.6202621459961,-0.06849162
87.2658233642578,75.1642684936523,-0.03631631
82.1658706665039,75.455696105957,-0.14673831
81.7407989501953,75.4738998413086,-0.15154928
136.25,-66.2125549316406,-0.12869187
136.25,-34.4618797302246,-0.18665904
136.25,-15.3143272399902,0.06162779
136.25,-14.1053228378296,0.03746919
136.25,-13.8627319335938,0.04453626
136.25,-13.3767938613892,0.05914388
136.25,-12.4020042419434,0.08957073
136.25,-12.1577243804932,0.10797348
136.25,-4.74456834793091,-0.00936915
136.25,-2.49920701980591,-0.21768435
136.25,-2.24942183494568,-0.20428037
136.25,-1.99959397315979,-0.20485161
136.25,-1.49982869625092,-0.21278701
136.25,-0.999949216842651,-0.22895642
136.25,-0.749978601932526,-0.23394402
136.198333740234,33.6510429382324,0.04778061
136.195053100586,33.8503074645996,0.04393977
136.137435913086,36.3786239624023,-0.06494902
135.676208496094,43.7985000610352,-0.05509722
135.658493041992,43.9624404907227,-0.06270605
88.2356948852539,75.2110214233398,-0.00880764
87.8104629516602,75.2426528930664,-0.02134518
136.5,-66.3131942749023,-0.13001242
136.5,-35.8922157287598,-0.17116724
136.5,-34.255500793457,-0.18205909
136.5,-34.0486145019531,-0.17471769
136.5,-15.5553112030029,0.03013385
136.5,-14.3476552963257,0.04972823
136.5,-13.6198883056641,0.06568558
136.5,-13.3767938613892,0.05225552
136.5,-11.9132204055786,0.10439937
136.5,-4.99366569519043,0.07309466
136.5,-1.99959397315979,-0.2093052
136.5,-1.49982869625092,-0.21295206
136.441818237305,34.0519218444824,0.03998293
136.387817382812,36.3834075927734,-0.0866329
136.382110595703,36.5733070373535,-0.07659545
135.892120361328,44.1403388977051,-0.05593454
135.87370300293,44.3034782409668,-0.05004874
88.3625259399414,75.3195953369141,-0.01214095
136.75,-66.3131942749023,-0.12466469
136.75,-36.0944862365723,-0.18501833
136.75,-35.6894264221191,-0.16762168
136.75,-35.0779609680176,-0.21349027
136.75,-34.0486145019531,-0.1724634
136.75,-15.7960119247437,0.00799552
136.75,-14.1053228378296,0.0488574
136.75,-13.6198883056641,0.07928562
136.75,-13.1334543228149,0.06228402
136.75,-12.8898735046387,0.07735587
136.75,-12.6460552215576,0.07515053
136.75,-12.1577243804932,0.08364547
136.75,-4.99366569519043,0.18035975
136.75,-1.99959397315979,-0.20942889
136.75,-1.74972796440125,-0.23208757
136.688461303711,34.2530975341797,0.04329435
136.680862426758,34.6473693847656,0.16735282
136.676834106445,34.8434906005859,0.17928718
136.62663269043,36.767635345459,-0.07779124
136.620544433594,36.9563674926758,-0.08802965
136.614242553711,37.1444396972656,-0.07049951
136.607727050781,37.3318481445312,-0.07368007
136.125518798828,44.3181762695312,-0.04976185
88.4910583496094,75.4281158447266,-0.0243563
137,-66.3131942749023,-0.12302494
137,-36.0944862365723,-0.20276322
137,-35.4861183166504,-0.22254232
137,-35.282299041748,-0.23894958
137,-34.8731117248535,-0.19277448
137,-33.8412208557129,-0.17210103
137,-15.7960119247437,-0.01546733
137,-13.8627319335938,0.02382195
137,-12.4020042419434,0.05539007
137,-4.99366569519043,0.26467472
137,-1.99959397315979,-0.19354678
136.934982299805,34.4538421630859,0.07226498
136.927093505859,34.8470344543457,0.16194071
136.851501464844,37.5243721008301,-0.09047727
136.358673095703,44.4959564208984,-0.06748086
136.339599609375,44.6585845947266,-0.04991743
89.4888305664062,75.4690322875977,0.00817004
89.0555648803711,75.503303527832,-0.00496735
137.25,-66.3131942749023,-0.11866941
137.25,-36.0944862365723,-0.21631412
137.25,-35.4861183166504,-0.22580444
137.25,-35.282299041748,-0.23132962
137.25,-34.8731117248535,-0.17788931
137.25,-34.6677513122559,-0.17589606
137.25,-34.4618797302246,-0.16737682
137.25,-34.255500793457,-0.16053867
137.25,-33.6333236694336,-0.17952163
137.25,-16.0364284515381,-0.00890355
137.25,-5.24266910552979,0.35
137.25,-1.74972796440125,-0.20888858
137.25,8.46899127960205,0.00607429
137.181365966797,34.6541633605957,0.07328312
137.121429443359,36.9668388366699,-0.06925826
137.115173339844,37.1552505493164,-0.07114748
137.102020263672,37.5301170349121,-0.09761545
136.572174072266,44.8360633850098,-0.05408767
89.6275253295898,75.5769729614258,-0.001
137.5,-66.3131942749023,-0.11619744
137.5,-36.0944862365723,-0.22715657
137.5,-35.4861183166504,-0.21695594
137.5,-35.282299041748,-0.22586076
137.5,-34.0486145019531,-0.16062475
137.5,-33.8412208557129,-0.16749128
137.5,-33.4249229431152,-0.170396
137.5,-33.2160186767578,-0.16345409
137.5,-16.0364284515381,-0.01225625
137.5,-8.22163867950439,0.1054638
137.5,-5.24266910552979,0.35
137.5,-1.49982869625092,-0.23169905
137.5,8.22163867950439,-0.01139777
137.5,8.71618556976318,0.02756887
137.435455322266,34.4603424072266,0.04172926
137.37190246582,36.972038269043,-0.0835056
137.35920715332,37.3485565185547,-0.10356115
136.804534912109,45.013500213623,-0.0599759
107.212440490723,73.2216033935547,0.16958685
106.870338439941,73.2960815429688,0.16580343
90.2069091796875,75.6491012573242,0.00205212
137.75,-66.3131942749023,-0.11695223
137.75,-35.8922157287598,-0.22322819
137.75,-35.6894264221191,-0.21487323
137.75,-35.282299041748,-0.21906001
137.75,-33.6333236694336,-0.1632068
137.75,-33.4249229431152,-0.16339785
137.75,-33.2160186767578,-0.15883979
137.75,-16.276554107666,0.00404257
137.75,-8.46899127960205,-0.05930045
137.75,-7.97413206100464,0.27188752
137.75,-7.72647523880005,0.16306509
137.75,-5.49157285690308,0.35
137.75,-1.49982869625092,-0.23670511
137.75,8.46899127960205,0.00993136
137.685699462891,34.4635696411133,0.03374949
137.622360229492,36.9772148132324,-0.10560516
137.036666870117,45.1908950805664,-0.07118101
107.79859161377,73.2385559082031,0.17776489
107.11457824707,73.3890609741211,0.17223211
91.2333068847656,75.6816482543945,0.02571065
90.7936782836914,75.7196502685547,0.00845417
138,-66.4134292602539,-0.11338152
138,-35.0779609680176,-0.20762929
138,-34.8731117248535,-0.22280543
138,-34.6677513122559,-0.20199341
138,-34.4618797302246,-0.19247435
138,-16.5163860321045,0.04391238
138,-8.46899127960205,-0.05474299
138,-7.47867298126221,0.13570307
138,-5.74037265777588,0.27545823
138,-5.49157285690308,0.35
138,-1.49982869625092,-0.23858975
137.935943603516,34.4667816162109,0.03344941
137.866653442383,37.1712951660156,-0.11502608
137.2685546875,45.3682518005371,-0.079955
108.047874450684,73.3304977416992,0.15137853
107.361236572266,73.4818115234375,0.17130772
91.8292999267578,75.7493286132812,0.03210283
138.25,-66.4134292602539,-0.11422286
138.25,-35.4861183166504,-0.21714662
138.25,-35.282299041748,-0.20845118
138.25,-35.0779609680176,-0.20026449
138.25,-34.8731117248535,-0.21140267
138.25,-34.6677513122559,-0.19146753
138.25,-34.4618797302246,-0.18268122
138.25,-16.5163860321045,0.03349162
138.25,-8.46899127960205,-0.052996
138.25,-7.47867298126221,0.23564705
138.25,-6.23764181137085,0.27001957
138.25,-5.98906373977661,0.26352733
138.25,-1.49982869625092,-0.235899
138.18620300293,34.4699821472168,0.03473827
138.117156982422,37.1765937805176,-0.12486292
138.083068847656,38.112434387207,-0.1124781
138.075576782227,38.2976913452148,-0.11120072
137.500244140625,45.5455741882324,-0.07483578
135.256240844727,54.7336502075195,0.12325327
135.201400756836,54.8706207275391,0.12175475
108.63973236084,73.3450164794922,0.17652403
107.610343933105,73.5743255615234,0.15980118
92.4324417114258,75.8153533935547,0.04276417
138.5,-66.4134292602539,-0.11381543
138.5,-35.6894264221191,-0.22972634
138.5,-16.7559223175049,0.05127839
138.5,-8.46899127960205,-0.02809221
138.5,-7.2307300567627,0.2353114
138.5,-6.98265075683594,0.1525664
138.5,-6.73443984985352,0.16903514
138.5,-6.48610210418701,0.19507593
138.5,-1.49982869625092,-0.24613124
138.432678222656,34.6708946228027,0.03150097
138.428741455078,34.8679618835449,0.04047355
138.361312866211,37.370491027832,-0.12973536
138.340942382812,37.9325180053711,-0.11504096
138.318542480469,38.488842010498,-0.1171526
137.731704711914,45.7228622436523,-0.06549639
135.515090942383,54.7678298950195,0.111936
135.404983520508,55.0420722961426,0.09284058
108.895126342773,73.4360656738281,0.15497919
108.209358215332,73.5905075073242,0.14084414
92.5977935791016,75.9215698242188,0.03707927
138.75,-66.5132598876953,-0.11464653
138.75,-35.6894264221191,-0.23221918
138.75,-16.7559223175049,0.02181357
138.75,-8.46899127960205,-0.03534423
138.75,-1.74972796440125,-0.23357769
138.682952880859,34.6741943359375,0.0369923
138.67903137207,34.871395111084,0.04672622
138.674957275391,35.0679473876953,0.07768018
138.605316162109,37.5640602111816,-0.13563203
138.598556518555,37.7515754699707,-0.13113909
138.584350585938,38.1247138977051,-0.11606041
138.576919555664,38.3103370666504,-0.13142607
137.962936401367,45.9001197814941,-0.054107
137.941101074219,46.0606498718262,-0.08076202
135.828033447266,54.6639366149902,0.11111209
135.66438293457,55.0766639709473,0.07684358
109.15299987793,73.52685546875,0.14760804
108.46475982666,73.68212890625,0.13402899
92.7654266357422,76.0276870727539,0.02697313
139,-66.5132598876953,-0.11518968
139,-35.6894264221191,-0.22026223
139,-16.7559223175049,0.00063977
139,-8.46899127960205,-0.03733204
139,-1.99959397315979,-0.23312117
138.936981201172,34.4794960021973,0.05685081
138.842208862305,37.9443778991699,-0.146452
138.171798706055,46.2376708984375,-0.05871191
136.08723449707,54.6974334716797,0.08644431
135.924057006836,55.1110572814941,0.06306925
109.413375854492,73.6173934936523,0.13473326
108.722709655762,73.7734985351562,0.13047276
93.3868026733398,76.0912475585938,0.03283832
139.25,-66.5132598876953,-0.11416856
139.25,-35.8922157287598,-0.22022761
139.25,-17.2340850830078,0.06917127
139.25,-16.9951572418213,0.03982693
139.25,-8.22163867950439,-0.03180146
139.25,-1.99959397315979,-0.24022192
139.183517456055,34.6807479858398,0.06918636
139.179626464844,34.8782157897949,0.06370624
139.175582885742,35.0750350952148,0.05456733
139.092849731445,37.9502639770508,-0.14302404
138.402282714844,46.4146690368652,-0.04225212
138.379348754883,46.5743255615234,-0.06054688
136.3466796875,54.7307357788086,0.0730537
136.128326416016,55.2828216552734,0.04433216
109.331344604492,73.7865142822266,0.13344276
108.983222961426,73.8646087646484,0.12496479
94.4662322998047,76.1082611083984,0.05082667
94.0153121948242,76.153076171875,0.03765518
139.5,-66.5132598876953,-0.11624066
139.5,-36.2962379455566,-0.22877215
139.5,-36.0944862365723,-0.22337095
139.5,-17.2340850830078,0.03920523
139.5,-8.22163867950439,-0.00965165
139.5,-1.99959397315979,-0.24943026
139.5,9.94961357116699,0.07227115
139.42170715332,35.2748603820801,0.03922847
139.336380004883,38.1429100036621,-0.14405683
139.329025268555,38.3290748596191,-0.13204563
139.321441650391,38.5146255493164,-0.12334716
138.609298706055,46.7511100769043,-0.03526826
138.585586547852,46.9101104736328,-0.05020704
136.912399291992,53.9247169494629,0.06444884
136.863052368164,54.065357208252,0.03958118
136.813049316406,54.205680847168,0.04217876
136.659057617188,54.6247673034668,0.06819692
136.552993774414,54.9026184082031,0.06006285
136.332489013672,55.4546813964844,0.03606293
109.595687866211,73.8769378662109,0.12219849
109.246353149414,73.9554595947266,0.11601564
96.8894805908203,75.9722137451172,0.075174
96.4462509155273,76.0224151611328,0.06650534
95.1029586791992,76.1669692993164,0.04949493
139.75,-66.6126937866211,-0.09931784
139.75,-37.2971687316895,-0.25349544
139.75,-37.098030090332,-0.25656978
139.75,-36.898365020752,-0.25625826
139.75,-36.6981773376465,-0.2460576
139.75,-36.4974708557129,-0.23512878
139.75,-17.4727058410645,0.03842133
139.75,-8.22163867950439,-0.00684602
139.75,-2.24942183494568,-0.24878635
139.75,9.70328140258789,0.05548588
139.75,10.1957597732544,0.0873847
139.676223754883,35.0820541381836,0.05053306
139.67204284668,35.2784957885742,0.03601329
139.564407348633,38.7061080932617,-0.11442864
138.814987182617,47.0866889953613,-0.03350623
137.171356201172,53.9558715820312,0.03197769
137.122177124023,54.0968055725098,0.02643315
137.072326660156,54.237419128418,0.03270183
137.021835327148,54.3777198791504,0.04294565
136.970657348633,54.517707824707,0.05545485
136.866287231445,54.796760559082,0.07410617
136.759185791016,55.0745849609375,0.06457722
136.593276977539,55.4890670776367,0.04682883
109.862655639648,73.9671020507812,0.10733592
109.512138366699,74.0460433959961,0.09954496
97.5358581542969,76.0236968994141,0.07978215
96.1973495483398,76.1753463745117,0.05055467
95.7464828491211,76.223876953125,0.04632819
140,-66.6126937866211,-0.10758508
140,-37.4957809448242,-0.25178966
140,-17.7110137939453,0.03954155
140,-8.22163867950439,-0.01360718
140,-2.24942183494568,-0.25493449
140,9.94961357116699,0.08348512
139.930557250977,34.8883171081543,0.08558041
139.807220458984,38.8973121643066,-0.1066703
139.798980712891,39.0813980102539,-0.10374422
139.790512084961,39.2648773193359,-0.09775119
139.763565063477,39.8117218017578,-0.09322145
139.75407409668,39.9928131103516,-0.09778696
139.723999023438,40.5325546264648,-0.08211445
139.605224609375,42.2943344116211,-0.08939077
139.591674804688,42.4674301147461,-0.09118108
139.044204711914,47.2632598876953,-0.01696928
137.573745727539,53.5612487792969,0.05840918
137.526641845703,53.7034378051758,0.05724143
137.281494140625,54.4095649719238,0.04036938
137.073425292969,54.9688339233398,0.06493807
136.797775268555,55.6611022949219,0.03990398
110.132301330566,74.0569839477539,0.08726002
109.780601501465,74.136360168457,0.07262847
97.744140625,76.1262283325195,0.0729733
140.25,-66.6126937866211,-0.11409304
140.25,-37.8914260864258,-0.22988036
140.25,-37.6938667297363,-0.245026
140.25,-17.7110137939453,0.02363712
140.25,-8.46899127960205,-0.03879526
140.25,-2.24942183494568,-0.25980362
140.180877685547,34.8916511535645,0.08681089
140.032730102539,39.4549942016602,-0.10020103
140.023788452148,39.6374664306641,-0.08837078
139.995422363281,40.181339263916,-0.0933197
139.985443115234,40.3614540100098,-0.08551581
139.964645385742,40.7199401855469,-0.08432731
139.907745361328,41.6061172485352,-0.08299577
139.895477294922,41.7816543579102,-0.08308264
139.882919311523,41.9566383361816,-0.10262144
139.870056152344,42.1310615539551,-0.0818957
139.829574584961,42.6510391235352,-0.09166038
139.273239135742,47.4398193359375,-0.00018355
139.248062133789,47.5978317260742,-0.00792606
137.832656860352,53.5911674499512,0.05782429
137.738143920898,53.8757934570312,0.04540344
137.689926147461,54.0176239013672,-0.00118808
137.641067504883,54.1591339111328,0.03724846
137.541397094727,54.4412155151367,0.03471797
137.439056396484,54.7220458984375,0.04874756
137.386871337891,54.8619956970215,0.04758549
137.334014892578,55.0016441345215,0.04883256
137.059280395508,55.6953659057617,0.03843438
112.11897277832,73.7365417480469,0.13337769
111.782745361328,73.8199920654297,0.11881256
111.443206787109,73.9027252197266,0.10148639
111.10034942627,73.984748840332,0.08385236
110.754165649414,74.066032409668,0.06777457
110.051780700684,74.2263946533203,0.05034413
97.9552536010742,76.2286071777344,0.06824222
140.5,-66.7117309570312,-0.10942808
140.5,-38.0884552001953,-0.20262545
140.5,-17.4727058410645,0.00448121
140.5,-8.71618556976318,-0.06951083
140.5,-2.24942183494568,-0.25971929
140.427230834961,35.0924491882324,0.09121917
140.423110961914,35.2892990112305,0.06511754
140.205139160156,40.9071197509766,-0.10065351
140.194091796875,41.085132598877,-0.10354114
140.171142578125,41.4394569396973,-0.05623865
140.067291259766,42.8345069885254,-0.08543769
139.4765625,47.7742080688477,0.00015482
138.044998168945,53.7636604309082,0.05432118
137.851501464844,54.3315010070801,0.02138265
137.750854492188,54.6135292053223,0.02503915
137.541488647461,55.173885345459,0.04458866
137.264175415039,55.8675575256348,0.03670101
112.399078369141,73.8236923217773,0.12066284
110.325729370117,74.3161468505859,0.03828737
98.6191482543945,76.2771606445312,0.07743929
89.1904296875,77.1529922485352,-0.07718467
140.75,-66.7117309570312,-0.11109249
140.75,-38.0884552001953,-0.22349465
140.75,-17.4727058410645,0.01581367
140.75,-17.2340850830078,0.01416363
140.75,-16.9951572418213,0.00579966
140.75,-8.96321582794189,-0.09913369
140.75,-2.49920701980591,-0.26319829
140.669204711914,35.4892120361328,0.07512768
140.655364990234,36.0744934082031,0.10938448
140.650390625,36.2683372497559,0.09974075
140.645233154297,36.4615516662598,0.09493222
140.434158325195,41.2717552185059,-0.08668307
140.422592163086,41.4488487243652,-0.02988085
140.360275268555,42.3259658813477,0.00938775
140.346893310547,42.4997406005859,0.00267163
140.31916809082,42.8456726074219,-0.08272169
140.304840087891,43.0178337097168,-0.0827255
140.290161132812,43.1894645690918,-0.07846436
139.704895019531,47.9505729675293,-0.00568915
139.678588867188,48.1078186035156,-0.01245939
138.304473876953,53.7934951782227,0.05124075
138.011383056641,54.645076751709,0.01555157
137.802764892578,55.2065773010254,0.03446295
137.526428222656,55.901683807373,0.03280016
113.675689697266,73.6534118652344,0.12682895
113.347778320312,73.7397994995117,0.12212969
113.016502380371,73.8255081176758,0.11340515
112.343811035156,73.9948501586914,0.0859683
112.002380371094,74.0784530639648,0.06367775
111.657539367676,74.1613464355469,0.04592797
110.602470397949,74.4056167602539,0.0221981
98.838996887207,76.3788375854492,0.07104747
89.8328170776367,77.2272796630859,-0.09372243
88.8462905883789,77.2941665649414,-0.08133798
141,-66.7117309570312,-0.10378635
141,-38.2849540710449,-0.19341462
141,-16.7559223175049,0.04537465
141,-9.21007823944092,-0.09997481
141,-2.49920701980591,-0.25371385
140.915176391602,35.6887512207031,0.05166331
140.910583496094,35.8839836120605,0.09013698
140.890426635742,36.65869140625,0.0844068
140.884918212891,36.8508148193359,0.09920044
140.696823120117,41.1030120849609,-0.11549656
140.662261962891,41.6349296569824,0.00402819
140.625030517578,42.1618499755859,0.00891351
140.598678588867,42.5103912353516,-0.00692118
140.527267456055,43.3723602294922,-0.07324039
139.933059692383,48.1269302368164,-0.01337909
138.610580444336,53.679817199707,0.05011945
138.564147949219,53.8231468200684,0.04693633
138.51708984375,53.9661521911621,0.04614702
138.469390869141,54.1088409423828,0.04523523
138.22119140625,54.8175468444824,0.01537644
138.169570922852,54.9583549499512,0.01954426
138.117263793945,55.0988616943359,0.0255328
137.731750488281,56.0740165710449,0.02142492
114.28881072998,73.6511306762695,0.11935323
112.967330932617,73.9970550537109,0.08508405
111.591003417969,74.3318023681641,0.02519848
110.882057189941,74.4947891235352,0.00722925
99.0618591308594,76.480339050293,0.0587805
89.4922943115234,77.3694610595703,-0.08919221
141.25,-66.7117309570312,-0.09789269
141.25,-38.2849540710449,-0.21510551
141.25,-16.5163860321045,0.02847038
141.25,-16.276554107666,0.00845169
141.25,-16.0364284515381,-0.00017224
141.25,-15.7960119247437,-0.01132583
141.25,-15.5553112030029,-0.0175559
141.25,-9.21007823944092,-0.087421
141.25,-2.49920701980591,-0.25297751
141.129791259766,37.0471496582031,0.0992226
141.123931884766,37.2381973266602,0.09834373
141.117858886719,37.4286308288574,0.11358731
141.111572265625,37.6184577941895,0.12176704
141.105087280273,37.807674407959,0.11255499
141.098388671875,37.996280670166,0.09908114
141.09147644043,38.1842842102051,0.09702706
140.948226928711,41.111873626709,-0.11993094
140.937042236328,41.2899513244629,-0.13425948
140.913803100586,41.6444244384766,-0.01154729
140.889389038086,41.9966850280762,-0.01298402
140.863784790039,42.3467597961426,-0.01489765
140.79426574707,43.2125244140625,-0.08786306
140.161071777344,48.303279876709,-0.02730678
138.681488037109,54.2815132141113,0.01469059
137.937042236328,56.246410369873,0.01274116
114.902549743652,73.6469802856445,0.11530039
112.915794372559,74.1684722900391,0.05454566
111.87557220459,74.419792175293,0.01440366
111.164512634277,74.5836715698242,0.00374657
100.196281433105,76.468994140625,0.06624085
99.743537902832,76.5258407592773,0.05852911
96.0189056396484,76.9437103271484,-0.03460978
95.5414199829102,76.9912414550781,-0.02337158
141.5,-66.7117309570312,-0.12633306
141.5,-38.4809226989746,-0.18906496
141.5,-15.3143272399902,-0.00782308
141.5,-15.0730667114258,-0.0300042
141.5,-14.8315315246582,-0.04486039
141.5,-14.5897264480591,-0.0439996
141.5,-14.3476552963257,-0.04222458
141.5,-14.1053228378296,-0.0323564
141.5,-13.8627319335938,-0.02130655
141.5,-13.6198883056641,-0.01482835
141.5,-13.3767938613892,-0.01396344
141.5,-13.1334543228149,-0.02337649
141.5,-12.8898735046387,-0.01353044
141.5,-12.6460552215576,0.0958119
141.5,-12.4020042419434,0.01016968
141.5,-9.21007823944092,-0.09362999
141.5,-2.7489447593689,-0.24838344
141.342239379883,38.1900672912598,0.09707277
141.177093505859,41.4766960144043,-0.08136194
141.153381347656,41.8304862976074,-0.00623448
141.115570068359,42.357063293457,-0.01584779
141.046356201172,43.223949432373,-0.07804315
140.826919555664,45.4176330566406,-0.0083955
140.388946533203,48.4796180725098,-0.03809028
140.361587524414,48.6363906860352,-0.04064964
140.333786010742,48.7927474975586,-0.04440959
138.942123413086,54.3116226196289,-0.00040503
138.142333984375,56.4188575744629,0.00700274
115.19702911377,73.7306594848633,0.10971311
113.205963134766,74.2548065185547,0.04122726
111.808227539062,74.5902252197266,0.0005642
111.449882507324,74.6722412109375,-0.00242679
100.431053161621,76.5693435668945,0.06537835
96.7042388916016,76.9985809326172,-0.02799177
95.2615280151367,77.1422500610352,-0.04686931
141.75,-66.7117309570312,-0.09290428
141.75,-38.4809226989746,-0.20580342
141.75,-12.1577243804932,0.05511207
141.75,-11.9132204055786,0.05287695
141.75,-9.21007823944092,-0.09011072
141.75,-2.7489447593689,-0.25020692
141.585952758789,38.3835601806641,0.09808677
141.578659057617,38.5707054138184,0.10235047
141.571151733398,38.7572593688965,0.09081152
141.482681274414,40.5906143188477,-0.01917865
141.472427368164,40.7707901000977,-0.01456362
141.461898803711,40.9503974914551,-0.02592902
141.451095581055,41.1294479370117,-0.03411009
141.428634643555,41.4858703613281,-0.05010876
141.367401123047,42.3673095703125,-0.02811839
141.298492431641,43.2353096008301,-0.05523257
141.283752441406,43.4073333740234,-0.06805494
141.268676757812,43.5788345336914,-0.06312452
141.253265380859,43.7498245239258,-0.05350777
141.09895324707,45.266056060791,-0.0102988
141.060668945312,45.5976028442383,-0.01121948
140.560821533203,48.9687728881836,-0.05885996
140.532211303711,49.1245727539062,-0.0567051
140.503128051758,49.2799644470215,-0.05454703
140.473571777344,49.4349555969238,-0.0484142
139.250747680664,54.1983299255371,-0.00820486
138.347625732422,56.5913543701172,0.00445665
115.814460754395,73.7238616943359,0.10587378
113.498962402344,74.3408203125,0.04189981
112.805480957031,74.5108795166016,0.01162944
112.453338623047,74.5948257446289,0.00361206
112.097587585449,74.6780395507812,-0.00554946
100.669067382812,76.6694946289062,0.06152531
96.9176788330078,77.1018829345703,-0.02769601
95.9515075683594,77.1994705200195,-0.03780907
142,-66.7117309570312,-0.09596521
142,-38.4809226989746,-0.20017063
142,-11.6684951782227,0.03610468
142,-11.4235544204712,0.0119426
142,-11.1784019470215,-0.00236197
142,-10.9330415725708,-0.01177326
142,-10.687479019165,-0.02234376
142,-10.1957597732544,-0.03473293
142,-9.70328140258789,-0.07009208
142,-9.45676803588867,-0.04103477
142,-2.7489447593689,-0.25567591
141.814331054688,38.9496307373047,0.0771195
141.743942260742,40.417781829834,0.00562091
141.691513061523,41.3168525695801,-0.03439003
141.606155395508,42.552375793457,-0.03974552
141.489959716797,43.9325065612793,-0.03953066
141.47395324707,44.1027069091797,-0.02508081
141.457595825195,44.2723999023438,-0.01426851
141.333145141602,45.446418762207,-0.01788796
140.699417114258,49.6105575561523,-0.06885911
140.669036865234,49.7650146484375,-0.06480776
140.638168334961,49.9190788269043,-0.05971524
140.606811523438,50.0727500915527,-0.04558953
140.574951171875,50.2260360717773,-0.03762642
140.542602539062,50.3789329528809,-0.02962062
140.509750366211,50.5314483642578,-0.02591147
139.511627197266,54.2277717590332,-0.00933321
138.552947998047,56.7638931274414,0.001
116.432167053223,73.7151947021484,0.09986828
113.449066162109,74.5123443603516,0.01811491
112.389915466309,74.7655334472656,-0.00834924
100.910369873047,76.7694473266602,0.05773642
96.6490936279297,77.2547378540039,-0.04119636
142.25,-66.8103713989258,-0.09627357
142.25,-38.4809226989746,-0.19571995
142.25,-10.4417161941528,0.0272139
142.25,-9.94961357116699,-0.03912984
142.25,-9.45676803588867,-0.09805226
142.25,-2.99863004684448,-0.25939327
142.057373046875,39.141731262207,0.07018738
142.049224853516,39.3268775939941,0.07760357
142.04084777832,39.5114440917969,0.06902242
142.0322265625,39.6954307556152,0.05606931
142.023361206055,39.8788414001465,0.04124812
142.014236450195,40.0616798400879,0.02579925
142.004867553711,40.2439460754395,0.01571136
141.858093261719,42.5627136230469,-0.03289537
141.693588256836,44.4544219970703,0.00010023
141.676605224609,44.6233558654785,0.00318833
141.659271240234,44.7917938232422,0.001
141.641586303711,44.9597396850586,-0.00992196
141.62353515625,45.1272010803223,-0.03691442
141.605117797852,45.2941818237305,-0.04770329
140.733352661133,50.7063255310059,-0.01605346
140.699630737305,50.8583488464355,-0.01436405
139.725341796875,54.4007720947266,-0.0277786
138.758316040039,56.9364738464355,0.00017544
118.863815307617,73.1382217407227,0.08782951
118.569946289062,73.2340927124023,0.08217575
117.360824584961,73.6117477416992,0.09678069
117.049995422363,73.7046585083008,0.09217601
112.685249328613,74.8526992797852,-0.01784897
100.691032409668,76.9276885986328,0.0292706
142.5,-66.9086227416992,-0.09281372
142.5,-38.4809226989746,-0.1895805
142.5,-10.687479019165,-0.08131825
142.5,-10.1957597732544,-0.17829254
142.5,-9.70328140258789,-0.17068983
142.5,-9.45676803588867,-0.16254208
142.5,-2.99863004684448,-0.25843519
142.123016357422,42.3976745605469,-0.03363325
141.839569091797,45.4748458862305,-0.08237601
141.781234741211,45.9722175598145,-0.02203507
141.761032104492,46.1370697021484,-0.01903171
141.740432739258,46.3014602661133,-0.02297546
141.719436645508,46.465389251709,-0.02200108
141.698059082031,46.6288604736328,-0.01630755
141.676284790039,46.7918815612793,-0.01228016
140.922775268555,51.0331230163574,0.00015789
140.88818359375,51.1846694946289,0.00310967
140.853057861328,51.3358497619629,0.00982477
140.080551147461,54.141716003418,-0.07417897
140.03401184082,54.286060333252,-0.03939851
138.963729858398,57.1090850830078,-0.00333614
119.46280670166,73.1196517944336,0.08956702
118.580581665039,73.4085693359375,0.07170883
117.97550201416,73.5982818603516,0.08517224
112.98363494873,74.9395370483398,-0.02513796
100.936309814453,77.0276565551758,0.02274344
142.75,-66.9086227416992,-0.09157984
142.75,-38.6763610839844,-0.15561031
142.75,-10.9330415725708,-0.1032139
142.75,-9.45676803588867,-0.17315568
142.75,-3.24825859069824,-0.25107021
142.387557983398,42.231616973877,-0.02389618
142.092864990234,45.4889259338379,-0.07262678
142.05451965332,45.8214569091797,-0.02709114
141.908264160156,46.9707221984863,-0.02180353
141.885772705078,47.1330909729004,-0.01686831
141.862884521484,47.2950172424316,-0.01946894
141.839584350586,47.4565048217773,-0.01991047
141.815856933594,47.6175537109375,-0.0321236
141.66455078125,48.574836730957,-0.03280694
141.637802124023,48.73291015625,-0.0413516
141.075408935547,51.510425567627,0.019953
141.039398193359,51.6611404418945,0.0122036
140.432678222656,53.8801040649414,-0.03841101
140.387573242188,54.0253601074219,-0.03979683
139.229934692383,57.1433486938477,-0.00665478
119.773712158203,73.197151184082,0.08198753
118.589950561523,73.5829696655273,0.06407318
113.285118103027,75.0260391235352,-0.0283869
101.185081481934,77.1274108886719,0.01527117
143,-66.9086227416992,-0.0845077
143,-38.6763610839844,-0.18340008
143,-11.9132204055786,-0.09113748
143,-11.6684951782227,-0.13946108
143,-11.4235544204712,-0.12459761
143,-11.1784019470215,-0.14222996
143,-9.21007823944092,-0.12993145
143,-3.24825859069824,-0.25036587
142.65168762207,42.0645408630371,-0.0198726
142.382873535156,45.1680107116699,-0.10949263
142.364715576172,45.3357009887695,-0.08271381
142.28840637207,46.0017204284668,-0.02945211
142.046493530273,47.7955741882324,-0.03799643
142.022033691406,47.9560089111328,-0.03511151
141.997161865234,48.1160163879395,-0.03310124
141.97184753418,48.2756004333496,-0.03055844
141.946105957031,48.4347648620605,-0.0286554
141.866226196289,48.9097518920898,-0.04207022
141.838714599609,49.0672569274902,-0.03882279
141.810729980469,49.2243576049805,-0.04204654
141.261306762695,51.8356246948242,-0.00557191
140.781753540039,53.6159324645996,-0.03147814
140.738052368164,53.7621040344238,-0.03560983
139.496429443359,57.1773681640625,-0.00985735
120.939956665039,72.9777450561523,0.08587944
120.658988952637,73.0771179199219,0.08165792
120.374725341797,73.1759643554688,0.07716555
113.589721679688,75.112190246582,-0.03007868
101.437438964844,77.2269515991211,0.00764089
143.25,-66.8103713989258,-0.09977474
143.25,-38.8712692260742,-0.16709301
143.25,-12.4020042419434,-0.13378689
143.25,-12.1577243804932,-0.14096426
143.25,-9.21007823944092,-0.17983361
143.25,-3.24825859069824,-0.25080134
142.903549194336,42.0739936828613,-0.00889973
142.653778076172,45.0130348205566,-0.10240641
142.522155761719,46.1819038391113,-0.03167965
142.501861572266,46.3470191955566,-0.02614995
142.481170654297,46.5116767883301,-0.01602999
142.03840637207,49.4008712768555,-0.04787129
142.009643554688,49.5574226379395,-0.04217497
141.980422973633,49.7135772705078,-0.04496652
141.950729370117,49.8693389892578,-0.04409439
141.920547485352,50.0247039794922,-0.04734716
141.889892578125,50.1796836853027,-0.03960408
141.858764648438,50.3342781066895,-0.02994708
141.8271484375,50.4884910583496,-0.01159299
141.556121826172,51.7087020874023,-0.01245691
141.519912719727,51.8595848083496,-0.00371772
141.483184814453,52.0101089477539,-0.07789683
141.445907592773,52.1602783203125,-0.08255168
141.408096313477,52.3101005554199,-0.08415772
141.369735717773,52.4595680236816,-0.08919083
141.330825805664,52.6086921691895,-0.08746322
141.291366577148,52.7574729919434,-0.08587642
141.251327514648,52.9059104919434,-0.07862419
141.085525512695,53.4962882995605,-0.03096415
139.703079223633,57.3500633239746,-0.00921452
121.255935668945,73.0531616210938,0.12594703
113.897506713867,75.197998046875,-0.03248195
107.148300170898,76.537712097168,0.02122758
106.715133666992,76.6087417602539,0.00956954
101.693435668945,77.3262786865234,-0.00200335
143.5,-66.8103713989258,-0.0977487
143.5,-38.8712692260742,-0.16211293
143.5,-12.8898735046387,-0.11606258
143.5,-12.6460552215576,-0.12902408
143.5,-8.96321582794189,-0.19992468
143.5,-8.71618556976318,-0.18159563
143.5,-3.24825859069824,-0.25145931
143.167266845703,41.9056396484375,-0.00689757
142.941116333008,44.6874313354492,-0.10317326
142.924209594727,44.8570289611816,-0.10375355
142.735198974609,46.5269012451172,-0.0208424
142.580047607422,47.6686782836914,-0.01998793
142.556259155273,47.8300399780273,-0.0239044
142.052444458008,50.6640396118164,-0.02128434
142.019989013672,50.8177490234375,-0.01523024
141.987045288086,50.9710845947266,-0.01444724
141.953598022461,51.1240501403809,-0.01664931
141.919631958008,51.2766418457031,-0.01391151
141.885177612305,51.4288673400879,-0.01601087
141.850189208984,51.5807304382324,-0.02116917
141.667373657227,52.3346710205078,-0.06766349
141.629211425781,52.4844017028809,-0.0702968
141.590484619141,52.6337852478027,-0.07544335
141.470977783203,53.0798873901367,-0.052902
141.43000793457,53.2279090881348,-0.04340051
141.388473510742,53.3755989074707,-0.03824629
139.909851074219,57.5227699279785,-0.00352685
122.126266479492,72.926139831543,0.09248199
121.851951599121,73.0274200439453,0.08818184
113.842651367188,75.3691635131836,-0.04074343
107.436767578125,76.6312713623047,0.0119219
107.001663208008,76.702766418457,-0.00209896
101.953163146973,77.4253692626953,-0.01349402
143.75,-66.8103713989258,-0.10032442
143.75,-40.029483795166,-0.14803909
143.75,-39.8377876281738,-0.15340165
143.75,-39.6455535888672,-0.16427864
143.75,-38.8712692260742,-0.14707739
143.75,-14.3476552963257,0.1165438
143.75,-14.1053228378296,0.07665143
143.75,-13.8627319335938,0.02620278
143.75,-13.6198883056641,0.00636051
143.75,-13.3767938613892,-0.09329634
143.75,-13.1334543228149,-0.10578962
143.75,-8.46899127960205,-0.18479932
143.75,-8.22163867950439,-0.18259225
143.75,-3.49782538414001,-0.25705568
143.407333374023,42.0927124023438,-0.01674438
143.395278930664,42.2701301574707,-0.02933386
143.210632324219,44.5296859741211,-0.09494095
142.989288330078,46.5420227050781,-0.01103
142.858184814453,47.5234527587891,-0.01688043
142.787170410156,48.0082702636719,-0.03310866
142.762649536133,48.1690254211426,-0.03733186
142.737716674805,48.3293533325195,-0.0448587
141.811218261719,52.8079986572266,-0.05258435
141.771575927734,52.956958770752,-0.04419353
141.731384277344,53.1055793762207,-0.03554359
141.690612792969,53.2538604736328,-0.03004275
140.116760253906,57.695484161377,0.00205988
122.446929931641,72.9998931884766,0.08381149
113.78539276123,75.540168762207,-0.04768819
107.728958129883,76.7245254516602,-0.00331374
107.291915893555,76.796501159668,-0.02118123
102.216697692871,77.5242385864258,-0.02239084
144,-67.006477355957,-0.09651653
144,-66.9086227416992,-0.10292788
144,-40.2206420898438,-0.15992509
144,-39.4527854919434,-0.18335038
144,-38.6763610839844,-0.14134699
144,-14.3476552963257,0.09436975
144,-7.97413206100464,-0.15436266
144,-3.74732565879822,-0.26860308
143.634994506836,42.4566993713379,-0.03702413
143.47966003418,44.3709182739258,-0.08129719
143.283782958984,46.2258377075195,-0.03371519
143.263793945312,46.3916625976562,-0.01800656
143.201522827148,46.8864326477051,-0.02056397
143.179992675781,47.0504608154297,-0.02008939
143.158065795898,47.2140464782715,-0.0195379
143.1357421875,47.3771934509277,-0.02839129
142.967926025391,48.5071792602539,-0.04249831
142.942260742188,48.666919708252,-0.05426608
141.910263061523,53.4278297424316,-0.01451116
140.385360717773,57.7293167114258,-0.0065104
123.040733337402,72.9705963134766,0.0868517
114.101348876953,75.625846862793,-0.04607848
108.459648132324,76.7441024780273,-0.01340187
107.585960388184,76.8899459838867,-0.03839658
106.24388885498,77.1016616821289,-0.05475094
105.788177490234,77.1703109741211,-0.06892059
102.484115600586,77.6228637695312,-0.03440945
100.006942749023,77.9148254394531,-0.05866225
99.5004653930664,77.969970703125,-0.05271369
144.25,-67.006477355957,-0.10540585
144.25,-40.029483795166,-0.1639342
144.25,-39.8377876281738,-0.14186304
144.25,-39.6455535888672,-0.15063299
144.25,-38.4809226989746,-0.14704456
144.25,-14.1053228378296,-0.05642914
144.25,-7.97413206100464,-0.18505119
144.25,-3.74732565879822,-0.25671946
143.874572753906,42.6430854797363,-0.047011
143.748229980469,44.2111358642578,-0.06491481
143.557281494141,46.0737648010254,-0.04288035
143.455947875977,46.9018135070801,-0.02266368
143.172103881836,48.8445243835449,-0.0599917
143.145706176758,49.0036888122559,-0.05602641
143.118865966797,49.1624450683594,-0.03717688
142.171432495117,53.4536628723145,-0.001
140.593048095703,57.9020347595215,-0.001
123.366027832031,73.043083190918,0.08403665
114.044204711914,75.7968063354492,-0.04306469
109.193489074707,76.761474609375,-0.01598199
107.438735961914,77.0550918579102,-0.06490459
106.989318847656,77.1261520385742,-0.06771167
106.077690124512,77.2653884887695,-0.06985728
103.242370605469,77.6592102050781,-0.05657907
100.76879119873,77.9587936401367,-0.07297022
99.2390975952148,78.1255340576172,-0.05580786
144.5,-67.1034622192383,-0.11533743
144.5,-41.3562889099121,-0.15739792
144.5,-41.1683616638184,-0.15848327
144.5,-40.9798965454102,-0.15302019
144.5,-40.7908935546875,-0.13747158
144.5,-38.4809226989746,-0.13343279
144.5,-14.1053228378296,-0.1220286
144.5,-7.72647523880005,-0.19002888
144.5,-3.74732565879822,-0.2490677
144.5,7.47867298126221,-0.11608095
144.5,13.3767938613892,0.11744476
144.114013671875,42.8292999267578,-0.04595786
144.001113891602,44.2227821350098,-0.07983303
143.791809082031,46.2546195983887,-0.02658707
143.772033691406,46.4209098815918,-0.02670116
143.751876831055,46.5867500305176,-0.02456598
143.731353759766,46.752140045166,-0.02415313
143.375152587891,49.181079864502,-0.06074005
142.432754516602,53.4792976379395,0.01329396
142.264251708984,54.070873260498,-0.02300747
142.220657348633,54.2179527282715,-0.03322873
140.800933837891,58.0747451782227,0.00282664
140.738510131836,58.2136077880859,0.01675126
123.423454284668,73.218635559082,0.07649201
123.149848937988,73.3216323852539,0.07400949
113.984619140625,75.9675979614258,-0.03994953
113.598747253418,76.0521926879883,-0.03826124
109.930236816406,76.7766342163086,-0.01868236
106.371208190918,77.3601684570312,-0.07716576
103.52067565918,77.7568740844727,-0.06457174
101.031791687012,78.0587768554688,-0.07787013
99.4917297363281,78.2268524169922,-0.0566048
144.75,-67.1034622192383,-0.11335858
144.75,-41.7305107116699,-0.18555663
144.75,-41.5436706542969,-0.17180946
144.75,-40.6013488769531,-0.15094335
144.75,-38.4809226989746,-0.12866384
144.75,-14.3476552963257,-0.14492613
144.75,-7.72647523880005,-0.26197823
144.75,-3.99675464630127,-0.25333605
144.75,7.2307300567627,-0.15082962
144.75,7.72647523880005,-0.07300306
144.75,13.1334543228149,0.09999034
144.75,13.6198883056641,0.12754274
144.366302490234,42.839183807373,-0.04317357
144.269165039062,44.0616912841797,-0.04607496
143.631546020508,49.1995735168457,-0.06255572
142.653213500977,53.653377532959,0.0246691
142.611602783203,53.801685333252,0.01632576
142.569412231445,53.9496688842773,0.00851539
142.439361572266,54.391674041748,-0.04895027
140.946166992188,58.3862915039062,0.01332745
123.20378112793,73.4970397949219,0.06214685
113.531425476074,76.2225189208984,-0.0401246
113.135894775391,76.3060150146484,-0.02869852
112.735954284668,76.3887023925781,-0.02929828
110.669639587402,76.7895660400391,-0.02584687
106.202056884766,77.5237884521484,-0.08053143
105.730926513672,77.5919189453125,-0.08095563
105.255432128906,77.659049987793,-0.08179318
104.775611877441,77.7251586914062,-0.08123041
104.291496276855,77.7902374267578,-0.08113341
101.807907104492,78.0998382568359,-0.0923447
99.7484436035156,78.3279571533203,-0.05777231
145,-67.1034622192383,-0.11260032
145,-42.4724578857422,-0.17321348
145,-42.287784576416,-0.17778459
145,-42.1025695800781,-0.17550724
145,-41.9168128967285,-0.17626296
145,-40.6013488769531,-0.1316959
145,-38.4809226989746,-0.11936237
145,-14.5897264480591,-0.03444618
145,-7.97413206100464,-0.26750291
145,-4.24610805511475,-0.2337187
145,7.47867298126221,-0.10802107
145,13.3767938613892,0.10217082
144.618606567383,42.8489952087402,-0.04106765
144.522033691406,44.0729598999023,-0.04936009
143.914413452148,49.0584449768066,-0.05933307
143.88801574707,49.2179298400879,-0.05557513
143.503524780273,51.2556419372559,-0.12492894
143.470626831055,51.4097442626953,-0.12168516
143.437225341797,51.5634803771973,-0.11906093
143.403335571289,51.716854095459,-0.11207053
143.368942260742,51.8698692321777,-0.11828951
143.334030151367,52.0225296020508,-0.11970378
143.298614501953,52.1748313903809,-0.1220767
143.262664794922,52.3267822265625,-0.12472623
142.702438354492,54.4184226989746,-0.07429304
141.217361450195,58.4201164245605,-0.00414151
123.25732421875,73.67236328125,0.04785733
112.654998779297,76.5582122802734,-0.03767688
112.245010375977,76.6397476196289,-0.03683416
111.830490112305,76.7204360961914,-0.03721709
111.411437988281,76.8002700805664,-0.04009788
102.590667724609,78.1386260986328,-0.10884677
100.009323120117,78.4288482666016,-0.05869565
145.25,-67.006477355957,-0.10495147
145.25,-42.8401718139648,-0.16699526
145.25,-42.6565856933594,-0.17358751
145.25,-40.7908935546875,-0.10027591
145.25,-38.4809226989746,-0.12209231
145.25,-14.8315315246582,-0.02617598
145.25,-7.97413206100464,-0.25771874
145.25,-4.24610805511475,-0.23211103
144.870941162109,42.8587341308594,-0.03730638
144.774932861328,44.0841445922852,-0.05171241
144.196640014648,48.9162979125977,-0.05439861
144.035186767578,49.8710556030273,-0.11360958
144.006729125977,50.0287971496582,-0.13152556
143.977798461914,50.1861534118652,-0.13530783
143.948425292969,50.3431243896484,-0.13457681
143.918579101562,50.4997100830078,-0.13294904
143.888275146484,50.6559181213379,-0.13265015
143.857498168945,50.8117485046387,-0.13405869
143.826232910156,50.9672050476074,-0.13548474
143.794494628906,51.1222877502441,-0.14551421
143.486526489258,52.5017051696777,-0.14384941
143.449737548828,52.653205871582,-0.15070393
143.41242980957,52.8043594360352,-0.16847533
143.374588012695,52.9551734924316,-0.15391952
143.336196899414,53.1056442260742,-0.15615857
143.297271728516,53.2557792663574,-0.15180792
143.257797241211,53.405574798584,-0.14533195
143.2177734375,53.5550422668457,-0.14017526
143.177185058594,53.7041778564453,-0.13939239
143.136032104492,53.8529815673828,-0.13735431
143.094314575195,54.0014610290527,-0.13241617
143.052032470703,54.1496162414551,-0.1243226
143.009155273438,54.2974510192871,-0.13719759
141.488876342773,58.4536743164062,-0.0117422
123.593658447266,73.7448425292969,0.03689875
103.379806518555,78.1751251220703,-0.12723632
99.7426300048828,78.5846557617188,-0.07788609
98.1239776611328,78.7431793212891,-0.06051069
97.5770111083984,78.7936859130859,-0.05524462
97.0264892578125,78.843017578125,-0.05342748
96.4725036621094,78.8911666870117,-0.05172974
95.915153503418,78.938117980957,-0.0516715
95.3545532226562,78.9838790893555,-0.05305141
94.7908020019531,79.0284271240234,-0.0567096
145.5,-67.5824966430664,-0.10488721
145.5,-67.4874954223633,-0.10285801
145.5,-67.006477355957,-0.10469399
145.5,-43.0232124328613,-0.17803473
145.5,-40.7908935546875,-0.08768627
145.5,-38.6763610839844,-0.13367663
145.5,-16.5163860321045,-0.02389193
145.5,-16.276554107666,-0.01704075
145.5,-16.0364284515381,-0.04667694
145.5,-15.7960119247437,-0.09538363
145.5,-15.5553112030029,-0.0865535
145.5,-15.3143272399902,-0.09053846
145.5,-15.0730667114258,-0.08480022
145.5,-7.97413206100464,-0.26422957
145.5,-4.49538087844849,-0.21897595
145.5,15.0730667114258,0.19018084
145.110565185547,43.0451698303223,-0.04519986
145.013000488281,44.2685356140137,-0.05231594
144.427322387695,49.0942687988281,-0.10176993
144.401214599609,49.2542304992676,-0.10282101
144.374694824219,49.4137878417969,-0.09746268
144.347732543945,49.5729484558105,-0.11318439
144.320327758789,49.7317123413086,-0.11144544
141.698150634766,58.6263008117676,0.00147571
129.957595825195,71.0898361206055,-0.02084847
129.751281738281,71.2036819458008,-0.01514186
129.542373657227,71.3171844482422,-0.0299716
123.9326171875,73.8168716430664,0.02285309
104.175048828125,78.2093048095703,-0.13838942
100.008438110352,78.6855545043945,-0.08583725
98.92529296875,78.7933044433594,-0.07393553
94.4462966918945,79.1769561767578,-0.05777415
145.75,-67.5824966430664,-0.1114936
145.75,-67.3920822143555,-0.10774657
145.75,-67.296272277832,-0.11342287
145.75,-67.2000579833984,-0.14172411
145.75,-67.1034622192383,-0.11502114
145.75,-43.3876609802246,-0.17210194
145.75,-43.2057113647461,-0.16515648
145.75,-40.9798965454102,-0.07268834
145.75,-38.8712692260742,-0.12904191
145.75,-16.7559223175049,-0.04882476
145.75,-8.22163867950439,-0.22368743
145.75,-4.74456834793091,-0.20291324
145.75,14.8315315246582,0.18638818
145.75,15.3143272399902,0.17972186
145.363037109375,43.0549659729004,-0.03641969
145.336853027344,43.4073829650879,0.04692397
145.323303222656,43.5828437805176,-0.02585391
145.309463500977,43.7578125,-0.08996934
145.295303344727,43.9322853088379,-0.04119277
145.266052246094,44.2797622680664,-0.04666277
141.907699584961,58.7988929748535,-0.01885089
130.689010620117,70.921875,-0.009056
130.488479614258,71.0367813110352,-0.01884421
129.660583496094,71.4929504394531,-0.02844741
129.447006225586,71.6061019897461,-0.0306785
129.230697631836,71.7188873291016,0.02476745
124.55313873291,73.784294128418,-0.00281034
106.94539642334,77.9708023071289,-0.14648537
106.460144042969,78.0399398803711,-0.14020525
104.472114562988,78.3060913085938,-0.15875644
100.278717041016,78.7862319946289,-0.09911637
99.7352447509766,78.8411483764648,-0.09999196
94.0930023193359,79.3248977661133,-0.054806
146,-67.5824966430664,-0.11290457
146,-43.5690727233887,-0.17887601
146,-40.9798965454102,-0.07593492
146,-39.0656394958496,-0.13283149
146,-17.2340850830078,0.00401868
146,-16.9951572418213,-0.0212513
146,-8.22163867950439,-0.22740206
146,-5.49157285690308,-0.21552823
146,-5.24266910552979,-0.22693338
146,-4.99366569519043,-0.22652376
146,15.0730667114258,0.18406522
145.615524291992,43.0646896362305,-0.03954066
145.589492797852,43.4175071716309,0.04967523
145.548217773438,43.9430160522461,-0.01769587
145.533843994141,44.1172027587891,-0.05969972
142.117553710938,58.9714393615723,-0.0197474
131.214538574219,70.8666000366211,-0.0052478
129.345306396484,71.8946075439453,-0.03760418
129.124130249023,72.0070266723633,-0.03735256
125.443405151367,73.6443023681641,-0.00964642
125.171943664551,73.7498779296875,-0.01029591
107.742919921875,77.9940719604492,-0.1675806
106.279998779297,78.203010559082,-0.14746163
105.280616760254,78.3371276855469,-0.17184853
100.553565979004,78.8866653442383,-0.11325087
100.006210327148,78.9420547485352,-0.12544013
93.7306518554688,79.4722366333008,-0.05621984
146.25,-67.5824966430664,-0.10919972
146.25,-43.5690727233887,-0.18511319
146.25,-40.9798965454102,-0.07939629
146.25,-39.0656394958496,-0.1428036
146.25,-18.1866779327393,0.07202925
146.25,-17.9490070343018,0.05097678
146.25,-17.7110137939453,0.0483541
146.25,-17.4727058410645,0.04461155
146.25,-8.71618556976318,-0.21464014
146.25,-8.46899127960205,-0.23650057
146.25,-5.49157285690308,-0.23330963
145.855255126953,43.2511978149414,-0.02865945
145.815139770508,43.7787857055664,-0.0021717
145.786880493164,44.1280555725098,-0.06343193
145.772277832031,44.3019638061523,-0.05518028
142.327743530273,59.1439399719238,-0.0282339
131.543716430664,70.9261169433594,-0.00878199
129.46044921875,72.0702590942383,-0.03927883
126.056396484375,73.6071548461914,-0.01576064
107.579490661621,78.1583480834961,-0.1689959
107.089469909668,78.2285232543945,-0.16943435
106.094604492188,78.3657684326172,-0.16626689
105.589820861816,78.4328155517578,-0.18308143
100.833106994629,78.9868545532227,-0.12041083
100.281845092773,79.042724609375,-0.13959087
93.3589630126953,79.6189575195312,-0.05635179
92.759765625,79.6589050292969,-0.05748037
92.1577529907227,79.6975860595703,-0.06102572
91.5530471801758,79.734992980957,-0.07802978
90.9458160400391,79.771125793457,-0.08094508
146.5,-67.6770782470703,-0.11615424
146.5,-43.5690727233887,-0.198217
146.5,-40.9798965454102,-0.07913889
146.5,-38.8712692260742,-0.18480958
146.5,-18.897741317749,0.0659124
146.5,-18.6610488891602,0.05528243
146.5,-18.4240283966064,0.05590945
146.5,-8.96321582794189,-0.20964507
146.5,-5.49157285690308,-0.21004237
146.5,-1.99959397315979,-0.25483735
146.054138183594,43.9642295837402,-0.02340629
146.010620117188,44.4865684509277,-0.05796191
142.602462768555,59.1771049499512,-0.03562437
131.678756713867,71.1014938354492,-0.01530928
129.576171875,72.2458267211914,-0.03495628
126.667388916016,73.5682067871094,0.02459167
106.913764953613,78.3919906616211,-0.16880721
105.903816223145,78.528190612793,-0.18809135
100.562271118164,79.1431579589844,-0.15456208
100.002655029297,79.1983337402344,-0.16388698
90.5307235717773,79.9135894775391,-0.09052538
146.749984741211,-67.7712478637695,-0.1166348
146.75,-43.7499351501465,-0.18324847
146.75,-40.9798965454102,-0.07174108
146.75,-38.6763610839844,-0.17478619
146.75,-19.1340980529785,0.06099139
146.75,-9.21007823944092,-0.20596196
146.75,-5.74037265777588,-0.21006576
146.75,-2.24942183494568,-0.22747788
146.75,-1.74972796440125,-0.24278189
146.293045043945,44.1495094299316,-0.04675086
146.263916015625,44.4976577758789,-0.06378909
142.877532958984,59.2099876403809,-0.0397835
131.814559936523,71.2768020629883,-0.01018277
129.692504882812,72.4213256835938,-0.02945966
129.464797973633,72.5337600708008,-0.03112088
127.276275634766,73.527473449707,0.02287919
105.707466125488,78.6902770996094,-0.18811531
100.847602844238,79.2433395385742,-0.16697659
100.283920288086,79.2990036010742,-0.17574979
90.7292098999023,80.0210723876953,-0.09309764
146.999984741211,-67.8649978637695,-0.13700283
147,-43.5690727233887,-0.21607931
147,-40.9798965454102,-0.06020801
147,-38.6763610839844,-0.18077167
147,-19.1340980529785,0.04193973
147,-9.45676803588867,-0.20699728
147,-5.74037265777588,-0.21040471
147,-2.24942183494568,-0.23116026
147,-1.74972796440125,-0.24048552
146.573883056641,43.8096351623535,-0.05277414
146.531860351562,44.3346214294434,-0.08384576
143.152954101562,59.2425804138184,-0.04342259
131.951171875,71.4520263671875,-0.01167004
129.579605102539,72.7091751098633,-0.03682131
127.882934570312,73.4849624633789,-0.02294852
105.505378723145,78.8520126342773,-0.18569733
104.977005004883,78.9173965454102,-0.18492235
104.443511962891,78.9816589355469,-0.18298464
101.137969970703,79.34326171875,-0.17752279
99.9978256225586,79.4543762207031,-0.17663825
92.1848678588867,80.0552673339844,-0.1047491
91.559684753418,80.0925064086914,-0.09991094
147.249984741211,-67.8649978637695,-0.11194914
147.25,-43.3876609802246,-0.20985661
147.25,-40.9798965454102,-0.03829917
147.25,-38.4809226989746,-0.22651047
147.25,-19.3701171875,0.04908788
147.25,-9.70328140258789,-0.20330446
147.25,-7.47867298126221,-0.13562554
147.25,-7.2307300567627,-0.15260731
147.25,-6.98265075683594,-0.14945579
147.25,-5.74037265777588,-0.2162795
147.25,-2.24942183494568,-0.22277654
147.25,-1.74972796440125,-0.23924135
146.840179443359,43.6436004638672,-0.06195395
146.813262939453,43.9954299926758,-0.06490649
146.770614624023,44.5195655822754,-0.06725121
143.4287109375,59.2748870849609,-0.0451716
132.088653564453,71.6271591186523,-0.01329987
129.695098876953,72.8844909667969,-0.03883189
129.459869384766,72.9965438842773,-0.03704151
129.22151184082,73.1082000732422,-0.03570914
128.979995727539,73.2194442749023,-0.03349808
128.735260009766,73.3302764892578,0.01984412
128.487274169922,73.4406890869141,-0.02951672
104.218902587891,79.1418762207031,-0.18133336
103.671905517578,79.2044143676758,-0.18082336
103.119804382324,79.2658004760742,-0.17929973
102.000534057617,79.3850708007812,-0.18067537
100.285011291504,79.555046081543,-0.18333973
92.4041137695312,80.1617431640625,-0.10714793
91.7727661132812,80.1993637084961,-0.10242572
147.499984741211,-67.8650054931641,-0.11203978
147.5,-43.2057113647461,-0.20530531
147.5,-43.0232124328613,-0.1807693
147.5,-40.7908935546875,-0.03273514
147.5,-38.2849540710449,-0.24614039
147.5,-19.3701171875,0.03555159
147.5,-9.94961357116699,-0.21549124
147.5,-7.47867298126221,-0.1546415
147.5,-6.98265075683594,-0.15910505
147.5,-5.98906373977661,-0.22595435
147.5,-1.99959397315979,-0.23074849
147.079879760742,43.8297920227051,-0.07321101
147.038421630859,44.3559532165527,-0.03955039
147.00927734375,44.704345703125,-0.06176003
143.704818725586,59.3069038391113,-0.06160514
132.227066040039,71.8022079467773,-0.01671229
102.871284484863,79.4243774414062,-0.18226136
99.9917526245117,79.7101898193359,-0.17611247
91.349723815918,80.3427658081055,-0.10429235
147.749984741211,-67.8650054931641,-0.11671181
147.75,-43.0232124328613,-0.2037826
147.75,-40.7908935546875,-0.03371803
147.75,-40.029483795166,-0.05755301
147.75,-39.8377876281738,-0.07728723
147.75,-38.0884552001953,-0.24183755
147.75,-19.6057929992676,0.02651303
147.75,-10.1957597732544,-0.20274295
147.75,-7.72647523880005,-0.16563504
147.75,-6.98265075683594,-0.15813023
147.75,-6.23764181137085,-0.21562624
147.75,-5.74037265777588,-0.23947189
147.277435302734,44.5411148071289,-0.03144624
147.24787902832,44.8889579772949,-0.06498611
143.981262207031,59.3386306762695,-0.04190967
132.366439819336,71.9771575927734,-0.02617128
100.28515625,79.8108520507812,-0.18727506
91.5653610229492,80.4497299194336,-0.10528468
147.999984741211,-67.8650131225586,-0.11827592
148,-42.8401718139648,-0.18509092
148,-42.6565856933594,-0.17895211
148,-42.4724578857422,-0.18109414
148,-40.7908935546875,-0.07749469
148,-40.4112663269043,-0.07172501
148,-40.2206420898438,-0.05297317
148,-39.6455535888672,-0.14148677
148,-37.8914260864258,-0.23469036
148,-19.8411273956299,0.007088
148,-10.1957597732544,-0.1990919
148,-7.97413206100464,-0.16228622
148,-6.73443984985352,-0.18149814
148,-6.48610210418701,-0.20399601
148,-5.98906373977661,-0.26561226
148,-5.49157285690308,-0.24277609
147.516372680664,44.7261047363281,-0.0397757
147.486404418945,45.0734062194824,-0.06782103
144.258041381836,59.3700675964355,0.00323193
133.704940795898,71.4480895996094,-0.00878155
133.511764526367,71.5662155151367,-0.01131509
133.316040039062,71.6840286254883,-0.01610663
133.117721557617,71.801513671875,-0.02137623
132.916778564453,71.9186782836914,-0.02540941
99.9844665527344,79.9657669067383,-0.18589266
99.3799209594727,80.0190200805664,-0.17585998
98.7705535888672,80.0710067749023,-0.17623357
98.1564712524414,80.1217193603516,-0.17634849
97.5377960205078,80.1711349487305,-0.17485076
92.4392852783203,80.5190811157227,-0.10679435
148.249984741211,-67.8650131225586,-0.11716145
148.25,-42.287784576416,-0.18381988
148.25,-42.1025695800781,-0.18956367
148.25,-40.7908935546875,-0.16336152
148.25,-40.6013488769531,-0.17283118
148.25,-39.8377876281738,-0.1254963
148.25,-37.8914260864258,-0.22521789
148.25,-19.8411273956299,-0.0169968
148.25,-10.1957597732544,-0.20539765
148.25,-8.46899127960205,-0.16491231
148.25,-8.22163867950439,-0.14278866
148.25,-5.74037265777588,-0.24168122
147.755264282227,44.9109268188477,-0.05572963
147.724884033203,45.2576866149902,-0.07376918
144.595642089844,59.2600326538086,-0.04173981
134.238403320312,71.3853759765625,-0.01009994
97.8175811767578,80.273796081543,-0.1772287
92.6710433959961,80.6253509521484,-0.1083796
148.499893188477,-68.2357864379883,-0.1001532
148.499923706055,-68.1437377929688,-0.1028989
148.499954223633,-68.0512619018555,-0.10462376
148.499969482422,-67.9583511352539,-0.11032381
148.5,-41.9168128967285,-0.18996484
148.5,-41.7305107116699,-0.19021056
148.5,-41.5436706542969,-0.18876847
148.5,-41.3562889099121,-0.18892925
148.5,-41.1683616638184,-0.18631493
148.5,-40.9798965454102,-0.18428479
148.5,-40.4112663269043,-0.19525703
148.5,-40.2206420898438,-0.19618471
148.5,-40.029483795166,-0.1887852
148.5,-37.8914260864258,-0.21538354
148.5,-20.0761108398438,-0.02742624
148.5,-10.4417161941528,-0.20384482
148.5,-8.71618556976318,-0.13622484
148.5,-5.98906373977661,-0.28252379
148.5,-5.49157285690308,-0.25197549
148.009002685547,44.9217643737793,-0.06200925
147.963317871094,45.4418029785156,-0.07901626
144.872650146484,59.2906532287598,-0.03832383
134.582901000977,71.4405975341797,-0.01458409
97.4689178466797,80.4253234863281,-0.17786
92.9078521728516,80.7314529418945,-0.10982263
148.749893188477,-68.2358016967773,-0.10218544
148.75,-37.8914260864258,-0.20258643
148.75,-20.0761108398438,-0.03150559
148.75,-10.4417161941528,-0.20727957
148.75,-8.96321582794189,-0.16277637
148.75,-5.98906373977661,-0.27616636
148.75,-5.49157285690308,-0.25331076
148.247985839844,45.1065101623535,-0.06671291
148.21745300293,45.453125,-0.07605391
145.149993896484,59.3209800720215,-0.03338869
134.929107666016,71.4953308105469,-0.01896933
97.7546234130859,80.5280151367188,-0.17789455
92.4758453369141,80.876106262207,-0.11662722
90.4334945678711,80.9838562011719,-0.1337058
89.7466278076172,81.0169677734375,-0.13150664
148.999862670898,-68.3274383544922,-0.09760835
149,-37.8914260864258,-0.18936202
149,-20.7789421081543,0.03382499
149,-20.5450229644775,0.02493074
149,-20.3107452392578,0.03514324
149,-10.4417161941528,-0.21157933
149,-8.96321582794189,-0.18819425
149,-6.23764181137085,-0.29611143
149,-5.49157285690308,-0.24107709
148.501922607422,45.1173477172852,-0.06918353
148.471618652344,45.4643478393555,-0.07071926
145.427642822266,59.3510131835938,-0.02766944
135.277008056641,71.549560546875,-0.02376416
98.046272277832,80.6304702758789,-0.17872009
92.7162551879883,80.982307434082,-0.12458227
91.3433609008789,81.0563583374023,-0.15072531
89.2600784301758,81.1568450927734,-0.13252407
149.249862670898,-68.3274536132812,-0.09584446
149.25,-37.8914260864258,-0.18395209
149.25,-21.2456912994385,-0.03654175
149.25,-21.0124988555908,-0.02440568
149.25,-10.4417161941528,-0.21465077
149.25,-8.96321582794189,-0.22472746
149.25,-6.23764181137085,-0.27880446
149.25,-5.49157285690308,-0.24039348
148.740997314453,45.3020057678223,-0.07318886
148.710327148438,45.6484756469727,-0.07042131
145.763580322266,59.2384300231934,-0.03691285
145.705612182617,59.3807525634766,-0.0239362
135.626586914062,71.6032791137695,-0.02788562
97.6879196166992,80.7819595336914,-0.16961979
93.6502838134766,81.0487594604492,-0.13396329
91.5744781494141,81.1632385253906,-0.16056145
89.4678726196289,81.2648849487305,-0.13872686
149.499862670898,-68.3274688720703,-0.09622921
149.5,-37.8914260864258,-0.17625515
149.5,-21.9430446624756,0.05541447
149.5,-21.7109680175781,0.03343681
149.5,-21.478515625,0.02530577
149.5,-10.4417161941528,-0.21534739
149.5,-9.45676803588867,-0.24934587
149.5,-9.21007823944092,-0.25350875
149.5,-6.23764181137085,-0.30115416
149.5,-5.49157285690308,-0.24434422
149.5,8.71618556976318,-0.00456784
148.980056762695,45.4864845275879,-0.06469296
146.098190307617,59.1248588562012,-0.03311809
135.977874755859,71.6564788818359,-0.03072324
97.3188095092773,80.9328689575195,-0.17243466
96.6464080810547,80.9799270629883,-0.1682351
94.6001815795898,81.1127243041992,-0.14937402
91.1041793823242,81.3056869506836,-0.15992046
90.3939819335938,81.3399658203125,-0.15223134
149.749862670898,-68.3274841308594,-0.09439597
149.75,-37.6938667297363,-0.18489569
149.75,-22.1747455596924,0.08850702
149.75,-10.4417161941528,-0.22301131
149.75,-9.45676803588867,-0.25351888
149.75,-6.48610210418701,-0.27757173
149.75,-5.49157285690308,-0.23220817
149.75,8.46899127960205,-0.00933946
149.75,8.96321582794189,0.02107718
146.375869750977,59.1535758972168,-0.03145264
136.511642456055,71.5880432128906,-0.03047961
96.9385299682617,81.0831909179688,-0.17446388
94.8720321655273,81.2174682617188,-0.16231878
149.999862670898,-68.3274993896484,-0.09638887
150,-37.4957809448242,-0.17505843
150,-37.2971687316895,-0.17144147
150,-37.098030090332,-0.16078937
150,-36.898365020752,-0.15375667
150,-22.1747455596924,0.08404313
150,-10.687479019165,-0.21548315
150,-9.94961357116699,-0.24869228
150,-9.70328140258789,-0.24943155
150,-8.46899127960205,-0.26517414
150,-6.48610210418701,-0.28076399
150,-5.49157285690308,-0.23886147
150,-2.49920701980591,-0.22734622
150,8.46899127960205,-0.00337368
150,8.96321582794189,0.02648993
149.473526000977,45.6817817687988,-0.0540635
146.59797668457,59.3252143859863,-0.001
137.042327880859,71.5181427001953,-0.03047936
96.546630859375,81.2329025268555,-0.1351163
95.8508911132812,81.2781677246094,-0.17322431
150.249801635742,-68.4187240600586,-0.09338768
150.25,-36.6981773376465,-0.15454315
150.25,-36.4974708557129,-0.15663732
150.25,-36.2962379455566,-0.16099952
150.25,-36.0944862365723,-0.16539138
150.25,-35.8922157287598,-0.16260858
150.25,-22.406063079834,0.00739748
150.25,-10.687479019165,-0.22020016
150.25,-9.94961357116699,-0.25475293
150.25,-9.45676803588867,-0.27974149
150.25,-8.71618556976318,-0.26209188
150.25,-8.22163867950439,-0.26974465
150.25,-6.48610210418701,-0.27608806
150.25,-5.49157285690308,-0.22924204
150.25,-2.7489447593689,-0.22042501
150.25,-2.24942183494568,-0.23859955
150.25,8.46899127960205,0.00133402
150.25,9.21007823944092,0.04660849
149.74299621582,45.5189170837402,-0.04517752
149.712707519531,45.8659782409668,-0.04586634
146.876724243164,59.3535461425781,-0.03794843
137.396240234375,71.5691299438477,-0.03061074
150.499801635742,-68.4187469482422,-0.09135561
150.5,-35.6894264221191,-0.16098182
150.5,-35.4861183166504,-0.16902593
150.5,-22.406063079834,0.02784459
150.5,-10.687479019165,-0.19276082
150.5,-9.94961357116699,-0.23878587
150.5,-9.70328140258789,-0.26510519
150.5,-9.21007823944092,-0.2880911
150.5,-8.46899127960205,-0.28981158
150.5,-6.48610210418701,-0.30322061
150.5,-5.24266910552979,-0.22430648
150.5,-2.7489447593689,-0.23679713
150.5,-2.24942183494568,-0.24005155
150.5,8.71618556976318,0.01058021
150.5,8.96321582794189,0.0293877
149.982513427734,45.7034568786621,-0.0480309
149.951873779297,46.0499877929688,-0.04901167
147.210678100586,59.2379493713379,-0.04415433
137.75178527832,71.6195907592773,-0.03169193
150.749801635742,-68.4187698364258,-0.0828316
150.75,-35.282299041748,-0.16336522
150.75,-35.0779609680176,-0.1782347
150.75,-22.406063079834,0.05859915
150.75,-10.4417161941528,-0.23179907
150.75,-10.1957597732544,-0.25673486
150.75,-9.70328140258789,-0.27194246
150.75,-9.21007823944092,-0.28968949
150.75,-6.23764181137085,-0.30553326
150.75,-5.24266910552979,-0.22880657
150.75,-2.99863004684448,-0.23657797
150.75,-2.49920701980591,-0.23955022
150.222030639648,45.8878021240234,-0.05049003
150.191055297852,46.2338104248047,-0.0495151
147.543304443359,59.1213798522949,-0.0421573
138.108932495117,71.6695175170898,-0.03413788
150.999801635742,-68.4187850952148,-0.08450848
151,-34.8731117248535,-0.16314778
151,-34.6677513122559,-0.16582771
151,-34.4618797302246,-0.16983839
151,-34.255500793457,-0.17876831
151,-23.3274612426758,0.0336768
151,-23.0976982116699,0.0102322
151,-22.8675422668457,-0.02947134
151,-22.6369972229004,0.08305006
151,-9.94961357116699,-0.26087431
151,-9.45676803588867,-0.26779588
151,-6.23764181137085,-0.29172528
151,-5.24266910552979,-0.22260037
151,-2.99863004684448,-0.2312461
151,-2.49920701980591,-0.24225989
150.461547851562,46.0719566345215,-0.0533432
147.821960449219,59.1484107971191,-0.06145021
138.467681884766,71.7189178466797,-0.03650353
151.249740600586,-68.5095977783203,-0.09344941
151.25,-34.0486145019531,-0.16540038
151.25,-23.5568256378174,0.030328
151.25,-10.1957597732544,-0.22800229
151.25,-9.70328140258789,-0.27545385
151.25,-5.98906373977661,-0.30907396
151.25,-4.99366569519043,-0.22390803
151.25,-4.24610805511475,-0.22122643
151.25,-3.24825859069824,-0.23714754
151.25,-2.7489447593689,-0.23007593
148.048110961914,59.3196334838867,-0.04498362
139.162826538086,71.5203018188477,-0.03276514
138.99658203125,71.6441650390625,-0.03761308
135.135391235352,74.0619277954102,-0.09560073
151.499740600586,-68.5096206665039,-0.08459132
151.5,-33.8412208557129,-0.1621385
151.5,-33.6333236694336,-0.1587486
151.5,-33.4249229431152,-0.15648088
151.5,-24.0143547058105,0.05060483
151.5,-23.7857913970947,0.05125423
151.5,-9.94961357116699,-0.24949706
151.5,-5.74037265777588,-0.30907581
151.5,-4.74456834793091,-0.22776948
151.5,-4.49538087844849,-0.2295013
151.5,-3.99675464630127,-0.23358304
151.5,-3.24825859069824,-0.24096471
151.5,-2.7489447593689,-0.23352311
151.5,7.2307300567627,-0.07486597
151.5,7.47867298126221,-0.05272018
148.327835083008,59.3462600708008,-0.04734153
139.522079467773,71.5679931640625,-0.03527778
139.357162475586,71.6921691894531,-0.03955671
135.743438720703,73.9984741210938,-0.09639554
135.302795410156,74.234733581543,-0.09440007
151.749740600586,-68.5096435546875,-0.0879975
151.75,-33.2160186767578,-0.16060353
151.75,-33.0066146850586,-0.15762217
151.75,-24.0143547058105,0.05851201
151.75,-5.74037265777588,-0.30902503
151.75,-3.99675464630127,-0.24100064
151.75,-3.49782538414001,-0.24706689
151.75,-2.99863004684448,-0.22722186
151.75,6.98265075683594,-0.1215431
151.75,7.72647523880005,-0.05539249
148.659606933594,59.2277030944824,-0.05243508
139.553497314453,71.8638534545898,-0.04612993
139.385375976562,71.9878158569336,-0.03268364
139.042083740234,72.2349700927734,-0.05453786
136.347564697266,73.9333419799805,-0.09924218
135.916381835938,74.171028137207,-0.10210685
151.999740600586,-68.5096740722656,-0.09137179
152,-33.0066146850586,-0.16937136
152,-24.2425117492676,0.07395088
152,-5.74037265777588,-0.32254148
152,-4.24610805511475,-0.25085347
152,-3.49782538414001,-0.25219947
152,-2.99863004684448,-0.232038
152,7.2307300567627,-0.10450016
152,7.47867298126221,-0.0796252
148.939376831055,59.253532409668,-0.05074403
139.582885742188,72.1593551635742,-0.05496401
139.237686157227,72.406608581543,-0.05746253
136.525909423828,74.1056289672852,-0.10411009
152.249740600586,-68.5096969604492,-0.09566421
152.25,-32.7967147827148,-0.1775642
152.25,-24.4702625274658,0.08205041
152.25,-5.49157285690308,-0.32033793
152.25,-5.24266910552979,-0.31036255
152.25,-4.99366569519043,-0.27868869
152.25,-4.24610805511475,-0.26250298
152.25,-3.74732565879822,-0.25526499
152.25,-3.24825859069824,-0.22852477
151.675476074219,46.8176612854004,-0.06168492
149.16862487793,59.4243240356445,-0.05441553
149.117233276367,59.5693283081055,-0.04286502
139.435485839844,72.5780487060547,-0.06156431
152.499740600586,-68.5097198486328,-0.10091958
152.5,-32.5863189697266,-0.17441084
152.5,-24.924524307251,0.11461377
152.5,-24.6975994110107,0.04975965
152.5,-8.96321582794189,-0.29250385
152.5,-4.74456834793091,-0.29552943
152.5,-4.24610805511475,-0.26478356
152.5,-3.99675464630127,-0.25730903
152.5,-3.49782538414001,-0.23347218
151.946670532227,46.6558837890625,-0.05953883
151.915328979492,47.0008697509766,-0.07096532
149.398559570312,59.5949249267578,-0.0435411
139.811279296875,72.6256942749023,-0.06166656
152.749740600586,-68.5097427368164,-0.10436556
152.75,-32.3754272460938,-0.17651253
152.75,-32.1640396118164,-0.19803033
152.75,-31.9521617889404,-0.20830411
152.75,-25.1510314941406,0.03686568
152.75,-9.21007823944092,-0.28393396
152.75,-8.71618556976318,-0.29741862
152.75,-4.74456834793091,-0.30372557
152.75,-3.74732565879822,-0.23035826
152.186859130859,46.8393974304199,-0.06572664
152.155258178711,47.1838722229004,-0.06708617
149.68017578125,59.6202125549316,-0.0509969
140.360427856445,72.548583984375,-0.05768764
135.461730957031,75.4480590820312,-0.09690228
135.216705322266,75.5647125244141,-0.09295348
152.999740600586,-68.509765625,-0.1031627
153,-31.7397956848145,-0.18230459
153,-31.5269393920898,-0.19453265
153,-31.3135986328125,-0.20525861
153,-25.1510314941406,-0.01667293
153,-24.924524307251,-0.06458688
153,-11.4235544204712,-0.1559426
153,-11.1784019470215,-0.25777649
153,-8.96321582794189,-0.27330192
153,-4.74456834793091,-0.3228668
153,-3.99675464630127,-0.23558696
152.427124023438,47.0227012634277,-0.06873334
149.962051391602,59.645191192627,-0.05096922
140.738021850586,72.5947570800781,-0.05136558
140.567977905273,72.7192306518555,-0.05512682
139.680236816406,73.3376922607422,-0.06418389
136.58869934082,75.1492919921875,-0.09893267
136.120880126953,75.38525390625,-0.09742947
135.391403198242,75.7364349365234,-0.09134081
153.249740600586,-68.5097961425781,-0.10161117
153.25,-31.0997734069824,-0.16740064
153.25,-30.8854637145996,-0.16825127
153.25,-30.67067527771,-0.17210357
153.25,-30.4554080963135,-0.17033408
153.25,-30.2396640777588,-0.17177526
153.25,-30.0234451293945,-0.16238315
153.25,-27.392578125,-0.09389025
153.25,-27.1703872680664,-0.11317002
153.25,-26.94775390625,-0.13036696
153.25,-26.7246780395508,-0.12731331
153.25,-26.5011653900146,-0.11314928
153.25,-26.2772159576416,-0.09416756
153.25,-26.0528354644775,-0.08690791
153.25,-25.8280220031738,-0.07492503
153.25,-25.602783203125,-0.06170019
153.25,-24.6975994110107,-0.13024719
153.25,-11.6684951782227,-0.06274161
153.25,-10.9330415725708,-0.23027462
153.25,-4.49538087844849,-0.28608233
153.25,-4.24610805511475,-0.25848572
153.25,5.49157285690308,-0.17693945
150.293472290039,59.5241203308105,-0.05752701
140.778060913086,72.8896560668945,-0.07440323
140.250564575195,73.2616882324219,-0.0758067
139.885925292969,73.5083694458008,-0.06323533
137.891525268555,74.7244567871094,-0.10237408
137.675064086914,74.844367980957,-0.09905351
137.455276489258,74.9639434814453,-0.09609379
137.232086181641,75.0831832885742,-0.08880546
136.775253295898,75.3206329345703,-0.09622141
136.30403137207,75.5566635131836,-0.10146359
136.062835693359,75.6741333007812,-0.09972584
153.499801635742,-68.4189834594727,-0.11027969
153.5,-29.806755065918,-0.14455237
153.5,-29.5895938873291,-0.1360693
153.5,-29.3719635009766,-0.13636198
153.5,-29.1538677215576,-0.13630348
153.5,-28.056468963623,-0.18961119
153.5,-27.8356227874756,-0.17871122
153.5,-27.6143245697021,-0.17193971
153.5,-25.3771171569824,-0.12704571
153.5,-25.1510314941406,-0.1493097
153.5,-24.924524307251,-0.13775152
153.5,-11.6684951782227,-0.05016552
153.5,-11.1784019470215,-0.12565044
153.5,5.24266910552979,-0.16651413
153.5,5.74037265777588,-0.22856826
152.87548828125,47.7315940856934,-0.0621376
150.623474121094,59.4021301269531,-0.07300449
141.162338256836,72.9352569580078,-0.08239355
140.640029907227,73.3082275390625,-0.07817247
140.278900146484,73.555549621582,-0.05491636
138.514312744141,74.6544952392578,-0.10642536
136.964767456055,75.4917449951172,-0.09810646
136.72932434082,75.609977722168,-0.0989208
153.749862670898,-68.3277435302734,-0.12650861
153.75,-28.9353065490723,-0.14144403
153.75,-28.7162837982178,-0.14709175
153.75,-28.4968032836914,-0.15382749
153.75,-28.2768630981445,-0.16896513
153.75,-11.4235544204712,-0.03997508
153.75,5.49157285690308,-0.22094538
153.148376464844,47.5712966918945,-0.06833768
153.115753173828,47.9137344360352,-0.06457026
151.089691162109,58.8378448486328,-0.07868891
151.044372558594,58.9852333068848,-0.0823888
150.905044555664,59.4258232116699,-0.07926734
141.715728759766,72.8551177978516,-0.07702484
141.031295776367,73.3541564941406,-0.07737671
140.673782348633,73.6021194458008,-0.04213807
140.49104309082,73.725700378418,-0.05591668
140.117294311523,73.9720306396484,-0.08675147
139.926193237305,74.0947723388672,-0.09767097
139.132354736328,74.5828475952148,-0.08872507
136.920272827148,75.780876159668,-0.10239585
153.999862670898,-68.3277587890625,-0.12120422
153.388977050781,47.7537117004395,-0.06651368
151.413635253906,58.712718963623,-0.0645075
151.279251098633,59.155403137207,-0.10135153
151.186859130859,59.4492073059082,-0.03707401
142.264907836914,72.7735366821289,-0.09819824
141.597427368164,73.274787902832,-0.08820911
140.706085205078,73.8955917358398,-0.09806671
140.13850402832,74.2648162841797,-0.1226091
139.544555664062,74.6314697265625,-0.11634965
137.353210449219,75.8332290649414,-0.10364142
154.249801635742,-68.4190444946289,-0.10844086
151.69303894043,58.7349548339844,-0.07091147
151.56022644043,59.1781425476074,-0.09031576
151.46891784668,59.472282409668,-0.07553285
142.650695800781,72.8167343139648,-0.11017143
142.159149169922,73.1939315795898,-0.11193876
141.10856628418,73.9415435791016,-0.13081561
140.546890258789,74.3117599487305,-0.13854367
139.756958007812,74.801399230957,-0.09165755
137.552429199219,76.0035934448242,-0.10459752
154.499740600586,-68.5099105834961,-0.09081646
154.5,-5.74037265777588,-0.27178231
154.5,-5.49157285690308,-0.27779376
154.5,-5.24266910552979,-0.24341819
153.802780151367,48.7981071472168,-0.06698187
151.972671508789,58.756893157959,-0.06817811
151.841430664062,59.2005729675293,-0.09001078
151.796600341797,59.3479423522949,-0.0812914
143.195465087891,72.7328262329102,-0.11263057
142.716430664062,73.1116180419922,-0.1347483
141.513000488281,73.9868621826172,-0.12068092
141.330581665039,74.1108627319336,-0.15374031
141.145385742188,74.2345886230469,-0.15733475
140.375686645508,74.7267303466797,-0.12156191
137.993240356445,76.0549545288086,-0.10565168
154.74967956543,-68.6003646850586,-0.08721345
154.75,-6.23764181137085,-0.28706638
154.75,-5.98906373977661,-0.27640401
154.75,-4.99366569519043,-0.26722319
154.078002929688,48.6400108337402,-0.07273579
154.043350219727,48.9788398742676,-0.07344591
152.209823608398,58.9268569946289,-0.07048825
143.582611083984,72.774528503418,-0.11236588
143.109130859375,73.1541748046875,-0.1422919
141.919372558594,74.0315322875977,-0.15754035
140.794570922852,74.7733612060547,-0.12225989
138.201187133789,76.2247467041016,-0.11035412
154.999588012695,-68.6903915405273,-0.09171621
155,-6.48610210418701,-0.30294357
155,-5.49157285690308,-0.24036513
155,-5.24266910552979,-0.24237787
155,7.47867298126221,-0.11676794
154.318923950195,48.8209953308105,-0.07680141
152.49040222168,58.948356628418,-0.07124009
144.122756958008,72.6883316040039,-0.10854019
143.503463745117,73.1961059570312,-0.1442699
142.676254272461,73.8255157470703,-0.17743156
142.503265380859,73.9506607055664,-0.17846738
141.215637207031,74.8193206787109,-0.12066175
138.650115966797,76.2750778198242,-0.1056973
155.249359130859,-68.8691558837891,-0.07481985
155.249481201172,-68.7800064086914,-0.0962537
155.25,-6.73443984985352,-0.29785132
155.25,-5.74037265777588,-0.24102898
155.25,7.2307300567627,-0.12982151
155.25,7.72647523880005,-0.0899335
154.525009155273,49.3395919799805,-0.07718755
154.507064819336,49.507926940918,-0.07984267
152.812805175781,58.820915222168,-0.07259874
144.511093139648,72.7285308837891,-0.10804565
143.740829467773,73.3640594482422,-0.15304339
143.579849243164,73.4904708862305,-0.16280805
143.416473388672,73.6166458129883,-0.17109198
143.250625610352,73.7425842285156,-0.17726686
141.638900756836,74.8646087646484,-0.11461175
139.559783935547,76.0845108032227,-0.10673328
139.332763671875,76.2047653198242,-0.15131457
155.499221801758,-68.9579238891602,-0.08074311
155.5,-6.98265075683594,-0.27777018
155.5,-5.98906373977661,-0.24992991
155.5,7.47867298126221,-0.10436231
154.80126953125,49.1822357177734,-0.0984745
154.748092651367,49.6876983642578,-0.08417963
153.052185058594,58.9904479980469,-0.07031443
145.046447753906,72.6400756835938,-0.10009753
142.252349853516,74.785270690918,-0.1314221
140.661087036133,75.7687759399414,-0.07018113
140.447402954102,75.8903732299805,-0.09172051
140.230194091797,76.0116577148438,-0.10149782
155.749221801758,-68.9579772949219,-0.09160818
155.75,-6.98265075683594,-0.25842265
155.75,-6.23764181137085,-0.25772037
155.042709350586,49.3624839782715,-0.10699669
155.025207519531,49.531120300293,-0.0985786
154.952239990234,50.2017784118652,-0.08402839
153.333389282227,59.0110397338867,-0.077956
145.577377319336,72.5502700805664,-0.08371939
142.677581787109,74.828857421875,-0.13187334
140.894561767578,75.9370193481445,-0.07575534
155.999221801758,-68.9580307006836,-0.09421553
156,-6.73443984985352,-0.28685582
156,-6.48610210418701,-0.28303574
155.230773925781,50.0464897155762,-0.08005508
155.193572998047,50.3805770874023,-0.07902891
155.135498046875,50.8788681030273,-0.09179238
153.614791870117,59.0313262939453,-0.08233078
145.966232299805,72.5881042480469,-0.08409274
143.104873657227,74.8717498779297,-0.13134856
141.132278442383,76.1049346923828,-0.09577305
156.249221801758,-68.9580841064453,-0.10058805
156.25,-7.72647523880005,-0.27267703
156.25,-6.73443984985352,-0.30549119
155.490676879883,50.0581245422363,-0.06403653
155.453964233398,50.3925018310547,-0.0836287
155.416046142578,50.7253608703613,-0.09496108
155.376922607422,51.0567207336426,-0.10231834
153.896392822266,59.0513038635254,-0.08385049
146.625930786133,72.3666763305664,-0.05796713
146.492156982422,72.4961013793945,-0.07447084
143.534240722656,74.913948059082,-0.13281694
141.587265014648,76.1504669189453,-0.10305751
156.499221801758,-68.9581451416016,-0.10446783
156.5,-7.97413206100464,-0.25952845
156.5,-7.47867298126221,-0.30313837
156.5,-6.98265075683594,-0.30051686
156.5,-6.48610210418701,-0.24431898
155.750625610352,50.0695877075195,-0.06325139
155.695846557617,50.5710144042969,-0.09449732
155.657836914062,50.9034080505371,-0.10844853
154.178176879883,59.0709800720215,-0.08149166
147.013610839844,72.4027862548828,-0.05746555
143.965637207031,74.9554443359375,-0.13868047
142.45458984375,75.9495315551758,-0.09731114
142.251434326172,76.0725402832031,-0.10450366
156.749069213867,-69.0465240478516,-0.10929761
156.75,-7.97413206100464,-0.26691713
156.75,-7.72647523880005,-0.27988956
156.75,-7.2307300567627,-0.3000944
156.75,-6.48610210418701,-0.24478762
155.992904663086,50.2485504150391,-0.06103745
155.93798828125,50.7492599487305,-0.1057104
155.397186279297,54.6381721496582,-0.06814301
155.370422363281,54.7959518432617,-0.06260506
155.343276977539,54.9534072875977,-0.06125505
155.315780639648,55.110538482666,-0.06558631
155.287902832031,55.2673568725586,-0.07672294
154.460159301758,59.0903472900391,-0.07569117
154.342315673828,59.5373497009277,-0.04799956
154.30207824707,59.6858291625977,-0.05355503
154.261337280273,59.8340492248535,-0.05450274
147.402557373047,72.4382781982422,-0.06011004
144.399047851562,74.9962387084961,-0.14408209
143.106216430664,75.8692398071289,-0.08687245
156.999069213867,-69.0465850830078,-0.11731702
157,-8.22163867950439,-0.20069719
157,-7.72647523880005,-0.29563685
157,-7.47867298126221,-0.2986963
157,-6.73443984985352,-0.28396876
156.235443115234,50.4272422790527,-0.06940573
156.217391967773,50.5942840576172,-0.053528
156.180419921875,50.9272384643555,-0.12055054
155.955612182617,52.7322692871094,-0.12251919
155.933303833008,52.8942222595215,-0.12098943
155.910659790039,53.0558280944824,-0.1232163
155.8876953125,53.2170867919922,-0.12394738
155.864410400391,53.378002166748,-0.12054377
155.840774536133,53.53857421875,-0.11447314
155.816818237305,53.6988067626953,-0.10267986
155.792510986328,53.8587036132812,-0.08964818
155.767868041992,54.0182647705078,-0.07903564
155.742889404297,54.1774940490723,-0.06603295
155.717559814453,54.3363914489746,-0.0513516
155.691879272461,54.4949607849121,-0.03731246
155.530258178711,55.4395790100098,-0.08167416
155.502044677734,55.5959053039551,-0.07505345
155.473449707031,55.7519187927246,-0.07229581
155.444473266602,55.9076194763184,-0.06898837
154.742324829102,59.1094093322754,-0.07206695
154.626220703125,59.556827545166,-0.06779722
154.546417236328,59.8538055419922,-0.05477517
147.918823242188,72.3428344726562,-0.05655303
144.661163330078,75.162109375,-0.1472781
143.56037902832,75.9114990234375,-0.08504527
157.249069213867,-69.0466537475586,-0.12288282
157.25,-8.22163867950439,-0.21907685
157.25,-7.97413206100464,-0.28445631
157.25,-7.47867298126221,-0.29278137
157.25,-6.98265075683594,-0.29599053
156.460159301758,50.7724571228027,-0.09484303
156.404205322266,51.2706184387207,-0.1181876
156.384963989258,51.4359321594238,-0.11411891
156.365432739258,51.6008796691895,-0.10868666
156.345596313477,51.7654609680176,-0.10354545
156.325469970703,51.9296836853027,-0.10222128
156.305023193359,52.0935440063477,-0.1020423
156.284286499023,52.2570457458496,-0.098768
156.263229370117,52.4201889038086,-0.10025157
156.24186706543,52.5829811096191,-0.08499061
155.687530517578,56.0790405273438,-0.06156309
155.658218383789,56.2342643737793,-0.05612802
155.628540039062,56.3891868591309,-0.05847496
155.024688720703,59.1281585693359,-0.07091884
154.910308837891,59.5759887695312,-0.07489742
154.791702270508,60.021484375,-0.05195352
154.751190185547,60.1694717407227,-0.05145405
148.308288574219,72.3768539428711,-0.06059683
144.927749633789,75.3276062011719,-0.15258034
144.205108642578,75.8284454345703,-0.07912563
157.498886108398,-69.134635925293,-0.12311457
157.5,-8.46899127960205,-0.18395891
157.5,-7.97413206100464,-0.27206444
157.5,-7.2307300567627,-0.27499872
156.684844970703,51.1165390014648,-0.12628363
155.872314453125,56.5599746704102,-0.05903977
155.842315673828,56.714427947998,-0.06429044
155.270126342773,59.2962760925293,-0.08179525
155.23258972168,59.445686340332,-0.08012942
154.99755859375,60.336727142334,-0.04424179
148.819244384766,72.2793045043945,-0.06137529
145.198944091797,75.4927139282227,-0.11788392
144.843307495117,75.7437438964844,-0.07074503
157.748672485352,-69.2222137451172,-0.11412477
157.75,-8.71618556976318,-0.20328419
157.75,-7.97413206100464,-0.24236745
156.964721679688,50.9616394042969,-0.10879328
156.086822509766,56.8847541809082,-0.08144179
155.285125732422,60.3559112548828,-0.04280513
149.775939941406,71.6533584594727,-0.04695007
149.665740966797,71.7854156494141,-0.05889905
149.209045410156,72.3118667602539,-0.06798452
146.152374267578,75.1522216796875,-0.12954622
145.987121582031,75.2788848876953,-0.14355297
145.474945068359,75.6574249267578,-0.07468706
157.998687744141,-69.2222900390625,-0.11792835
158,-8.96321582794189,-0.18906061
158,-8.22163867950439,-0.26971146
158,6.98265075683594,-0.16725898
157.208419799805,51.1391944885254,-0.10896364
156.332015991211,57.0547714233398,-0.0787361
155.533340454102,60.522647857666,-0.04398644
150.263885498047,71.5518569946289,-0.038434
150.048782348633,71.8165435791016,-0.0616512
149.714584350586,72.2122497558594,-0.07913662
146.912704467773,74.9348373413086,-0.1135
146.75537109375,75.0622329711914,-0.10776475
146.267883300781,75.4430389404297,-0.14686126
158.248687744141,-69.2223739624023,-0.1229085
158.25,-8.71618556976318,-0.25191133
158.25,-8.46899127960205,-0.29938696
158.25,6.73443984985352,-0.1779483
158.25,7.2307300567627,-0.1185669
157.452453613281,51.3164558410645,-0.1149578
156.607635498047,57.0705261230469,-0.06465743
156.577911376953,57.224479675293,-0.06266867
155.821960449219,60.5412940979004,-0.04442648
150.747573852539,71.4492034912109,-0.030027
150.324981689453,71.9793319702148,-0.08126896
150.215560913086,72.1114349365234,-0.0668756
147.504318237305,74.8428726196289,-0.11261234
146.553604125977,75.6067733764648,-0.07292922
158.498443603516,-69.3095550537109,-0.11622576
158.5,-7.72647523880005,-0.1595608
158.5,6.98265075683594,-0.13193592
157.696807861328,51.4934158325195,-0.11663179
156.824523925781,57.3938674926758,-0.05018781
156.794540405273,57.5473594665527,-0.04981423
156.764190673828,57.700569152832,-0.05800064
156.072082519531,60.7074928283691,-0.04993625
156.032913208008,60.8551330566406,-0.05028758
151.126876831055,71.4785537719727,-0.03330585
148.089828491211,74.7494506835938,-0.11666521
147.171142578125,75.5162582397461,-0.08770261
158.748458862305,-69.3096466064453,-0.1243325
158.75,-7.97413206100464,-0.20670738
158.75,-7.47867298126221,-0.14066389
157.941528320312,51.6700706481934,-0.12039446
157.011825561523,57.8693008422852,-0.0658203
156.284317016602,61.0208702087402,-0.0391654
151.605361938477,71.3739776611328,-0.03058969
148.669250488281,74.6546020507812,-0.12138431
147.625640869141,75.5517349243164,-0.0479535
158.997894287109,-69.4827117919922,-0.11160266
158.998184204102,-69.3964385986328,-0.13456709
159,-8.22163867950439,-0.27253789
159,-7.72647523880005,-0.17059003
158.186630249023,51.8464088439941,-0.12915517
157.290344238281,57.8848190307617,-0.06937726
156.536849975586,61.1862564086914,-0.03068281
152.357086181641,70.8663330078125,-0.00803557
152.265853881836,71.0004806518555,-0.0140919
152.173370361328,71.1344604492188,-0.02028458
152.079605102539,71.2682876586914,-0.02696121
149.105499267578,74.6875762939453,-0.11945628
148.235427856445,75.4586715698242,-0.0332307
159.24755859375,-69.5686798095703,-0.11073289
159.25,-8.46899127960205,-0.27394483
159.25,-7.72647523880005,-0.20837739
159.25,-5.49157285690308,-0.27113657
159.25,-5.24266910552979,-0.26454024
158.432098388672,52.0224342346191,-0.13959122
158.414077758789,52.1873054504395,-0.13677065
157.568984985352,57.9000549316406,-0.07027563
156.790542602539,61.3512916564941,-0.0229231
156.75163269043,61.4983253479004,-0.01792702
152.729721069336,70.8930358886719,-0.00826646
149.54328918457,74.7198257446289,-0.09297407
148.838485717773,75.3641204833984,-0.02217393
159.497573852539,-69.5688018798828,-0.14346953
159.5,-9.70328140258789,-0.1844203
159.5,-9.45676803588867,-0.19306944
159.5,-8.46899127960205,-0.27257491
159.5,-7.97413206100464,-0.2808759
159.5,-5.74037265777588,-0.28223665
159.5,-4.99366569519043,-0.26244969
158.660003662109,52.3627662658691,-0.15853835
158.64176940918,52.5270347595215,-0.16844012
158.623260498047,52.6909523010254,-0.1619698
158.6044921875,52.8545188903809,-0.14206133
157.818740844727,58.0681037902832,-0.06982894
157.04541015625,61.5159645080566,-0.01755714
153.103134155273,70.9191589355469,0.01086551
149.982574462891,74.7513427734375,-0.11401275
149.434860229492,75.2681121826172,-0.0106489
159.747207641602,-69.6543807983398,-0.16177589
159.75,-9.94961357116699,-0.1891578
159.75,-9.21007823944092,-0.22525968
159.75,-8.71618556976318,-0.25753686
159.75,-7.97413206100464,-0.26468852
159.75,-5.49157285690308,-0.27156364
159.75,-5.24266910552979,-0.26860836
158.869720458984,52.8656044006348,-0.1694714
158.098175048828,58.0828704833984,-0.06640376
157.301498413086,61.6802711486816,-0.01430102
153.477294921875,70.944694519043,-0.02672164
150.423355102539,74.7821273803711,-0.11099023
149.887344360352,75.2997894287109,-0.01264445
148.217483520508,76.7063217163086,-0.12712147
159.997207641602,-69.6545181274414,-0.18086162
160,-11.6684951782227,-0.11270659
160,-9.94961357116699,-0.18243434
160,-9.21007823944092,-0.22942176
160,-8.46899127960205,-0.23469206
160,-8.22163867950439,-0.26020293
159.116653442383,53.0399208068848,-0.15777634
158.34944152832,58.2503852844238,-0.06066038
157.596420288086,61.6973075866699,-0.01341407
153.852188110352,70.9696350097656,-0.01712114
150.737655639648,74.9420928955078,-0.08903435
150.475631713867,75.2013626098633,-0.01756273
148.86979675293,76.6129150390625,-0.11307475
148.54411315918,76.8667449951172,-0.14234737
160.246368408203,-69.824348449707,-0.19696222
160.246810913086,-69.7397155761719,-0.19467367
160.25,-11.9132204055786,-0.07477277
160.25,-11.4235544204712,-0.10855297
160.25,-9.94961357116699,-0.17805757
160.25,-9.21007823944092,-0.21479637
159.382339477539,53.0507011413574,-0.1745891
158.629653930664,58.2646713256836,-0.05772415
157.891540527344,61.7139854431152,-0.0152967
154.227798461914,70.9939880371094,-0.02016384
151.057235717773,75.1015396118164,-0.04148924
149.201370239258,76.7727355957031,-0.12867017
160.495346069336,-69.9925384521484,-0.20705762
160.495880126953,-69.9087371826172,-0.20434593
160.5,-11.6684951782227,-0.08998692
160.5,-9.94961357116699,-0.17984346
160.5,-9.45676803588867,-0.20796477
160.5,-8.71618556976318,-0.2288366
160.5,-8.46899127960205,-0.2521697
159.648086547852,53.0612678527832,-0.17950986
158.882461547852,58.4316329956055,-0.05562098
158.186828613281,61.7303047180176,-0.01869216
154.604110717773,71.0177459716797,-0.02325191
160.744766235352,-70.0761337280273,-0.20724716
160.75,-9.70328140258789,-0.18268962
160.75,-9.21007823944092,-0.21767037
160.75,-8.96321582794189,-0.23260696
160.75,-8.22163867950439,-0.25182792
159.913879394531,53.0716247558594,-0.18440011
159.841979980469,53.7231788635254,-0.18371195
159.823379516602,53.8852119445801,-0.19057194
159.136184692383,58.598217010498,-0.0487311
158.482315063477,61.746265411377,-0.0197984
154.981109619141,71.0409088134766,-0.02813843
160.994140625,-70.1593322753906,-0.2033855
161,-9.45676803588867,-0.18362075
161,-8.71618556976318,-0.24034881
161,-8.46899127960205,-0.24409245
160.162475585938,53.2452774047852,-0.2001744
160.144989013672,53.4084358215332,-0.20470682
160.127243041992,53.5712509155273,-0.20955122
160.072540283203,54.0576515197754,-0.21338019
159.390838623047,58.7644195556641,-0.04003652
158.777969360352,61.7618637084961,-0.01532896
155.358764648438,71.0634689331055,-0.03299324
161.244155883789,-70.1595611572266,-0.20994623
161.25,-10.4417161941528,-0.13993806
161.25,-9.70328140258789,-0.16109412
161.25,-8.96321582794189,-0.22124614
160.322265625,54.2297286987305,-0.22540923
159.646453857422,58.930233001709,-0.03393312
159.619369506836,59.082389831543,-0.02775499
159.073791503906,61.7771034240723,-0.0210833
155.737060546875,71.0854339599609,-0.03885844
161.494171142578,-70.1597900390625,-0.20988648
161.5,-10.687479019165,-0.1245982
161.5,-10.1957597732544,-0.13872193
161.5,-9.94961357116699,-0.15992692
161.5,-9.45676803588867,-0.19061949
161.5,-9.21007823944092,-0.20297065
160.572570800781,54.4014358520508,-0.22625553
159.876251220703,59.247631072998,-0.02604847
159.369766235352,61.7919807434082,-0.01995803
156.115982055664,71.106803894043,-0.05364853
161.744186401367,-70.1600189208984,-0.2098793
161.75,-10.9330415725708,-0.10606012
161.75,-10.1957597732544,-0.13804654
161.75,-9.70328140258789,-0.16688607
160.841537475586,54.4116897583008,-0.22842911
160.134140014648,59.412467956543,-0.02603336
159.821548461914,61.0651626586914,-0.01895195
159.791122436523,61.2139091491699,-0.02789942
159.760360717773,61.3624114990234,-0.02775453
159.69775390625,61.6587066650391,-0.02622413
156.495498657227,71.127571105957,-0.05311914
161.994186401367,-70.1602478027344,-0.20334701
162,-10.9330415725708,-0.11545843
162,-10.1957597732544,-0.15075722
162,11.4235544204712,-0.07994268
162,11.6684951782227,-0.09800765
161.110549926758,54.4217109680176,-0.22925918
160.41926574707,59.4252815246582,-0.03040469
160.172470092773,60.7805099487305,-0.0360547
160.143447875977,60.9298286437988,-0.03544584
160.024002075195,61.5246658325195,-0.02588033
159.993270874023,61.6727752685547,-0.02341166
156.875610351562,71.1477279663086,-0.0605816
162.243515014648,-70.2431411743164,-0.16123063
162.25,-66.3131942749023,-0.16158201
162.25,-66.2125549316406,-0.15979878
162.25,-10.9330415725708,-0.12639689
162.25,-10.4417161941528,-0.14498779
162.25,11.1784019470215,-0.08210679
162.25,11.9132204055786,-0.10642891
161.379623413086,54.4314994812012,-0.2236134
160.678955078125,59.5894737243652,-0.02351072
160.49169921875,60.6440925598145,-0.0357422
157.256271362305,71.1672897338867,-0.06768636
162.493530273438,-70.2433853149414,-0.16434756
162.5,-66.4134292602539,-0.16805212
162.5,-66.1115188598633,-0.15149087
162.5,-10.687479019165,-0.13960736
162.5,11.4235544204712,-0.08365835
162.5,11.6684951782227,-0.08801492
161.648742675781,54.4410591125488,-0.21310801
160.939712524414,59.753246307373,-0.02439837
160.782348632812,60.6569023132324,-0.03108423
157.637481689453,71.1862411499023,-0.07478719
162.137557983398,-75.8015518188477,-0.17605431
162.155792236328,-75.7475509643555,-0.17567495
162.173645019531,-75.6932907104492,-0.17510553
162.743560791016,-70.2436294555664,-0.17323212
162.75,-66.6126937866211,-0.16374624
162.75,-66.3131942749023,-0.15734912
162.75,-66.2125549316406,-0.1496571
161.917922973633,54.4503860473633,-0.20016176
161.850769042969,55.0940818786621,-0.17999693
161.833435058594,55.2541885375977,-0.1786078
161.815872192383,55.4139747619629,-0.179437
161.798095703125,55.5734367370605,-0.18020484
161.201583862305,59.9165916442871,-0.02635952
161.046539306641,60.8191719055176,-0.04246518
158.080764770508,71.0683441162109,-0.08459727
162.115859985352,-76.4882888793945,-0.17484742
162.139312744141,-76.4372177124023,-0.17477251
162.162338256836,-76.3859405517578,-0.17465153
162.184936523438,-76.3344268798828,-0.17435733
162.207122802734,-76.2826995849609,-0.17426887
162.228881835938,-76.2307434082031,-0.17476843
162.250228881836,-76.1785583496094,-0.17525506
162.271179199219,-76.1261444091797,-0.17557595
162.291717529297,-76.0734939575195,-0.17603292
162.311874389648,-76.0206146240234,-0.17632743
162.331619262695,-75.9674911499023,-0.17658515
162.350982666016,-75.9141311645508,-0.17714066
162.36994934082,-75.8605270385742,-0.17699385
162.442047119141,-75.6436309814453,-0.17659141
162.459136962891,-75.5887832641602,-0.17675342
162.475875854492,-75.5336685180664,-0.17689115
162.492248535156,-75.4783020019531,-0.17720495
162.508270263672,-75.4226684570312,-0.17761743
162.523941040039,-75.3667755126953,-0.17826341
162.539276123047,-75.3106155395508,-0.17861154
162.554260253906,-75.2541809082031,-0.17913312
162.992034912109,-70.408073425293,-0.18001964
162.992828369141,-70.3261795043945,-0.1766036
163,-66.7117309570312,-0.16972562
163,-66.5132598876953,-0.15785058
162.171081542969,54.6209754943848,-0.19745671
162.154815673828,54.7821464538574,-0.19492516
162.138336181641,54.9429817199707,-0.18505455
162.052703857422,55.7423057556152,-0.18088302
162.034912109375,55.9012107849121,-0.17458412
161.464599609375,60.0794982910156,-0.02906145
161.311981201172,60.9809989929199,-0.04218071
158.460998535156,71.0859909057617,-0.08561033
162.367218017578,-76.4946060180664,-0.17623509
162.805053710938,-75.2583999633789,-0.17897618
163.240264892578,-70.5709533691406,-0.1861764
163.241195678711,-70.489860534668,-0.18536375
163.25,-66.6126937866211,-0.16269405
162.290496826172,56.0694236755371,-0.16896586
162.272735595703,56.2277755737305,-0.18975546
162.0625,57.9495964050293,-0.16149057
162.0419921875,58.1043548583984,-0.16449578
161.728775024414,60.2419624328613,-0.02579783
161.704452514648,60.3926620483398,-0.02418906
161.578689575195,61.1423759460449,-0.04092195
158.898529052734,70.9664764404297,-0.09178952
162.618621826172,-76.5009078979492,-0.17306469
163.055892944336,-75.2626037597656,-0.17918403
163.490295410156,-70.5712814331055,-0.18508313
163.4912109375,-70.4901657104492,-0.18437051
162.564147949219,56.0787925720215,-0.16707417
162.546844482422,56.2372169494629,-0.17355541
162.361968994141,57.8046989440918,-0.16060693
162.302124023438,58.2691917419434,-0.16179794
162.281707763672,58.4234504699707,-0.15320241
161.970230102539,60.5544891357422,-0.03271907
161.846694946289,61.3032989501953,-0.04397207
159.331848144531,70.8460540771484,-0.0971556
162.870101928711,-76.5071868896484,-0.17464031
163.306762695312,-75.2667999267578,-0.17971245
163.363082885742,-75.0373229980469,-0.18335194
163.376342773438,-74.9792556762695,-0.18413676
163.389297485352,-74.9209136962891,-0.18220607
163.401931762695,-74.8622817993164,-0.18847677
163.414260864258,-74.8033676147461,-0.19124816
163.42626953125,-74.7441558837891,-0.18708081
163.43798828125,-74.6846542358398,-0.189662
163.742095947266,-70.4089202880859,-0.17992057
162.854461669922,55.9290885925293,-0.17091278
162.6220703125,57.9697494506836,-0.16828763
162.543167114258,58.5876312255859,-0.15476904
162.260696411133,60.5655364990234,-0.02980412
162.116027832031,61.4637565612793,-0.03948408
160.104995727539,69.7617416381836,-0.07481935
160.057601928711,69.8997497558594,-0.07754095
160.009628295898,70.0376129150391,-0.08112417
159.961090087891,70.1753234863281,-0.09506317
159.761016845703,70.724739074707,-0.0981879
163.121643066406,-76.5134353637695,-0.17365884
163.557662963867,-75.2709732055664,-0.17972829
163.613876342773,-75.0411605834961,-0.18694695
163.688659667969,-74.6880187988281,-0.18765098
163.992126464844,-70.4092025756836,-0.17863805
164,-20.5450229644775,0.0121023
163.127731323242,55.937873840332,-0.16855427
163.02783203125,56.8864669799805,-0.16028817
163.010482788086,57.0434913635254,-0.16007893
162.992919921875,57.2002143859863,-0.15987341
162.975143432617,57.3566398620605,-0.17014826
162.901962280273,57.9793930053711,-0.18267484
162.805633544922,58.7513618469238,-0.16730738
162.528518676758,60.7266311645508,-0.02672324
162.386734008789,61.6237411499023,-0.03777594
160.468215942383,69.7762908935547,-0.07590421
160.282363891602,70.3277053833008,-0.08758037
160.234512329102,70.4651947021484,-0.09078691
160.186080932617,70.6025466918945,-0.09438662
163.373245239258,-76.5196685791016,-0.17394114
163.808578491211,-75.2751312255859,-0.18029324
163.864715576172,-75.0449905395508,-0.18737874
163.950729370117,-74.6314239501953,-0.17780801
163.961822509766,-74.571174621582,-0.19149363
163.972610473633,-74.510627746582,-0.19809597
164.242141723633,-70.4094772338867,-0.18352456
164.25,-20.7789421081543,0.01941988
164.25,-20.3107452392578,0.04438759
163.385375976562,56.1053428649902,-0.1628516
163.369491577148,56.2639694213867,-0.1625862
163.353424072266,56.4222831726074,-0.16012709
163.337173461914,56.5802879333496,-0.15730385
163.320709228516,56.7379875183105,-0.15798771
163.235473632812,57.5219345092773,-0.16543573
163.217819213867,57.6778297424316,-0.18653774
163.199966430664,57.8334350585938,-0.18564794
163.069152832031,58.9146347045898,-0.15368442
163.049606323242,59.0679702758789,-0.14474078
162.819869995117,60.7370643615723,-0.01998553
162.682571411133,61.634521484375,-0.03452584
160.96044921875,69.375,-0.07335465
160.918045043945,69.5135726928711,-0.07510875
160.875152587891,69.6520004272461,-0.07618383
163.624923706055,-76.5258712768555,-0.17462171
164.044708251953,-75.3362197875977,-0.1830593
164.115570068359,-75.0488052368164,-0.18715147
164.223251342773,-74.5137405395508,-0.19179043
164.492172241211,-70.4097595214844,-0.15716974
164.5,-67.4875259399414,-0.19567679
164.5,-67.3920974731445,-0.18935103
164.5,-67.296272277832,-0.1936545
164.5,-21.0124988555908,0.01374716
164.5,-20.3107452392578,0.01432898
163.389877319336,58.6164283752441,-0.17226924
163.314575195312,59.2305641174316,-0.10345277
163.295227050781,59.3834114074707,-0.08085226
163.275665283203,59.5359878540039,-0.06653436
163.089767456055,60.897403717041,-0.01618314
163.001235961914,61.4959182739258,-0.02773672
161.319152832031,69.3882522583008,-0.07207412
163.876663208008,-76.5320510864258,-0.17492264
164.295715332031,-75.3404388427734,-0.18256108
164.366455078125,-75.0526123046875,-0.18567998
164.484390258789,-74.4558410644531,-0.19679419
164.494583129883,-74.3945465087891,-0.19082771
164.741348266602,-70.4916687011719,-0.19920332
164.75,-67.5825576782227,-0.20474683
164.75,-67.2000579833984,-0.18935189
164.75,-21.2456912994385,0.00666209
164.75,-20.5450229644775,0.01520572
163.689956665039,58.4711418151855,-0.18556627
163.654327392578,58.7794303894043,-0.14934774
163.636215209961,58.9331588745117,-0.12345998
163.542617797852,59.697681427002,-0.05277011
163.52326965332,59.849781036377,-0.02785823
163.38200378418,60.9072074890137,-0.01579444
163.360961914062,61.0572547912598,-0.01242326
163.274536132812,61.6550025939941,-0.02750253
163.252349853516,61.803840637207,-0.01935516
163.229949951172,61.9524383544922,-0.01093271
163.207305908203,62.1008033752441,-0.00688945
163.184417724609,62.2489356994629,-0.0085094
161.639083862305,69.5396423339844,-0.07213537
164.128463745117,-76.5382080078125,-0.17500026
164.546768188477,-75.3446350097656,-0.18207312
164.603897094727,-75.1145858764648,-0.18224059
164.745223999023,-74.3974838256836,-0.19659614
164.792007446289,-74.0860290527344,-0.20302196
164.800567626953,-74.0227966308594,-0.20294985
164.808898925781,-73.9592514038086,-0.20273233
164.991363525391,-70.4919662475586,-0.20038634
165,-67.4875259399414,-0.2015903
165,-67.3920974731445,-0.19649217
165,-67.296272277832,-0.19410028
165,-21.478515625,0.01085928
165,-20.5450229644775,-0.00421656
165,11.6684951782227,-0.10974103
163.954650878906,58.6341247558594,-0.186342
163.902130126953,59.0954627990723,-0.07961857
163.81071472168,59.8588943481445,-0.03598008
163.633499145508,61.2166175842285,-0.00882969
163.591796875,61.5155868530273,-0.01717286
163.57063293457,61.6647109985352,-0.01976491
163.461456298828,62.4067802429199,-0.00833095
163.438949584961,62.554500579834,-0.0047078
161.962219238281,69.6904296875,-0.07433937
164.380325317383,-76.5443344116211,-0.15734577
164.812606811523,-75.2916259765625,-0.18265267
164.827011108398,-75.2341613769531,-0.18323232
164.841094970703,-75.1764373779297,-0.18321376
165.005737304688,-74.3386688232422,-0.19295036
165.015335083008,-74.2766189575195,-0.19168513
165.024673461914,-74.2142562866211,-0.19233341
165.033737182617,-74.1515884399414,-0.1931362
165.067459106445,-73.8977508544922,-0.19784375
165.241394042969,-70.4922561645508,-0.20910217
165.25,-21.7109680175781,0.01333668
165.25,-20.7789421081543,0.02089086
165.25,11.4235544204712,-0.09421453
165.25,11.9132204055786,-0.10276611
164.220397949219,58.796630859375,-0.20062212
164.169143676758,59.2572860717773,-0.09569288
164.098205566406,59.8676834106445,-0.04401168
163.927368164062,61.225830078125,-0.00429931
163.907379150391,61.3754844665527,-0.00335413
163.846206665039,61.8229866027832,-0.0127286
163.825393676758,61.9716796875,-0.00684492
163.804382324219,62.1201362609863,-0.00542862
163.740036010742,62.5641174316406,-0.00466859
162.325073242188,69.7021255493164,-0.07474716
164.632247924805,-76.5504379272461,-0.17689955
165.317962646484,-73.9001159667969,-0.19420991
165.491424560547,-70.4925537109375,-0.21650834
165.5,-21.9430446624756,0.00317224
165.5,-21.0124988555908,0.01248782
165.5,8.96321582794189,-0.08726297
165.5,11.4235544204712,-0.08540994
165.5,11.9132204055786,-0.10194399
164.503509521484,58.8047752380371,-0.18088225
164.4541015625,59.265567779541,-0.12894449
164.368225097656,60.0281295776367,-0.01966848
164.082626342773,62.277515411377,-0.00475025
164.041198730469,62.573356628418,-0.01056457
162.688140869141,69.713264465332,-0.07654848
164.884246826172,-76.556510925293,-0.17752737
165.568481445312,-73.902473449707,-0.19748533
165.74055480957,-70.5741577148438,-0.22624638
165.75,-50.8549728393555,-0.15684884
165.75,-50.6968841552734,-0.15089758
165.75,-21.9430446624756,-0.00276665
165.75,-21.2456912994385,0.00673388
165.75,-10.687479019165,-0.1796018
165.75,8.71618556976318,-0.07876122
165.75,9.21007823944092,-0.0941243
165.75,11.6684951782227,-0.09219759
164.770965576172,58.9665336608887,-0.18158623
164.755126953125,59.120174407959,-0.1676139
164.673370361328,59.8842964172363,-0.08921149
164.362396240234,62.4343795776367,-0.00556652
164.342437744141,62.5822219848633,0.02809509
163.051406860352,69.7238464355469,-0.07969955
165.136306762695,-76.5625610351562,-0.17791856
165.826751708984,-73.8403625488281,-0.19717172
165.834274291992,-73.7755889892578,-0.19509542
165.841552734375,-73.7104873657227,-0.19497531
165.990585327148,-70.5744781494141,-0.23013097
166,-51.0125274658203,-0.15629916
166,-50.5382614135742,-0.14218367
166,-22.1747455596924,-0.00850757
166,-21.478515625,0.0027648
166,-10.9330415725708,-0.16326601
166,-10.4417161941528,-0.15854176
166,8.96321582794189,-0.08647435
164.97705078125,59.7397918701172,-0.16720561
164.662857055664,62.4428329467773,-0.00106506
164.643737792969,62.5907096862793,0.00115714
163.41487121582,69.7338714599609,-0.08225987
165.388427734375,-76.5685882568359,-0.17791695
166.099075317383,-73.6471405029297,-0.19557256
166.240615844727,-70.5747909545898,-0.23210481
166.25,-50.8549728393555,-0.17545287
166.25,-50.6968841552734,-0.17395376
166.25,-45.8777732849121,-0.18767835
166.25,-22.406063079834,-0.01425894
166.25,-22.1747455596924,-0.01245536
166.25,-21.478515625,-0.02462067
166.25,-20.5450229644775,-0.03729546
166.25,-14.8315315246582,0.00971914
166.25,-14.5897264480591,-0.001
166.25,-10.687479019165,-0.13187364
165.646560668945,55.2037696838379,-0.15030362
165.24870300293,59.8996162414551,-0.16250517
165.233200073242,60.0517158508301,-0.13156923
164.963363647461,62.4509162902832,0.00279971
163.77848815918,69.7433395385742,-0.08252906
165.640609741211,-76.5745849609375,-0.17768516
166.349533081055,-73.6492156982422,-0.19804788
166.490646362305,-70.5751037597656,-0.23081609
166.5,-46.0515480041504,-0.18436972
166.5,-45.7034530639648,-0.18782573
166.5,-45.5285873413086,-0.1985692
166.5,-22.6369972229004,-0.01271187
166.5,-21.7109680175781,-0.02997287
166.5,-20.7789421081543,-0.04874069
166.5,-20.3107452392578,-0.0262082
166.5,-15.5553112030029,0.01142696
166.5,-15.3143272399902,0.0131361
166.5,-15.0730667114258,0.00746455
166.5,-14.3476552963257,-0.02276679
166.5,11.1784019470215,-0.10533153
166.5,11.4235544204712,-0.09800196
165.928604125977,55.0484352111816,-0.14101521
165.907089233398,55.3708114624023,-0.16639985
165.506607055664,60.2107925415039,-0.13481486
164.142242431641,69.7522430419922,-0.08282168
165.892868041992,-76.5805511474609,-0.17877113
166.606781005859,-73.5853424072266,-0.19741248
166.740676879883,-70.5754165649414,-0.22816477
166.75,-46.2247772216797,-0.207692
166.75,-45.3531761169434,-0.20904441
166.75,-22.8675422668457,-0.00835382
166.75,-21.9430446624756,-0.03454757
166.75,-20.5450229644775,-0.03007735
166.75,-15.7960119247437,0.01283718
166.75,-14.5897264480591,-0.03449733
166.75,10.9330415725708,-0.12735742
166.75,11.6684951782227,-0.08985039
166.219711303711,54.7303886413574,-0.12920733
166.209686279297,54.8924446105957,-0.13362145
166.178894042969,55.3766250610352,-0.16394066
165.79573059082,60.2177124023438,-0.14610423
164.531723022461,69.6218109130859,-0.08307663
166.145172119141,-76.5864944458008,-0.17262165
166.863784790039,-73.5210037231445,-0.19646218
166.870101928711,-73.454345703125,-0.19653122
166.989761352539,-70.6567459106445,-0.22735588
167,-46.3974609375,-0.20703347
167,-45.1772193908691,-0.19534518
167,-45.0007171630859,-0.20887571
167,-23.0976982116699,-0.00838345
167,-22.6369972229004,-0.04572352
167,-22.406063079834,-0.04742224
167,-22.1747455596924,-0.03846826
167,-21.0124988555908,-0.04554504
167,-16.0364284515381,0.01218007
167,-15.7960119247437,0.00677885
167,-14.8315315246582,-0.01440374
167,9.21007823944092,-0.11070378
167,11.1784019470215,-0.09597667
167,11.6684951782227,-0.09174821
166.499298095703,54.573371887207,-0.12434462
166.470474243164,55.0596656799316,-0.13649289
166.460647583008,55.2210960388184,-0.16756979
166.11198425293,59.9201850891113,-0.16436633
166.098495483398,60.0723724365234,-0.15344227
166.084884643555,60.2243003845215,-0.14206516
166.071136474609,60.3759651184082,-0.12537796
164.893981933594,69.6295928955078,-0.08022319
166.397552490234,-76.5924072265625,-0.14944713
167.120544433594,-73.4562149047852,-0.19745563
167.239807128906,-70.6570739746094,-0.2278752
167.25,-46.3974609375,-0.22739949
167.25,-44.8236694335938,-0.21907858
167.25,-22.8675422668457,0.02236586
167.25,-21.2456912994385,-0.04466886
167.25,-20.7789421081543,-0.0200194
167.25,-16.5163860321045,0.00906263
167.25,-16.276554107666,0.01359879
167.25,-15.7960119247437,-0.00838623
167.25,-15.5553112030029,2.56e-06
167.25,-15.3143272399902,-0.00867915
167.25,-15.0730667114258,-0.02265323
167.25,-13.8627319335938,-0.06824607
167.25,8.96321582794189,-0.09950844
167.25,9.45676803588867,-0.12102008
167.25,11.4235544204712,-0.10277965
166.759902954102,54.7409858703613,-0.10268092
166.750717163086,54.9031181335449,-0.10422832
166.412490844727,59.7739143371582,-0.16692979
165.256332397461,69.6368179321289,-0.07914609
166.649993896484,-76.5982971191406,-0.16988403
167.377059936523,-73.3909759521484,-0.19290558
167.489837646484,-70.6574020385742,-0.22418665
167.5,-47.0827598571777,-0.20637743
167.5,-46.9122505187988,-0.21115958
167.5,-46.3974609375,-0.22399766
167.5,-44.6460762023926,-0.23798608
167.5,-21.0124988555908,-0.02290988
167.5,-16.7559223175049,-0.00997148
167.5,-16.0364284515381,0.00294688
167.5,-14.1053228378296,-0.05861577
167.5,-13.6198883056641,-0.05922396
167.5,8.96321582794189,-0.10743597
167.5,9.45676803588867,-0.12871806
167.5,11.1784019470215,-0.10002081
167.5,11.6684951782227,-0.12295552
166.687637329102,59.9322853088379,-0.17076968
165.618759155273,69.6434936523438,-0.07870801
166.902496337891,-76.6041564941406,-0.16995853
167.633331298828,-73.3252716064453,-0.1925024
167.738876342773,-70.7384262084961,-0.2121353
167.75,-47.2527198791504,-0.17577109
167.75,-46.7411994934082,-0.19597881
167.75,-46.3974609375,-0.215419
167.75,-44.4679374694824,-0.22971391
167.75,-21.478515625,-0.03033957
167.75,-16.7559223175049,-0.01026669
167.75,-16.0364284515381,0.01196756
167.75,-13.8627319335938,-0.04757213
167.75,8.71618556976318,-0.1138774
167.75,9.21007823944092,-0.12964014
167.75,11.4235544204712,-0.1129562
167.300140380859,54.7506484985352,-0.11033659
166.964019775391,60.0901145935059,-0.15978796
166.95246887207,60.2421073913574,-0.14121909
165.981246948242,69.6496124267578,-0.07799932
167.155075073242,-76.6099853515625,-0.17084718
167.87190246582,-73.4617767333984,-0.19071699
167.8779296875,-73.3945617675781,-0.19072579
167.883743286133,-73.3270034790039,-0.19091816
167.985458374023,-70.9785842895508,-0.23402239
167.986694335938,-70.8990325927734,-0.22804512
167.987838745117,-70.8190994262695,-0.22595082
168,-47.2527198791504,-0.17306875
168,-46.7411994934082,-0.19784712
168,-46.3974609375,-0.14206951
168,-44.2892570495605,-0.21498454
168,-21.7109680175781,-0.03484787
168,-21.2456912994385,-0.01023384
168,-17.7110137939453,0.03281675
168,-16.7559223175049,0.00277665
168,-16.5163860321045,-0.00140195
168,-16.276554107666,0.00434145
168,7.97413206100464,-0.11592842
168,8.96321582794189,-0.13445005
167.578109741211,54.5925674438477,-0.11117417
167.562347412109,54.9173583984375,-0.13447988
167.241683959961,60.247386932373,-0.14179844
166.360488891602,69.516242980957,-0.0824354
167.407699584961,-76.6157836914062,-0.15217194
168.116149902344,-73.5305709838867,-0.18907987
168.23420715332,-71.0581817626953,-0.23247013
168.25,-47.0827598571777,-0.17865137
168.25,-46.9122505187988,-0.18202531
168.25,-46.5696029663086,-0.14637212
168.25,-44.1100273132324,-0.20027445
168.25,-21.478515625,-0.0167271
168.25,-17.9490070343018,0.0332789
168.25,-17.4727058410645,0.0317275
168.25,-16.9951572418213,0.01978511
168.25,-16.5163860321045,0.01974558
168.25,-16.0364284515381,0.024344
168.25,7.72647523880005,-0.12394323
168.25,8.22163867950439,-0.13970328
167.855163574219,54.4338569641113,-0.11772734
167.840408325195,54.7593765258789,-0.13103221
167.520660400391,60.4041023254395,-0.13876472
166.721313476562,69.5212707519531,-0.07613551
167.660400390625,-76.6215515136719,-0.17440524
168.366653442383,-73.5324554443359,-0.19018881
168.484268188477,-71.0586318969727,-0.22573968
168.5,-46.7411994934082,-0.17480664
168.5,-43.9302520751953,-0.18200314
168.5,-17.9490070343018,0.02487992
168.5,-17.4727058410645,0.0254193
168.5,-16.7559223175049,0.02102593
168.5,-16.276554107666,0.02665291
168.5,7.47867298126221,-0.14655468
168.5,7.97413206100464,-0.15340105
168.117538452148,54.6007766723633,-0.12328628
167.810592651367,60.4087409973145,-0.13791672
167.068862915039,69.6646728515625,-0.07966445
167.913146972656,-76.6272964477539,-0.1748558
168.623336791992,-73.4672698974609,-0.18982109
168.629287719727,-73.3998794555664,-0.18988858
168.732955932617,-71.1379241943359,-0.22792408
168.75,-46.7411994934082,-0.17820013
168.75,-43.9302520751953,-0.14676187
168.75,-18.897741317749,0.04765335
168.75,-18.6610488891602,0.04502803
168.75,-17.7110137939453,0.02143977
168.75,7.2307300567627,-0.14302782
168.75,7.72647523880005,-0.15977911
168.091583251953,60.5645637512207,-0.1185129
167.431396484375,69.6685943603516,-0.0877937
168.165969848633,-76.6330032348633,-0.17383573
168.879760742188,-73.4016342163086,-0.18991316
168.981567382812,-71.2168884277344,-0.22584843
169,-46.7411994934082,-0.1956495
169,-43.7499351501465,-0.15910415
169,-19.1340980529785,0.04485622
169,-18.4240283966064,0.04312008
169,7.2307300567627,-0.15129547
169,7.72647523880005,-0.15963244
169,9.94961357116699,-0.18938057
168.382217407227,60.5685501098633,-0.12947584
167.784103393555,69.8106842041016,-0.08492781
167.774322509766,69.9492721557617,-0.08455763
168.418853759766,-76.6386871337891,-0.17210995
169.135971069336,-73.3355560302734,-0.18625321
169.141494750977,-73.2673950195312,-0.18590788
169.146820068359,-73.1989059448242,-0.18607674
169.151962280273,-73.1300811767578,-0.18456456
169.230102539062,-71.295524597168,-0.22479425
169.25,-46.7411994934082,-0.20736778
169.25,-43.5690727233887,-0.15383977
169.25,-19.6057929992676,0.05701961
169.25,-19.1340980529785,0.04108202
169.25,-18.6610488891602,0.03253736
169.25,5.98906373977661,-0.18921246
169.25,6.23764181137085,-0.17846325
169.25,7.47867298126221,-0.16924885
169.25,9.70328140258789,-0.17129033
169.25,10.1957597732544,-0.1810633
168.68034362793,60.4206886291504,-0.14198377
168.132354736328,70.0904312133789,-0.08539253
168.671798706055,-76.6443405151367,-0.17092344
169.380737304688,-73.4051208496094,-0.18527567
169.386428833008,-73.3372421264648,-0.18386952
169.391937255859,-73.2690277099609,-0.18401702
169.397247314453,-73.2004852294922,-0.18491536
169.407302856445,-73.0624008178711,-0.18309086
169.412048339844,-72.9928512573242,-0.17953039
169.478546142578,-71.3738403320312,-0.22661075
169.5,-46.7411994934082,-0.20707789
169.5,-43.5690727233887,-0.1460196
169.5,-19.8411273956299,0.03420802
169.5,-19.3701171875,0.04690406
169.5,-18.897741317749,0.03259981
169.5,5.74037265777588,-0.19539488
169.5,6.48610210418701,-0.16240724
169.5,9.94961357116699,-0.15243553
169.5,11.1784019470215,-0.16937321
168.970230102539,60.424015045166,-0.14303073
168.538070678711,69.260139465332,-0.07023196
168.531585693359,69.3992614746094,-0.07543266
168.525146484375,69.5382308959961,-0.07844053
168.500091552734,70.0926055908203,-0.08913342
168.9248046875,-76.6499557495117,-0.17035603
169.625350952148,-73.4744644165039,-0.18440554
169.652770996094,-73.1331253051758,-0.18398438
169.666976928711,-72.9243316650391,-0.17622887
169.671356201172,-72.8540649414062,-0.17421704
169.728652954102,-71.3743896484375,-0.22053861
169.75,-46.5696029663086,-0.20266076
169.75,-43.3876609802246,-0.1588785
169.75,-19.6057929992676,0.04145268
169.75,5.98906373977661,-0.17609246
169.75,6.23764181137085,-0.17169022
169.75,9.21007823944092,-0.17392095
169.75,9.45676803588867,-0.14997789
169.75,10.1957597732544,-0.1427207
169.75,10.9330415725708,-0.19733389
169.75,11.4235544204712,-0.17497072
169.260101318359,60.4270172119141,-0.14215699
168.895309448242,69.2619705200195,-0.06921885
168.885757446289,69.5399856567383,-0.07783396
168.872100830078,69.9558792114258,-0.08963047
169.177871704102,-76.6555480957031,-0.17014427
169.881729125977,-73.408576965332,-0.18253933
169.887390136719,-73.3405838012695,-0.17941113
169.892837524414,-73.2722625732422,-0.17909603
169.898101806641,-73.2036209106445,-0.17934737
169.925903320312,-72.7847137451172,-0.16804162
169.929931640625,-72.7137069702148,-0.16511868
169.933807373047,-72.6423568725586,-0.16276196
169.977035522461,-71.4524078369141,-0.21780976
170,-46.3974609375,-0.20620753
170,-43.2057113647461,-0.16198542
170,8.96321582794189,-0.17275648
170,9.70328140258789,-0.14474143
170,9.94961357116699,-0.14194582
170,10.4417161941528,-0.14814665
170,11.1784019470215,-0.17240244
169.555328369141,60.2779197692871,-0.14110272
169.549942016602,60.4296913146973,-0.13954166
169.25569152832,69.1240692138672,-0.06206507
169.24626159668,69.5412063598633,-0.07847933
169.237838745117,69.9569702148438,-0.08714435
169.430999755859,-76.6611099243164,-0.16972123
170.187805175781,-72.5717849731445,-0.1622381
170.204116821289,-72.2078323364258,-0.14901106
170.206954956055,-72.1339797973633,-0.15262155
170.209671020508,-72.0597686767578,-0.15018252
170.212249755859,-71.9851913452148,-0.13545485
170.227142333984,-71.4529800415039,-0.2193165
170.25,-46.2247772216797,-0.21078814
170.25,-46.0515480041504,-0.20679538
170.25,-43.0232124328613,-0.15650642
170.25,9.21007823944092,-0.17104798
170.25,9.45676803588867,-0.16290223
170.25,10.1957597732544,-0.1594457
169.853820800781,59.975944519043,-0.13602426
169.849136352539,60.128246307373,-0.1390875
169.614700317383,68.8460922241211,-0.0522985
169.612823486328,68.9855651855469,-0.05671597
169.605438232422,69.6805725097656,-0.07606218
169.604385375977,69.8191146850586,-0.08295881
169.684188842773,-76.666633605957,-0.16845358
170.441619873047,-72.5007781982422,-0.14208299
170.445007324219,-72.4282913208008,-0.15549197
170.448257446289,-72.3554611206055,-0.15347729
170.451354980469,-72.2822799682617,-0.14889309
170.462432861328,-71.9859924316406,-0.14675714
170.477249145508,-71.4535446166992,-0.18070465
170.5,-46.0515480041504,-0.22113984
170.5,-43.0232124328613,-0.13641478
170.145568847656,59.825439453125,-0.13274205
169.966751098633,68.8464660644531,-0.04745189
169.967422485352,69.6806564331055,-0.07449487
169.937454223633,-76.6721267700195,-0.16564647
170.715042114258,-71.9117813110352,-0.14822243
170.727355957031,-71.4541091918945,-0.16290002
170.75,-45.8777732849121,-0.22228878
170.75,-45.7034530639648,-0.22316721
170.75,-42.8401718139648,-0.13790723
170.75,8.22163867950439,-0.15194131
170.75,8.71618556976318,-0.17410645
170.429229736328,59.9797439575195,-0.16349127
170.31867980957,68.846321105957,-0.04316889
170.327026367188,69.5416107177734,-0.06629545
170.331665039062,69.8186340332031,-0.08223561
170.334289550781,69.956916809082,-0.07266499
170.337127685547,70.0950469970703,-0.0908684
170.190765380859,-76.6775894165039,-0.16258936
170.967529296875,-71.8371429443359,-0.13194475
170.9697265625,-71.7613754272461,-0.12509982
170.971817016602,-71.6852493286133,-0.13118232
170.97380065918,-71.608757019043,-0.15679175
170.975677490234,-71.5318984985352,-0.18408263
171,-45.5285873413086,-0.23842859
171,-45.3531761169434,-0.23342472
171,-45.1772193908691,-0.24088596
171,-42.6565856933594,-0.15199571
171,-42.4724578857422,-0.16017922
171,7.2307300567627,-0.14675489
171,7.97413206100464,-0.14393474
171,8.46899127960205,-0.16051579
171,8.96321582794189,-0.17930399
170.714202880859,60.1334228515625,-0.15646603
170.711563110352,60.2854118347168,-0.16090348
170.673370361328,68.984977722168,-0.04265723
170.676467895508,69.124137878418,-0.04755492
170.679763793945,69.2631378173828,-0.05252499
170.683258056641,69.4019775390625,-0.05490595
170.708938598633,70.2317810058594,-0.08280189
170.444137573242,-76.6830215454102,-0.16160258
171.25,-45.0007171630859,-0.23366816
171.25,-44.8236694335938,-0.22449657
171.25,-44.6460762023926,-0.20496022
171.25,-44.4679374694824,-0.09003189
171.25,-42.287784576416,-0.1460714
171.25,-42.1025695800781,-0.14372175
171.25,-41.9168128967285,-0.13663491
171.25,6.98265075683594,-0.14674423
171.25,7.47867298126221,-0.14408309
171.25,8.22163867950439,-0.14013883
171.25,8.46899127960205,-0.15869312
171.25,8.96321582794189,-0.17336894
170.998596191406,60.438175201416,-0.1469206
171.077499389648,70.22998046875,-0.0918228
170.697570800781,-76.6884231567383,-0.16350122
171.5,-44.2892570495605,-0.14531501
171.5,-41.7305107116699,-0.11384802
171.5,6.98265075683594,-0.13946792
171.5,7.2307300567627,-0.14176555
171.5,8.71618556976318,-0.16270946
171.287002563477,60.5903091430664,-0.14528088
171.437362670898,70.0898361206055,-0.09724948
170.951065063477,-76.6937866210938,-0.16469032
171.75,-44.1100273132324,-0.12653993
171.75,-41.5436706542969,-0.10355195
171.75,6.73443984985352,-0.13728041
171.75,7.2307300567627,-0.13274683
171.577224731445,60.5906829833984,-0.14076467
171.803665161133,70.0869903564453,-0.09650857
171.204620361328,-76.6991195678711,-0.16471772
172,-44.1100273132324,-0.18121658
172,-41.3562889099121,-0.09541499
172,-41.1683616638184,-0.11361041
172,-40.9798965454102,-0.12873771
172,-40.7908935546875,-0.16568603
172,6.98265075683594,-0.1414097
171.867660522461,60.741813659668,-0.14198984
172.169723510742,70.0835952758789,-0.09705005
171.458236694336,-76.7044219970703,-0.16082348
172.25,-43.9302520751953,-0.16694716
172.25,-40.6013488769531,-0.13233371
172.159530639648,60.8922920227051,-0.1431236
172.535507202148,70.0796508789062,-0.0976496
171.7119140625,-76.7096862792969,-0.15885462
172.5,-43.9302520751953,-0.17575506
172.5,-40.4112663269043,-0.15583502
172.5,-34.4618797302246,-0.06353702
172.436477661133,52.9874153137207,-0.0844579
172.452835083008,61.042106628418,-0.14768152
172.885757446289,69.9375457763672,-0.09791401
171.96565246582,-76.7149200439453,-0.15723824
172.75,-43.9302520751953,-0.20039121
172.75,-40.4112663269043,-0.14634682
172.75,-34.6677513122559,-0.06040578
172.75,-34.255500793457,-0.05409099
172.75,0.999949216842651,-0.23612338
172.75,1.49982869625092,-0.23613565
172.75,1.74972796440125,-0.22958819
172.702407836914,52.8211097717285,-0.08452396
172.701843261719,53.1538772583008,-0.08815614
172.747604370117,61.1912498474121,-0.13150555
173.249206542969,69.9326019287109,-0.09511155
172.219436645508,-76.7201156616211,-0.15737635
173,-43.9302520751953,-0.24078979
173,-43.5690727233887,-0.21257462
173,-43.3876609802246,-0.21071317
173,-43.2057113647461,-0.20836799
173,-40.7908935546875,-0.10976752
173,-40.6013488769531,-0.14849939
173,-35.282299041748,-0.09349187
173,-35.0779609680176,-0.06970551
173,-34.8731117248535,-0.06467944
173,-34.255500793457,-0.06442979
173,0.749978601932526,-0.23130955
173,1.24990081787109,-0.23457612
173,1.99959397315979,-0.20166331
172.967636108398,52.6542663574219,-0.08650277
172.967712402344,52.987735748291,-0.08145713
173.043869018555,61.3397178649902,-0.11739095
173.612335205078,69.9271087646484,-0.08765906
172.473297119141,-76.7252807617188,-0.13869961
173.25,-43.7499351501465,-0.26096033
173.25,-43.0232124328613,-0.26954395
173.25,-40.9798965454102,-0.1087009
173.25,-35.6894264221191,-0.11004485
173.25,-35.4861183166504,-0.10564603
173.25,-34.6677513122559,-0.03458163
173.25,-34.4618797302246,-0.06721743
173.25,0.999949216842651,-0.23024632
173.25,1.49982869625092,-0.22714066
173.25,1.74972796440125,-0.21555825
173.232528686523,52.6541595458984,-0.09432678
173.233291625977,52.9875984191895,-0.09024625
173.341644287109,61.4874954223633,-0.10521456
173.975143432617,69.9210815429688,-0.09636631
172.727203369141,-76.7304153442383,-0.15700792
173.5,-42.8401718139648,-0.24712502
173.5,-42.6565856933594,-0.24619044
173.5,-40.9798965454102,-0.13023608
173.5,-35.8922157287598,-0.11360204
173.5,-34.8731117248535,-0.03721972
173.496719360352,52.4866065979004,-0.09328703
173.498077392578,52.820743560791,-0.09125923
173.64094543457,61.6345863342285,-0.1006629
174.337600708008,69.9145202636719,-0.09659039
172.981170654297,-76.7355117797852,-0.15438914
173.75,-42.4724578857422,-0.26140627
173.75,-40.9798965454102,-0.13451995
173.75,-39.4527854919434,-0.17433847
173.75,-39.2594795227051,-0.17809663
173.75,-36.2962379455566,-0.10602964
173.75,-36.0944862365723,-0.11058324
173.75,-34.8731117248535,-0.04473946
173.76025390625,52.3185234069824,-0.0909614
173.76220703125,52.6533622741699,-0.08219512
173.935607910156,61.6320190429688,-0.09656033
174.69970703125,69.9074172973633,-0.09747191
173.235198974609,-76.7405700683594,-0.15187807
174,-42.287784576416,-0.26205892
174,-42.1025695800781,-0.26062647
174,-40.9798965454102,-0.15595205
174,-39.6455535888672,-0.17489535
174,-39.0656394958496,-0.17017628
174,-36.4974708557129,-0.12274799
174,-35.0779609680176,-0.02568552
174.025665283203,52.4854621887207,-0.10032129
174.237121582031,61.7780113220215,-0.09494095
175.061416625977,69.899787902832,-0.09804507
173.489288330078,-76.7455978393555,-0.14856362
174.25,-41.9168128967285,-0.29079994
174.25,-41.7305107116699,-0.3119719
174.25,-41.5436706542969,-0.24979418
174.25,-41.3562889099121,-0.24779967
174.25,-41.1683616638184,-0.2262808
174.25,-39.6455535888672,-0.1292883
174.25,-38.8712692260742,-0.16919334
174.25,-36.898365020752,-0.14994375
174.25,-36.6981773376465,-0.15272147
174.25,-36.4974708557129,-0.13601665
174.25,-35.282299041748,0.00238131
174.532287597656,61.7747077941895,-0.09526776
175.422729492188,69.8916168212891,-0.09954482
173.743423461914,-76.7505874633789,-0.14536861
174.5,-41.1683616638184,-0.18065933
174.5,-39.8377876281738,-0.15999113
174.5,-38.8712692260742,-0.14935563
174.5,-38.6763610839844,-0.16078635
174.5,-38.4809226989746,-0.15947167
174.5,-38.2849540710449,-0.15850985
174.5,-37.4957809448242,-0.17400542
174.5,-37.2971687316895,-0.16655256
174.5,-37.098030090332,-0.16685338
174.5,-35.4861183166504,0.00181217
174.836013793945,61.9195823669434,-0.09528749
175.812683105469,70.0196762084961,-0.10643429
173.997619628906,-76.7555465698242,-0.14302583
174.75,-41.3562889099121,-0.1929652
174.75,-40.9798965454102,-0.15264426
174.75,-40.029483795166,-0.17057622
174.75,-38.0884552001953,-0.1641123
174.75,-37.8914260864258,-0.15566932
174.75,-37.6938667297363,-0.16685082
174.75,-36.0944862365723,0.02632697
174.75,-35.8922157287598,-0.00817497
174.75,-35.6894264221191,-0.01768669
175.131698608398,61.9155349731445,-0.09704916
176.174835205078,70.0103302001953,-0.10659291
174.251876831055,-76.7604598999023,-0.14060786
175,-41.5436706542969,-0.27696082
175,-40.7908935546875,-0.15466786
175,-40.6013488769531,-0.1589302
175,-40.4112663269043,-0.17929807
175,-40.2206420898438,-0.18219031
175,-40.029483795166,-0.16760765
175,-36.898365020752,0.03285056
175,-36.6981773376465,0.03755925
175,-36.4974708557129,0.03466853
175,-36.2962379455566,0.01748963
175.437652587891,62.0592727661133,-0.10492797
176.504150390625,69.8639526367188,-0.12207641
174.506195068359,-76.7653427124023,-0.14031013
175.25,-41.7305107116699,-0.28174028
175.25,-36.898365020752,0.01382534
175.745223999023,62.2022705078125,-0.10523079
176.830337524414,69.7171401977539,-0.12736674
174.760559082031,-76.7701950073242,-0.13896405
175.5,-41.7305107116699,-0.28320654
175.5,-36.6981773376465,0.00839186
176.042007446289,62.1970520019531,-0.10677783
177.187789916992,69.7064743041992,-0.12395879
175.01496887207,-76.7750015258789,-0.13848701
175.75,-41.5436706542969,-0.29308133
175.75,-36.6981773376465,-0.02191259
176.351852416992,62.3388824462891,-0.10200841
177.544784545898,69.6953048706055,-0.1226582
175.269454956055,-76.7797775268555,-0.13803992
176,-41.3562889099121,-0.29051827
176,-37.4957809448242,-0.03227604
176,-37.2971687316895,-0.04625414
176,-37.098030090332,-0.06313868
176,-36.898365020752,-0.05275381
176.649063110352,62.3328971862793,-0.10015287
177.863739013672,69.5473175048828,-0.13127
178.319137573242,71.036865234375,-0.13472449
178.36555480957,71.1712265014648,-0.13744358
175.523986816406,-76.7845153808594,-0.13748596
176.25,-41.1683616638184,-0.26338029
176.25,-40.9798965454102,-0.26630409
176.25,-37.4957809448242,-0.07275421
176.961181640625,62.4735336303711,-0.09604927
178.218139648438,69.5352630615234,-0.12700881
178.644836425781,70.8887405395508,-0.1300412
178.789657592773,71.2913208007812,-0.13357001
175.778564453125,-76.7892227172852,-0.13677482
176.5,-40.7908935546875,-0.26866242
176.5,-40.6013488769531,-0.24521251
176.5,-37.6938667297363,-0.09019796
177.258819580078,62.4667739868164,-0.09486381
177.514373779297,64.4972305297852,-0.00244902
177.535263061523,64.6404876708984,-0.0039634
178.572036743164,69.522705078125,-0.12576394
178.967193603516,70.7402191162109,-0.11778655
179.217803955078,71.4103469848633,-0.12876928
176.033203125,-76.7938842773438,-0.1346184
176.75,-40.4112663269043,-0.24987827
176.75,-37.8914260864258,-0.09041121
177.556274414062,62.4596710205078,-0.0939793
177.802444458008,64.3453598022461,-0.005185
177.845748901367,64.6319046020508,-0.0091578
178.883941650391,69.3736114501953,-0.1347116
179.385345458984,70.8599243164062,-0.10597001
179.650024414062,71.5282745361328,-0.12299047
176.287902832031,-76.7985076904297,-0.13205452
177,-40.2206420898438,-0.25034686
177,-40.029483795166,-0.24623615
177,-39.8377876281738,-0.19952748
177,-39.6455535888672,-0.20572506
177,-39.4527854919434,-0.18980929
177,-37.8914260864258,-0.10218813
177,-17.9490070343018,0.03237324
177.181015014648,51.9601249694824,-0.12439579
177.853515625,62.4522247314453,-0.09517396
178.110778808594,64.3366012573242,-0.01126262
178.155975341797,64.622932434082,-0.01451581
179.235244750977,69.3602066040039,-0.12470158
179.754608154297,70.8447036743164,-0.11202022
-179.913619995117,71.6450958251953,-0.1232079
176.54264831543,-76.8031005859375,-0.13161333
177.25,-39.2594795227051,-0.17543457
177.25,-37.8914260864258,-0.09932079
177.25,-18.1866779327393,0.02666193
177.25,-17.7110137939453,0.02789893
177.438903808594,51.788932800293,-0.12522935
177.449172973633,52.1250076293945,-0.13158921
178.15055847168,62.4444389343262,-0.09981521
178.418853759766,64.3274688720703,-0.02046857
178.465911865234,64.6135711669922,-0.01995219
179.542327880859,69.2103958129883,-0.13303533
-179.876815795898,70.8289489746094,-0.11591501
-179.534103393555,71.6282272338867,-0.12146726
176.797439575195,-76.8076477050781,-0.13150168
177.5,-39.2594795227051,-0.18123938
177.5,-37.8914260864258,-0.0936097
177.5,-18.4240283966064,0.01548314
177.5,-17.4727058410645,0.09176798
177.706893920898,51.9540214538574,-0.12989716
178.428451538086,62.2898178100586,-0.08891142
178.679428100586,64.0311431884766,-0.01748615
178.702835083008,64.1746673583984,-0.02363427
178.775573730469,64.6038360595703,-0.02168278
179.846710205078,69.0602264404297,-0.13297888
-179.50895690918,70.8126602172852,-0.11788544
-179.155395507812,71.6108016967773,-0.13351436
177.052291870117,-76.8121643066406,-0.11811075
177.75,-39.2594795227051,-0.18978305
177.75,-37.6938667297363,-0.08483795
177.75,-18.4240283966064,0.00442424
177.75,-17.4727058410645,0.10286617
178.724319458008,62.2814521789551,-0.08930404
178.892074584961,63.4454460144043,-0.02501682
178.914733886719,63.5898208618164,-0.0262323
178.937805175781,63.7339515686035,-0.03044705
178.961273193359,63.8778419494629,-0.03349434
179.110992431641,64.7361831665039,-0.01555179
-179.806579589844,69.0456771850586,-0.12555036
-179.083862304688,70.9291458129883,-0.11154894
-178.777496337891,71.5928268432617,-0.11399692
177.307189941406,-76.8166427612305,-0.12872367
178,-39.0656394958496,-0.22889754
178,-38.8712692260742,-0.18678272
178,-37.4957809448242,-0.0895938
178,-18.897741317749,0.02282143
178,-18.4240283966064,-0.00707004
178,-17.2340850830078,0.0472876
179.019958496094,62.2727546691895,-0.08868336
179.170974731445,63.2913703918457,-0.04081533
179.421020507812,64.7255630493164,-0.02773485
-179.460433959961,69.0306396484375,-0.12091261
-178.715744018555,70.9116058349609,-0.11164629
-178.400451660156,71.5742950439453,-0.11027881
177.562133789062,-76.8210754394531,-0.12730669
178.25,-38.6763610839844,-0.19072002
178.25,-37.4957809448242,-0.09160456
178.25,-19.1340980529785,-0.0053949
178.25,-18.6610488891602,0.00807143
178.25,-18.4240283966064,-0.01255979
178.25,-17.2340850830078,0.03402824
178.482940673828,51.6071357727051,-0.14393315
179.336608886719,62.4098968505859,-0.08025922
179.425247192383,62.9920272827148,-0.06036244
179.448364257812,63.1369209289551,-0.0639171
179.759124755859,64.8565521240234,-0.03043506
-179.162643432617,68.8794937133789,-0.1578864
-178.348403930664,70.8935394287109,-0.1069438
-178.024261474609,71.5552139282227,-0.11196731
177.817138671875,-76.8254776000977,-0.12567401
178.5,-38.4809226989746,-0.17331174
178.5,-38.2849540710449,-0.13923664
178.5,-38.0884552001953,-0.12044955
178.5,-37.8914260864258,-0.105386
178.5,-37.4957809448242,-0.09035336
178.5,-19.1340980529785,-0.00014875
178.5,-18.6610488891602,-0.00485445
178.5,-18.1866779327393,-0.03985083
178.5,-17.4727058410645,0.00339306
178.5,-16.7559223175049,0.02405652
178.73876953125,51.4346885681152,-0.12794241
178.751480102539,51.7717475891113,-0.12978622
179.654907226562,62.5462265014648,-0.08343163
179.677642822266,62.6917762756348,-0.08340782
179.700775146484,62.8370666503906,-0.08253132
-179.900695800781,64.9866790771484,-0.03162029
-179.710540771484,65.8316802978516,0.01409642
-179.67692565918,65.9717330932617,0.01790169
-179.642715454102,66.1115570068359,0.02254178
-178.819046020508,68.8636779785156,-0.12347849
-177.91764831543,71.0074691772461,-0.11009368
-177.717956542969,71.4038543701172,-0.11374263
178.072189331055,-76.829833984375,-0.12379311
178.75,-37.6938667297363,-0.09739583
178.75,-18.897741317749,-0.02176974
178.75,-17.9490070343018,-0.05236552
178.75,-17.7110137939453,-0.04605249
178.75,-16.9951572418213,0.01111937
178.75,-16.5163860321045,0.074991
178.994125366211,51.2618026733398,-0.13306043
179.007125854492,51.5995178222656,-0.133098
-179.558441162109,65.1159286499023,-0.03090227
-179.526596069336,65.256965637207,-0.02256934
-179.393676757812,65.8188400268555,0.00919891
-179.28791809082,66.2378997802734,0.02738008
-178.525695800781,68.7119064331055,-0.12540306
-177.483123779297,71.1202621459961,-0.1136962
-177.414840698242,71.2521820068359,-0.12338816
178.327301025391,-76.8341598510742,-0.10923586
179,-16.9951572418213,0.02214267
179,-16.276554107666,0.03327291
179.262298583984,51.4268531799316,-0.13697087
179.283248901367,51.9314765930176,-0.13311506
-179.180725097656,65.3849563598633,-0.02059426
-179.14680480957,65.5253982543945,-0.01555185
-179.112289428711,65.6656112670898,-0.0050366
-179.041519165039,65.9453659057617,0.00769426
-178.968322753906,66.2242202758789,0.02296242
-178.234786987305,68.5598220825195,-0.12649328
178.582458496094,-76.8384399414062,-0.12022322
179.25,-16.9951572418213,0.03907195
179.25,-16.276554107666,0.03821972
179.538375854492,51.7593574523926,-0.13407616
179.553329467773,52.0944633483887,-0.12844602
-178.761123657227,65.7919616699219,-0.00251708
-178.687088012695,66.0709686279297,0.01276209
-178.649139404297,66.2101440429688,0.021123
-177.946228027344,68.4074249267578,-0.12974122
178.837646484375,-76.8426818847656,-0.11860814
179.5,-16.7559223175049,0.04789564
179.5,-16.0364284515381,0.03791923
179.808242797852,51.9225654602051,-0.12900276
-178.518997192383,65.4983139038086,-0.03172581
-178.482513427734,65.6382369995117,-0.02012472
-177.608947753906,68.3902893066406,-0.12184631
179.092910766602,-76.8468933105469,-0.11723272
179.75,-16.7559223175049,0.05929692
179.75,-16.5163860321045,0.04874186
179.75,-16.0364284515381,0.03767253
-178.242523193359,65.3441848754883,-0.04721538
-177.324554443359,68.2373199462891,-0.12671359
179.348205566406,-76.8510513305664,-0.11635061
180,-16.9951572418213,0.06600377
180,-16.5163860321045,0.0603845
180,-16.276554107666,0.04391154
-177.930557250977,65.329833984375,-0.05449968
-176.989715576172,68.2194747924805,-0.12097108
179.603546142578,-76.8551788330078,-0.11519988
-179.75,-16.9951572418213,0.06281687
-179.75,-16.5163860321045,0.06319727
-177.58024597168,65.4547958374023,-0.04394914
-176.709350585938,68.0659561157227,-0.12683372
179.858932495117,-76.8592681884766,-0.11413194
-179.5,-16.7559223175049,0.06316319
-177.227813720703,65.5788269042969,-0.03582185
-176.376953125,68.0474166870117,-0.11953848
-179.885620117188,-76.8633117675781,-0.11311677
-176.915191650391,65.5630111694336,-0.04309157
-176.100494384766,67.8933792114258,-0.12899061
-179.630142211914,-76.867317199707,-0.11201627
-179,-17.2340850830078,0.03939576
-176.603012084961,65.5468215942383,-0.04039129
-175.770477294922,67.8741683959961,-0.12483767
-179.374603271484,-76.8712844848633,-0.11115127
-178.75,-18.1866779327393,0.00357123
-178.75,-17.4727058410645,0.01883554
-178.75,-16.9951572418213,0.02336618
-178.356292724609,51.885986328125,-0.16555888
-176.334396362305,65.3914337158203,-0.06199389
-175.44108581543,67.8545379638672,-0.11558803
-179.119033813477,-76.8752059936523,-0.09305304
-178.5,-18.4240283966064,-0.03467839
-178.5,-17.9490070343018,-0.01564532
-178.5,-17.2340850830078,0.00181822
-178.104263305664,51.7130393981934,-0.18202901
-178.084259033203,52.0467338562012,-0.1612427
-176.110061645508,65.0966415405273,-0.07210679
-176.0673828125,65.2357711791992,-0.07059477
-176.024017333984,65.3746566772461,-0.06271742
-175.227127075195,67.5648345947266,-0.12890471
-175.170181274414,67.6997680664062,-0.12132306
-178.863403320312,-76.8790893554688,-0.09165816
-178.25,-18.1866779327393,-0.04937571
-177.852661132812,51.5397109985352,-0.19130292
-177.832489013672,51.8740196228027,-0.17890951
-175.844802856445,64.9406280517578,-0.08567449
-174.95832824707,67.4097900390625,-0.13068462
-178.60774230957,-76.8829345703125,-0.10858998
-177.581130981445,51.7009201049805,-0.19365508
-175.581024169922,64.7843475341797,-0.09033585
-174.803237915039,66.9838180541992,-0.15786066
-174.747756958008,67.1192779541016,-0.14488427
-174.691390991211,67.2545013427734,-0.13382961
-178.352035522461,-76.8867416381836,-0.10780849
-177.330200195312,51.5274429321289,-0.19806423
-177.308959960938,51.8613891601562,-0.19228924
-175.275466918945,64.7671585083008,-0.09967997
-174.647003173828,66.556526184082,-0.1740274
-174.593124389648,66.6924896240234,-0.1708198
-174.538375854492,66.8282165527344,-0.16591721
-174.426254272461,67.0989761352539,-0.14934468
-178.096282958984,-76.8905029296875,-0.10717635
-177.058288574219,51.6881484985352,-0.21301933
-174.970336914062,64.7496109008789,-0.10682457
-174.38410949707,66.4005966186523,-0.17107377
-174.275238037109,66.6723785400391,-0.16847372
-174.219497680664,66.8079147338867,-0.16580348
-174.162872314453,66.9432144165039,-0.16217514
-174.046890258789,67.2131042480469,-0.13148385
-177.84049987793,-76.8942260742188,-0.10682834
-176.785736083984,51.8481025695801,-0.22185307
-174.710540771484,64.5927047729492,-0.10505617
-174.068725585938,66.3804931640625,-0.16804617
-174.013763427734,66.5163116455078,-0.16727928
-173.725570678711,67.1918106079102,-0.12918537
-177.584671020508,-76.8979034423828,-0.10675557
-176.535751342773,51.674732208252,-0.22414681
-176.51252746582,52.0072975158691,-0.21358496
-174.407104492188,64.5746307373047,-0.11624013
-173.404861450195,67.1701202392578,-0.12681972
-177.32878112793,-76.9015426635742,-0.10672862
-176.75,-43.9302520751953,-0.2053521
-176.75,-43.7499351501465,-0.19724532
-176.27458190918,51.6677856445312,-0.22131629
-176.250839233398,52.0001487731934,-0.21852125
-174.14990234375,64.4173049926758,-0.11674232
-173.146255493164,67.0138168334961,-0.13319405
-177.072875976562,-76.9051361083984,-0.10665004
-176.5,-44.1100273132324,-0.23418531
-176.5,-43.5690727233887,-0.18132238
-176.001480102539,51.8269577026367,-0.23986505
-173.894027709961,64.2597351074219,-0.10666156
-172.827789306641,66.9915542602539,-0.13064013
-176.816909790039,-76.90869140625,-0.10685601
-176.25,-43.9302520751953,-0.25387639
-176.25,-43.7499351501465,-0.20261904
-173.593475341797,64.2409973144531,-0.12790571
-172.446548461914,67.1026992797852,-0.11900918
-176.560928344727,-76.9122085571289,-0.10707078
-173.293365478516,64.221923828125,-0.1440982
-172.128387451172,67.0794525146484,-0.11786458
-176.304885864258,-76.9156799316406,-0.10733445
-172.993682861328,64.202522277832,-0.14246036
-172.846939086914,64.617057800293,-0.18845555
-172.796524047852,64.7547149658203,-0.18414886
-171.810897827148,67.0558242797852,-0.11448527
-176.048812866211,-76.9191131591797,-0.1079453
-174.930145263672,52.1270179748535,-0.24250845
-172.645538330078,64.321044921875,-0.17153866
-172.545455932617,64.5967559814453,-0.19518733
-172.442291259766,64.8714141845703,-0.18652125
-172.281585693359,65.2814559936523,-0.17945253
-172.226379394531,65.4176177978516,-0.1760116
-171.560348510742,66.8986740112305,-0.11641513
-175.792709350586,-76.9225006103516,-0.10845568
-174.682464599609,51.953857421875,-0.22995358
-174.654693603516,52.2833213806152,-0.2386365
-172.295608520508,64.438591003418,-0.20347996
-172.086196899414,64.9871292114258,-0.18124467
-172.031845092773,65.1236114501953,-0.18069414
-171.920654296875,65.3957901000977,-0.17646839
-171.311294555664,66.7413482666016,-0.11845232
-175.536560058594,-76.9258422851562,-0.10925697
-174.421371459961,51.9455871582031,-0.23354232
-174.393081665039,52.2748146057129,-0.23551999
-171.55778503418,65.5091171264648,-0.17501172
-171.063690185547,66.5838470458984,-0.12219418
-175.280380249023,-76.9291458129883,-0.11002667
-174.160354614258,51.9371566772461,-0.23801155
-174.116775512695,52.430046081543,-0.24772877
-172.043930053711,63.4291839599609,-0.03459622
-171.996490478516,63.5682220458984,-0.03091869
-171.948348999023,63.7069854736328,-0.03242788
-171.252349853516,65.4863891601562,-0.17741487
-170.751556396484,66.5593948364258,-0.11854186
-175.024154663086,-76.9324111938477,-0.08953951
-173.899429321289,51.9285736083984,-0.24109169
-173.870132446289,52.2573280334473,-0.26211349
-171.797378540039,63.2699966430664,-0.03246494
-171.603485107422,63.8248329162598,-0.06463616
-170.887313842773,65.5981369018555,-0.17139874
-170.506866455078,66.4015808105469,-0.12446595
-174.76789855957,-76.9356307983398,-0.08942891
-173.638595581055,51.9198341369629,-0.24023383
-173.608810424805,52.2483444213867,-0.2659347
-171.504501342773,63.249813079834,-0.0219107
-171.358184814453,63.6657791137695,-0.0919562
-170.520370483398,65.708854675293,-0.16329342
-170.457580566406,65.8429260253906,-0.1540014
-170.196884155273,66.3766326904297,-0.12066724
-174.511611938477,-76.9388046264648,-0.08932145
-173.377853393555,51.9109420776367,-0.23562583
-173.347564697266,52.2392044067383,-0.26364896
-171.163360595703,63.3680648803711,0.0016028
-171.063766479492,63.6447067260742,-0.10537097
-170.086975097656,65.9521255493164,-0.14481649
-169.955001831055,66.2185287475586,-0.12961866
-174.255279541016,-76.9419403076172,-0.0891405
-173.101959228516,52.066104888916,-0.2449737
-170.870697021484,63.3470840454102,0.01230699
-170.718231201172,63.7610321044922,-0.12159407
-169.714416503906,66.0602645874023,-0.13437121
-173.998931884766,-76.9450302124023,-0.08910796
-172.809341430664,52.3837280273438,-0.25317339
-170.578491210938,63.325798034668,0.02424537
-170.424072265625,63.739143371582,-0.06301639
-173.742538452148,-76.9480743408203,-0.09768485
-172.564437866211,52.2108497619629,-0.25564061
-172.53157043457,52.5367279052734,-0.26458707
-170.337310791016,63.1660652160645,0.02362042
-170.130386352539,63.7169532775879,-0.13656602
-173.486114501953,-76.9510803222656,-0.09783578
-172.287063598633,52.3640975952148,-0.26000999
-170.046600341797,63.1443824768066,0.02754522
-169.890670776367,63.5573654174805,-0.13320245
-173.22966003418,-76.9540481567383,-0.0898317
-172.75,-13.6198883056641,-0.01597123
-169.807418823242,62.9843788146973,0.00548777
-169.598556518555,63.5347747802734,-0.13630506
-166.961196899414,68.4166107177734,-0.11295398
-172.973175048828,-76.9569625854492,-0.09035515
-172.5,-13.8627319335938,-0.00449157
-172.5,-13.3767938613892,-0.03015375
-169.466506958008,63.1001434326172,-0.02599654
-169.360885620117,63.374927520752,-0.13083724
-168.327835083008,65.6650314331055,-0.17580613
-166.73454284668,68.2581024169922,-0.10399132
-166.547882080078,68.5114517211914,-0.11097084
-166.452438354492,68.6377182006836,-0.10710218
-166.355575561523,68.7637100219727,-0.10624071
-166.257263183594,68.8894271850586,-0.10980605
-172.716659545898,-76.9598388671875,-0.0908554
-172.25,-13.8627319335938,-0.01482524
-172.25,-13.3767938613892,-0.02879526
-169.177139282227,63.0775871276855,-0.03169771
-169.0703125,63.3519554138184,-0.12143234
-168.094879150391,65.5060348510742,-0.15438892
-167.956283569336,65.7702865600586,-0.17572659
-166.417037963867,68.226318359375,-0.09431641
-165.834686279297,68.9814147949219,-0.11789717
-172.460113525391,-76.9626693725586,-0.09156941
-172,-14.1053228378296,-0.007369
-172,-13.6198883056641,-0.02348196
-170.53076171875,57.1655807495117,-0.22003436
-168.888214111328,63.0547485351562,-4.615e-05
-168.780212402344,63.3286972045898,-0.13092552
-167.794464111328,65.4792098999023,-0.15423261
-167.582931518555,65.8744659423828,-0.17255605
-166.100448608398,68.1941757202148,-0.08961605
-165.512893676758,68.9475936889648,-0.11935385
-172.203536987305,-76.965461730957,-0.09171638
-171.75,-14.1053228378296,-0.0173851
-171.75,-13.6198883056641,-0.02782978
-170.946807861328,52.6357498168945,-0.26736992
-170.29035949707,56.9996910095215,-0.2198616
-170.231460571289,57.3002395629883,-0.23719386
-168.545562744141,63.168529510498,-0.1431045
-167.563858032227,65.3199996948242,-0.14436625
-167.207763671875,65.9775619506836,-0.16240641
-165.87858581543,68.0354080200195,-0.09094265
-165.192138671875,68.9133987426758,-0.11905443
-171.946929931641,-76.9682083129883,-0.09180967
-171.5,-13.8627319335938,-0.02441271
-170.704437255859,52.4632949829102,-0.26152878
-170.6669921875,52.7856140136719,-0.25812689
-169.991714477539,57.1344985961914,-0.23085757
-167.265380859375,65.2927780151367,-0.14491397
-166.830810546875,66.0795745849609,-0.15316121
-165.564636230469,68.0028305053711,-0.08658469
-164.767608642578,69.0028533935547,-0.11779927
-171.690307617188,-76.9709091186523,-0.0922618
-170.425048828125,52.613410949707,-0.27069256
-169.839492797852,56.516040802002,-0.23796664
-166.967529296875,65.265251159668,-0.13521463
-166.452056884766,66.1804962158203,-0.14419744
-165.251586914062,67.9699020385742,-0.08157674
-164.448059082031,68.9676513671875,-0.11544452
-171.433639526367,-76.9735717773438,-0.09285292
-169.600311279297,56.3492851257324,-0.24086877
-169.542922973633,56.6516990661621,-0.23415732
-166.809616088867,64.9738616943359,-0.14544336
-166.740463256836,65.1057739257812,-0.13648157
-166.670303344727,65.2374114990234,-0.12569036
-166.071517944336,66.2803115844727,-0.13676778
-165.034271240234,67.810920715332,-0.08482238
-164.021560668945,69.0552215576172,-0.10888174
-163.45719909668,69.6664505004883,-0.10784882
-163.339294433594,69.7878036499023,-0.1157719
-163.219650268555,69.9088516235352,-0.10114857
-171.176956176758,-76.976188659668,-0.09364003
-169.304382324219,56.4851150512695,-0.23329315
-166.650924682617,64.6819839477539,-0.14413655
-166.583084106445,64.8142318725586,-0.14293633
-165.689178466797,66.379020690918,-0.12826579
-164.72380065918,67.777587890625,-0.07760878
-163.592910766602,69.1415405273438,-0.10221566
-163.480895996094,69.263786315918,-0.1028024
-163.367233276367,69.3857269287109,-0.09560999
-163.251907348633,69.5073699951172,-0.09048035
-162.773406982422,69.9909210205078,-0.1075057
-162.649353027344,70.1110382080078,-0.10652372
-162.523468017578,70.2308502197266,-0.11258647
-170.920257568359,-76.978759765625,-0.09477858
-166.424880981445,64.5222015380859,-0.13406319
-165.305084228516,66.4766082763672,-0.11812993
-164.509170532227,67.6184844970703,-0.07839371
-162.069686889648,70.3103332519531,-0.12636682
-170.663513183594,-76.9812850952148,-0.09559731
-166.132553100586,64.4946670532227,-0.12690987
-165.003356933594,66.4453277587891,-0.1070914
-164.919219970703,66.5730819702148,-0.10391689
-164.201232910156,67.5847625732422,-0.06956956
-161.74494934082,70.2699584960938,-0.13108432
-170.406753540039,-76.983772277832,-0.09632491
-169.060852050781,53.033863067627,-0.27747957
-167.552322387695,60.2309951782227,-0.20544631
-165.8408203125,64.4668426513672,-0.11947304
-164.531585693359,66.6684188842773,-0.09898522
-164.082794189453,67.3000869750977,-0.07590549
-163.989166259766,67.4255523681641,-0.06773563
-161.289459228516,70.3474197387695,-0.13552507
-170.149978637695,-76.9862060546875,-0.09690468
-168.821228027344,52.862190246582,-0.28262362
-168.778518676758,53.1799201965332,-0.26706385
-167.320358276367,60.0682792663574,-0.17231398
-167.231643676758,60.3508605957031,-0.16128001
-165.549667358398,64.4387359619141,-0.11335441
-164.230102539062,66.6359786987305,-0.09497352
-163.871002197266,67.1408004760742,-0.07787742
-160.831832885742,70.4235382080078,-0.13337066
-160.69514465332,70.5407409667969,-0.11450088
-169.893173217773,-76.9886093139648,-0.09698447
-168.560791015625,52.8495941162109,-0.29036689
-168.495498657227,53.3250999450684,-0.2679413
-168.473022460938,53.482795715332,-0.25908054
-167.088928222656,59.9054145812988,-0.15612712
-166.95556640625,60.3291625976562,-0.15498696
-165.25910949707,64.4103393554688,-0.1081058
-163.929428100586,66.6032333374023,-0.09121441
-163.660064697266,66.9814682006836,-0.0789961
-160.232696533203,70.6148376464844,-0.12566358
-160.091262817383,70.7310256958008,-0.10043015
-159.947799682617,70.8468780517578,-0.07739374
-169.636337280273,-76.9909591674805,-0.09732735
-168.278839111328,52.9956016540527,-0.28842132
-168.256851196289,53.153938293457,-0.25816737
-168.188705444336,53.626522064209,-0.26201052
-166.814392089844,59.8841018676758,-0.1436869
-166.633682250977,60.447624206543,-0.13365161
-166.187561035156,61.6965522766113,-0.11763937
-166.134399414062,61.8337287902832,-0.11735179
-164.969146728516,64.3816680908203,-0.10395661
-163.889617919922,66.1901321411133,-0.07981917
-163.804138183594,66.3171081542969,-0.08233245
-163.717437744141,66.4437942504883,-0.08557608
-163.358291625977,66.9475936889648,-0.07757911
-159.477722167969,70.9182281494141,-0.08576978
-169.379486083984,-76.9932632446289,-0.10988061
-167.996215820312,53.1407241821289,-0.26697992
-167.927383422852,53.6128082275391,-0.26828617
-166.540191650391,59.8625679016113,-0.13599095
-166.35791015625,60.4252586364746,-0.12235391
-166.012939453125,61.397388458252,-0.11691921
-165.960815429688,61.5349807739258,-0.11189947
-165.800003051758,61.9458503723145,-0.11831647
-165.744873046875,62.0821800231934,-0.11083907
-165.68896484375,62.2181968688965,-0.11054266
-165.632263183594,62.3538970947266,-0.11564784
-164.608917236328,64.4835586547852,-0.09648297
-163.592330932617,66.1575927734375,-0.06914682
-163.057357788086,66.9134063720703,-0.06682622
-159.154663085938,70.8737182617188,-0.11778212
-169.122619628906,-76.9955291748047,-0.11185216
-167.735717773438,53.1273651123047,-0.284568
-167.666198730469,53.5989418029785,-0.27309662
-166.310684204102,59.6995162963867,-0.13760276
-166.082473754883,60.4026641845703,-0.11360858
-165.786437988281,61.235595703125,-0.11863761
-165.292907714844,62.4633979797363,-0.12126454
-165.114120483398,62.8670310974121,-0.11148012
-165.052856445312,63.0009613037109,-0.11594964
-164.319625854492,64.4540863037109,-0.0905687
-163.295806884766,66.1247482299805,-0.05804667
-162.663055419922,67.0035705566406,-0.04891121
-158.833084106445,70.8288726806641,-0.14222012
-168.86572265625,-76.9977493286133,-0.10056832
-167.452331542969,53.2712898254395,-0.25721284
-167.405166625977,53.5849266052246,-0.27645672
-165.992797851562,59.8188400268555,-0.12591288
-165.807418823242,60.3798446655273,-0.11161857
-165.560455322266,61.0736846923828,-0.11701835
-164.952285766602,62.5718765258789,-0.10526241
-164.892227172852,62.7061882019043,-0.09860741
-164.707000732422,63.1072692871094,-0.12416013
-164.643524169922,63.2403450012207,-0.12361166
-163.958053588867,64.5543899536133,-0.08297661
-163.000061035156,66.0916213989258,-0.05007891
-162.363220214844,66.968505859375,-0.0347545
-158.362609863281,70.8974456787109,-0.13118993
-168.608810424805,-76.9999313354492,-0.10033623
-167.168273925781,53.4143180847168,-0.25348345
-167.119888305664,53.7268028259277,-0.26619336
-167.095108032227,53.882438659668,-0.27475193
-165.719604492188,59.7966461181641,-0.12643244
-165.627471923828,60.0773887634277,-0.14542264
-165.580429077148,60.2172622680664,-0.14062052
-165.43522644043,60.6348838806152,-0.13332043
-165.283782958984,61.0495529174805,-0.10920614
-164.295013427734,63.3450736999512,-0.12930494
-163.669464111328,64.5241165161133,-0.07649634
-162.617263793945,66.1840896606445,-0.04070154
-162.159622192383,66.8090515136719,-0.03146151
-162.064239501953,66.9331359863281,-0.02442971
-158.043365478516,70.8515777587891,-0.13950759
-157.890228271484,70.9646072387695,-0.11724773
-168.35188293457,-77.0020599365234,-0.10005329
-166.907745361328,53.4001808166504,-0.27597091
-166.808517456055,54.022834777832,-0.26634682
-165.400634765625,59.9145622253418,-0.14052513
-165.209579467773,60.472526550293,-0.1611866
-165.109954833984,60.7495155334473,-0.1119579
-165.05908203125,60.8875160217285,-0.10500901
-164.01139831543,63.3167686462402,-0.12047902
-163.38151550293,64.4935836791992,-0.07065794
-162.322494506836,66.1501159667969,-0.0306269
-162.050048828125,66.5251541137695,-0.0236061
-161.95671081543,66.6495666503906,-0.02253384
-157.416015625,71.0303726196289,-0.12575141
-157.257949829102,71.1423034667969,-0.10468571
-157.09765625,71.2538604736328,-0.10009655
-156.935134887695,71.3650360107422,-0.11467827
-168.094940185547,-77.004150390625,-0.09937419
-166.622924804688,53.5419921875,-0.27613668
-166.547241210938,54.0078430175781,-0.27015328
-164.984375,60.3100471496582,-0.16961784
-163.728332519531,63.288215637207,-0.11158823
-163.168563842773,64.33349609375,-0.06794969
-162.028503417969,66.115852355957,-0.01863923
-161.847061157227,66.3656234741211,-0.01322503
-156.450714111328,71.427131652832,-0.12522678
-167.837966918945,-77.0061950683594,-0.09878579
-166.362457275391,53.5273857116699,-0.2884323
-166.311981201172,53.8380012512207,-0.27994044
-166.259872436523,54.1469993591309,-0.2816397
-164.759582519531,60.1474571228027,-0.16294858
-163.511978149414,63.1276054382324,-0.10329808
-162.882339477539,64.3026809692383,-0.05937821
-161.735305786133,66.0813064575195,-0.01098993
-161.644683837891,66.2060699462891,-0.00733105
-161.552810668945,66.3305206298828,-0.0047382
-156.298629760742,71.2680740356445,-0.18301243
-167.580978393555,-77.0081939697266,-0.09840261
-166.076904296875,53.66796875,-0.30063264
-166.025177001953,53.9774131774902,-0.2756494
-165.971786499023,54.2852439880371,-0.27722807
-164.486694335938,60.1237602233887,-0.15878555
-163.230422973633,63.0987968444824,-0.09382623
-162.521423339844,64.4003829956055,-0.04422212
-162.445053100586,64.5288391113281,-0.03555505
-155.982803344727,71.219123840332,-0.16861396
-167.323989868164,-77.0101470947266,-0.09764515
-165.764373779297,53.9619750976562,-0.27497691
-165.710556030273,54.2694396972656,-0.28004342
-164.263000488281,59.961067199707,-0.15807235
-162.882339477539,63.2010536193848,-0.08602376
-162.814361572266,63.3320503234863,-0.08099119
-162.081298828125,64.624885559082,-0.02581213
-155.668563842773,71.1698684692383,-0.15955497
-167.066970825195,-77.0120620727539,-0.09695564
-165.476821899414,54.1001434326172,-0.26843719
-164.039672851562,59.798267364502,-0.1497526
-162.463714599609,63.4326858520508,-0.06489131
-161.716217041016,64.719841003418,-0.00905507
-155.355926513672,71.1203079223633,-0.14725597
-166.809936523438,-77.0139236450195,-0.09643697
-165.132171630859,54.5424919128418,-0.26557232
-163.768524169922,59.7743873596191,-0.1495533
-162.111831665039,63.5322608947754,-0.04655426
-161.589309692383,64.4325332641602,-0.01536574
-161.430725097656,64.6869506835938,-0.00553863
-154.877197265625,71.1790237426758,-0.1556833
-166.55290222168,-77.0157470703125,-0.09634753
-164.899642944336,54.3737030029297,-0.24611258
-164.841903686523,54.6776313781738,-0.26475078
-164.812362670898,54.8289947509766,-0.26358688
-163.49772644043,59.750301361084,-0.13978923
-161.830795288086,63.5014801025391,-0.03250779
-161.383483886719,64.2725219726562,-0.00646271
-161.226165771484,64.5270233154297,-0.001
-161.064559936523,64.7802810668945,0.00893963
-154.567352294922,71.1285018920898,-0.1556943
-166.295837402344,-77.0175247192383,-0.0967902
-164.638854980469,54.357120513916,-0.23989954
-164.520736694336,54.9626083374023,-0.25714789
-163.227279663086,59.726016998291,-0.12867148
-161.550354003906,63.470458984375,-0.02336123
-161.178100585938,64.1124725341797,-0.00312728
-161.100601196289,64.2399291992188,0.00281618
-160.861770629883,64.6204223632812,0.01186283
-160.779998779297,64.7466201782227,0.01346706
-154.593811035156,70.8616485595703,-0.16747497
-154.427581787109,70.9698791503906,-0.16805995
-166.038772583008,-77.0192565917969,-0.09732793
-164.37825012207,54.3403968811035,-0.24695463
-164.25927734375,54.9450988769531,-0.24123405
-162.907409667969,59.8395309448242,-0.13612638
-161.197616577148,63.5679779052734,-0.00950586
-161.123779296875,63.6964340209961,-0.01612043
-161.048950195312,63.8245735168457,-0.00129304
-160.973114013672,63.9524002075195,0.00033307
-154.287872314453,70.8113021850586,-0.11110451
-154.121292114258,70.9191665649414,-0.13579663
-165.781692504883,-77.0209503173828,-0.09804768
-164.08854675293,54.4751091003418,-0.2509099
-163.966903686523,55.0774269104004,-0.23076148
-162.586578369141,59.9520454406738,-0.12110956
-162.535095214844,60.0891265869141,-0.12113984
-153.6474609375,70.9752655029297,-0.13865388
-165.524597167969,-77.0225982666016,-0.09874708
-163.798156738281,54.6088829040527,-0.24922439
-163.705612182617,55.0594253540039,-0.21543553
-162.316604614258,59.9267082214355,-0.10982
-162.26481628418,60.0635604858398,-0.11171237
-153.344009399414,70.9236373901367,-0.12649161
-165.267486572266,-77.0241928100586,-0.12030218
-163.537673950195,54.5913352966309,-0.24656386
-163.444519042969,55.0412750244141,-0.1872423
-162.098373413086,59.764217376709,-0.07468846
-152.870223999023,70.977668762207,-0.15512741
-110.86686706543,78.7885284423828,-0.13863533
-110.429428100586,78.795654296875,-0.13822022
-165.010375976562,-77.025749206543,-0.12117717
-163.24658203125,54.7238273620605,-0.24545285
-163.151397705078,55.1719589233398,-0.14827232
-162.077362060547,59.0498428344727,-0.03749465
-162.02912902832,59.1883239746094,-0.04178761
-161.980239868164,59.3264541625977,-0.04064613
-161.9306640625,59.4642295837402,-0.05056038
-161.880386352539,59.6016540527344,-0.05403032
-152.569686889648,70.9251403808594,-0.16015671
-111.257133483887,78.6837310791016,-0.13242628
-109.95964050293,78.7049102783203,-0.13711769
-164.75325012207,-77.0272674560547,-0.12232977
-163.047744750977,54.4054412841797,-0.23141764
-162.954818725586,54.8553695678711,-0.23210523
-162.857574462891,55.3016929626465,-0.1395124
-161.905136108398,58.7477569580078,-0.02102134
-161.857955932617,58.88671875,-0.07358359
-152.270751953125,70.8723602294922,-0.16576727
-112.940887451172,78.5467224121094,-0.1350024
-112.505981445312,78.5581741333008,-0.13565019
-112.072319030762,78.568717956543,-0.1398576
-111.640007019043,78.5783538818359,-0.1381494
-109.501968383789,78.6133422851562,-0.13643582
-164.496124267578,-77.0287322998047,-0.12311615
-162.81819152832,54.2370948791504,-0.2387798
-162.757293701172,54.5378532409668,-0.20869304
-162.662384033203,54.9859619140625,-0.22048177
-162.563064575195,55.4304695129395,-0.12400057
-162.528961181641,55.5778465270996,-0.12457696
-161.685531616211,58.5844230651855,-0.02519091
-152.145980834961,70.7145080566406,-0.1834938
-113.306030273438,78.438362121582,-0.13665136
-109.05623626709,78.5210037231445,-0.1348199
-164.238983154297,-77.030158996582,-0.12374275
-162.528396606445,54.3697814941406,-0.23415237
-162.402053833008,54.9672393798828,-0.21382072
-162.233047485352,55.7050628662109,-0.1179059
-161.419723510742,58.5602416992188,-0.02421435
-151.850387573242,70.6616058349609,-0.15766929
-113.664016723633,78.329460144043,-0.14116772
-109.033142089844,78.4243927001953,-0.1357705
-163.981842041016,-77.0315322875977,-0.12559125
-162.108932495117,55.0965309143066,-0.22436523
-161.936416625977,55.8313140869141,-0.10351119
-161.154251098633,58.5358848571777,-0.01661175
-151.727081298828,70.5039520263672,-0.13360913
-113.167625427246,78.246826171875,-0.140586
-112.745529174805,78.2588653564453,-0.13815159
-112.324607849121,78.2700042724609,-0.14240193
-111.90495300293,78.2802581787109,-0.1419418
-111.486656188965,78.2896270751953,-0.1410502
-111.069808959961,78.2981338500977,-0.14253252
-110.654510498047,78.3057708740234,-0.14318028
-109.41870880127,78.3236465454102,-0.14149775
-163.724685668945,-77.0328674316406,-0.12707141
-161.815139770508,55.2248611450195,-0.20883052
-161.639099121094,55.956600189209,-0.08271461
-160.841583251953,58.6497611999512,-0.00994454
-160.793426513672,58.7877960205078,-0.01072931
-151.434707641602,70.4509353637695,-0.10927234
-114.359008789062,78.1100845336914,-0.14537286
-110.204933166504,78.216423034668,-0.14030088
-109.797492980957,78.2223205566406,-0.13825526
-163.467529296875,-77.0341567993164,-0.12808333
-161.52067565918,55.3522300720215,-0.20837238
-161.341064453125,56.0809135437012,-0.06998976
-160.479049682617,58.9000778198242,0.01028486
-150.972839355469,70.5014495849609,-0.10566466
-114.696258544922,77.999626159668,-0.14780239
-113.863082885742,78.0295715332031,-0.14600499
-112.208465576172,78.0786514282227,-0.14031845
-111.797790527344,78.0887145996094,-0.13850655
-111.388473510742,78.0979156494141,-0.13725026
-110.980613708496,78.1062698364258,-0.13789951
-110.574295043945,78.11376953125,-0.14094906
-110.16960144043,78.1204376220703,-0.14515947
-109.766609191895,78.1262817382812,-0.1357471
-163.210357666016,-77.0354080200195,-0.12896259
-161.260604858398,55.3323211669922,-0.22006155
-161.080062866211,56.0599174499512,-0.05577851
-160.213836669922,58.87451171875,0.0189089
-150.510116577148,70.5505752563477,-0.11716451
-115.026832580566,77.8886795043945,-0.13798425
-113.788909912109,77.9345626831055,-0.14215966
-113.378005981445,77.9480514526367,-0.1429423
-112.968116760254,77.9606475830078,-0.1448514
-112.559341430664,77.9723587036133,-0.14304004
-109.339385986328,78.0353927612305,-0.12764107
-162.953201293945,-77.0366058349609,-0.12955363
-161.000732421875,55.3122749328613,-0.21687557
-160.96549987793,55.4583702087402,-0.23387283
-160.856643676758,55.8942680358887,0.00568695
-159.998474121094,58.7118110656738,0.02874113
-150.222106933594,70.4961471557617,-0.10080226
-114.94100189209,77.7942199707031,-0.14305813
-109.706283569336,77.934700012207,-0.13431551
-162.696029663086,-77.0377655029297,-0.12996196
-160.775955200195,55.1458206176758,-0.20997254
-160.705673217773,55.4379730224609,-0.20783471
-160.596282958984,55.8732109069824,-0.00604098
-160.558746337891,56.0174980163574,-0.00731178
-160.520660400391,56.1613922119141,-0.02280132
-160.482025146484,56.3048973083496,-0.03041924
-159.684432983398,58.8228759765625,0.0453964
-149.76008605957,70.5432968139648,-0.11156096
-116.482376098633,77.6270980834961,-0.15663877
-114.45149230957,77.7158279418945,-0.1447966
-114.04727935791,77.7308578491211,-0.14198967
-113.643936157227,77.7449951171875,-0.1429184
-110.066871643066,77.8334655761719,-0.13466398
-162.438858032227,-77.0388793945312,-0.13012274
-160.481628417969,55.271785736084,-0.21612166
-160.409957885742,55.5626983642578,-0.19357832
-160.181976318359,56.4259223937988,-0.01901497
-159.470169067383,58.660327911377,0.05042631
-149.297393798828,70.5890579223633,-0.1325098
-119.209533691406,77.3715591430664,-0.16715585
-118.805824279785,77.3975219726562,-0.16703074
-118.401931762695,77.4225387573242,-0.16545821
-117.997940063477,77.4466094970703,-0.16055195
-116.786270141602,77.5132064819336,-0.16259446
-115.979637145996,77.5529632568359,-0.15487202
-113.573081970215,77.6504364013672,-0.13668149
-110.033668518066,77.7381439208984,-0.13190768
-162.181671142578,-77.0399475097656,-0.12993656
-160.257598876953,55.1055068969727,-0.2253662
-160.113586425781,55.6864471435547,-0.20819031
-159.881240844727,56.5459594726562,-0.00345129
-159.255981445312,58.4977378845215,0.06270101
-149.013946533203,70.5332565307617,-0.1348596
-119.483795166016,77.2527694702148,-0.1658285
-117.483947753906,77.3768615722656,-0.1643054
-117.083953857422,77.3988723754883,-0.1646827
-115.88549041748,77.4593811035156,-0.15803751
-113.503280639648,77.556037902832,-0.13607521
-110.000961303711,77.6429824829102,-0.13077289
-161.924499511719,-77.0409774780273,-0.12938993
-160.033584594727,54.9391403198242,-0.22064619
-159.963348388672,55.2307739257812,-0.23359492
-159.854064941406,55.6652069091797,-0.20613537
-159.579833984375,56.6650123596191,0.01566363
-159.041854858398,58.3351020812988,0.07951019
-148.732040405273,70.4772491455078,-0.13315652
-119.752075195312,77.1335906982422,-0.16697686
-115.397979736328,77.3841400146484,-0.15635589
-113.044418334961,77.4747009277344,-0.13184629
-109.96875,77.5479888916016,-0.12718089
-161.667327880859,-77.0419540405273,-0.12907339
-159.740051269531,55.0646858215332,-0.23019055
-159.594772338867,55.6438369750977,-0.20474594
-159.277755737305,56.7830810546875,0.03810296
-158.730056762695,58.4457893371582,0.11249317
-158.680206298828,58.5819129943848,0.08213768
-158.629669189453,58.7176704406738,0.0791691
-148.451675415039,70.4210510253906,-0.13072045
-120.405685424805,76.9849395751953,-0.16933599
-120.014472961426,77.0140228271484,-0.14977327
-115.310440063477,77.2906951904297,-0.15285985
-112.595611572266,77.392463684082,-0.12797731
-110.689323425293,77.4398422241211,-0.12572368
-110.312362670898,77.4468994140625,-0.12556665
-161.41015625,-77.0428924560547,-0.1291758
-159.516754150391,54.898509979248,-0.21905765
-159.445922851562,55.1892547607422,-0.2257248
-159.297882080078,55.7658958435059,-0.20909756
-158.974990844727,56.9001541137695,0.07231113
-158.366821289062,58.6909790039062,0.09429292
-148.172821044922,70.3646621704102,-0.12683741
-120.658294677734,76.8642883300781,-0.16522869
-115.998573303223,77.1607208251953,-0.15460172
-115.611099243164,77.1795043945312,-0.15042361
-112.156761169434,77.3093566894531,-0.12858237
-111.77806854248,77.3195571899414,-0.12684578
-111.400688171387,77.3289413452148,-0.12575829
-111.024688720703,77.3375244140625,-0.12404695
-161.152969360352,-77.0437850952148,-0.12844312
-159.223342895508,55.023365020752,-0.21948048
-159.000366210938,55.8869705200195,-0.20930794
-158.714736938477,56.8764419555664,0.11069903
-158.671585083008,57.0162391662598,0.09395135
-158.627807617188,57.155647277832,0.1083578
-158.583435058594,57.2946701049805,0.09416392
-158.155227661133,58.5288696289062,0.12499144
-147.895477294922,70.3080902099609,-0.09405946
-121.287872314453,76.7118377685547,-0.16398323
-120.905258178711,76.7432708740234,-0.16601832
-115.905899047852,77.0678787231445,-0.15177573
-160.895797729492,-77.0446319580078,-0.12806519
-158.702209472656,56.0070610046387,-0.20422958
-158.277786254883,57.4085159301758,0.10897705
-157.842147827148,58.6371421813965,0.13524528
-147.61962890625,70.251335144043,-0.07613124
-121.525283813477,76.5897750854492,-0.15961161
-115.814514160156,76.9751739501953,-0.1491405
-160.638626098633,-77.0454406738281,-0.127674
-158.443389892578,55.9844932556152,-0.2098962
-158.362930297852,56.2674407958984,-0.19763408
-158.321838378906,56.4083213806152,-0.19978942
-157.971481323242,57.5213584899902,0.11684685
-157.924896240234,57.6587562561035,0.12233932
-157.877655029297,57.7957763671875,0.12462481
-157.829772949219,57.9324188232422,0.12560879
-157.781234741211,58.0686836242676,0.14737025
-157.732025146484,58.2045707702637,0.15356479
-157.682144165039,58.340087890625,0.15464986
-157.631576538086,58.4752311706543,0.13888022
-157.528381347656,58.7444038391113,0.15195499
-147.165969848633,70.2923736572266,-0.11948127
-122.504234313965,76.3989868164062,-0.15747964
-122.131164550781,76.4336471557617,-0.15712463
-121.757278442383,76.4673767089844,-0.15568574
-116.101127624512,76.8634185791016,-0.14828182
-114.597373962402,76.9350280761719,-0.14300867
-114.223045349121,76.9507751464844,-0.13932147
-113.849510192871,76.9656677246094,-0.13811061
-160.381454467773,-77.0462036132812,-0.12702799
-158.144714355469,56.1032371520996,-0.21327234
-158.06282043457,56.3849220275879,-0.20603114
-157.318832397461,58.5827140808105,0.16441768
-157.266723632812,58.7168655395508,0.1617997
-146.893249511719,70.2349014282227,-0.10716752
-122.722915649414,76.2749176025391,-0.16405737
-116.008598327637,76.7711639404297,-0.14834544
-114.890823364258,76.8257446289062,-0.14275806
-113.410011291504,76.8865509033203,-0.13776219
-160.124298095703,-77.0469207763672,-0.12540193
-157.762084960938,56.5014114379883,-0.20975807
-146.440963745117,70.2740478515625,-0.10997745
-122.936424255371,76.1505355834961,-0.1615588
-118.512229919434,76.5221481323242,-0.15549877
-118.141189575195,76.547233581543,-0.15433365
-115.91731262207,76.679069519043,-0.15347802
-114.810325622559,76.7332153320312,-0.14297102
-113.344078063965,76.7935409545898,-0.12205876
-109.055854797363,76.8975830078125,-0.12791813
-108.708473205566,76.9013595581055,-0.12329263
-159.867126464844,-77.0475921630859,-0.12201589
-159.75,21.942928314209,-0.10302076
-159.749984741211,22.1745681762695,-0.09770091
-157.460739135742,56.6169052124023,-0.20852932
-157.417434692383,56.7558937072754,-0.20670059
-146.171417236328,70.2158889770508,-0.10629093
-122.783706665039,76.0624923706055,-0.15531457
-118.39794921875,76.4314041137695,-0.1563252
-118.030296325684,76.4562911987305,-0.15447079
-116.560546875,76.547004699707,-0.15612125
-116.193702697754,76.567497253418,-0.1529091
-114.366737365723,76.6570587158203,-0.14407306
-114.003318786621,76.6724319458008,-0.13999856
-113.640731811523,76.6869812011719,-0.13688016
-109.379890441895,76.799446105957,-0.13096354
-108.348617553711,76.8106842041016,-0.12410524
-159.609970092773,-77.048225402832,-0.12127386
-159.5,21.7108955383301,-0.10230177
-159.499984741211,22.4058036804199,-0.10117636
-157.158782958984,56.7313995361328,-0.20745113
-145.903350830078,70.1575775146484,-0.10198072
-122.632858276367,75.9745483398438,-0.15631636
-118.649391174316,76.3151931762695,-0.15718906
-117.920845031738,76.3654861450195,-0.15573764
-116.828453063965,76.434326171875,-0.15592161
-115.738357543945,76.4953308105469,-0.15608464
-115.375846862793,76.5139465332031,-0.15675072
-115.013885498047,76.5317153930664,-0.15462625
-114.652549743652,76.5486373901367,-0.15287928
-109.698776245117,76.7008514404297,-0.12828202
-108.334518432617,76.7171325683594,-0.12521965
-159.352828979492,-77.0488128662109,-0.14275699
-159.25,21.9429225921631,-0.10147843
-159.249984741211,22.1745586395264,-0.1007469
-156.856216430664,56.844898223877,-0.20663362
-145.636764526367,70.0991134643555,-0.09423689
-122.127731323242,75.9219360351562,-0.16008351
-121.770843505859,75.9562683105469,-0.15954403
-118.534736633301,76.2249069213867,-0.16003152
-117.812789916992,76.2748260498047,-0.15744745
-116.730476379395,76.343147277832,-0.15696464
-116.010192871094,76.3843688964844,-0.15770165
-114.218070983887,76.4725570678711,-0.13061436
-109.67081451416,76.6076126098633,-0.13539646
-108.320610046387,76.6237640380859,-0.12512103
-159.095687866211,-77.0493545532227,-0.11870486
-156.55305480957,56.957389831543,-0.20122598
-145.371643066406,70.0404968261719,-0.08377006
-121.274917602539,75.901237487793,-0.15876895
-120.919700622559,75.9335403442383,-0.15574709
-119.493965148926,76.053840637207,-0.15899477
-119.136665344238,76.0816955566406,-0.15954622
-118.779159545898,76.1086654663086,-0.158717
-117.348487854004,76.2077789306641,-0.15943946
-116.991020202637,76.2303848266602,-0.1600688
-115.920211791992,76.2930297851562,-0.15977341
-113.792282104492,76.3955764770508,-0.14755377
-110.321334838867,76.5022888183594,-0.13090513
-109.981491088867,76.5087890625,-0.1333205
-108.306884765625,76.5305862426758,-0.12629957
-158.83854675293,-77.0498504638672,-0.1154409
-156.249313354492,57.0688819885254,-0.19008242
-156.203033447266,57.2053298950195,-0.18737187
-156.156112670898,57.3413925170898,-0.18518651
-144.926055908203,70.0762557983398,-0.08661706
-121.138275146484,75.8128890991211,-0.14264514
-120.786064147949,75.8449630737305,-0.15655418
-119.372650146484,75.9644088745117,-0.16103206
-118.309722900391,76.0447463989258,-0.15908874
-117.955238342285,76.0697784423828,-0.15841222
-116.538284301758,76.161247253418,-0.15899076
-116.184638977051,76.1819763183594,-0.15748474
-115.831382751465,76.2018585205078,-0.15541746
-113.723762512207,76.3036270141602,-0.15064434
-113.375122070312,76.3177261352539,-0.1463067
-113.027420043945,76.3310241699219,-0.1424019
-110.625122070312,76.40234375,-0.13213867
-108.293342590332,76.4375839233398,-0.12881689
-158.581420898438,-77.0503082275391,-0.11772637
-155.85026550293,57.4506034851074,-0.17817933
-144.664123535156,70.0170059204102,-0.0752402
-121.351951599121,75.6919250488281,-0.16689794
-120.654037475586,75.7565155029297,-0.16373921
-120.304306030273,75.787483215332,-0.1640922
-119.954154968262,75.8175735473633,-0.16430894
-119.603630065918,75.8467788696289,-0.16177549
-118.901786804199,75.9025726318359,-0.15999909
-118.550590515137,75.9291610717773,-0.15896489
-117.496757507324,76.0037155151367,-0.15855864
-116.79468536377,76.0491104125977,-0.15635208
-112.623229980469,76.2514495849609,-0.14289212
-110.588050842285,76.309814453125,-0.13038146
-107.957122802734,76.3470306396484,-0.12572566
-158.324295043945,-77.0507202148438,-0.11657202
-158.25,21.4784717559814,-0.06170477
-155.543838500977,57.5588073730469,-0.17333899
-155.494750976562,57.6932067871094,-0.17721918
-144.220321655273,70.0509414672852,-0.07499105
-144.035003662109,70.1437759399414,-0.09390965
-120.869873046875,75.6365509033203,-0.16831988
-119.13444519043,75.7859573364258,-0.15943695
-117.394020080566,75.9136352539062,-0.15693342
-116.698348999023,75.9587097167969,-0.15401266
-112.227592468262,76.1710891723633,-0.13797333
-110.220306396484,76.2245254516602,-0.13201151
-107.947242736816,76.2543869018555,-0.12571448
-158.067184448242,-77.0510864257812,-0.11687403
-158,21.2456722259521,-0.07941458
-158,21.7108840942383,-0.07478885
-155.186965942383,57.7997627258301,-0.17585819
-143.589645385742,70.1755447387695,-0.11823503
-119.362228393555,75.6689987182617,-0.16196929
-117.637489318848,75.8000717163086,-0.1583864
-116.947761535645,75.8465118408203,-0.1356728
-116.603202819824,75.8684616088867,-0.15373037
-112.174873352051,76.0792770385742,-0.13974244
-109.861152648926,76.1386032104492,-0.12611534
-109.536361694336,76.1441955566406,-0.13571905
-108.253753662109,76.1597213745117,-0.12670774
-157.810089111328,-77.0514144897461,-0.11767696
-157.75,21.4784698486328,-0.0852872
-154.878616333008,57.9053039550781,-0.17942462
-143.144500732422,70.2059936523438,-0.12158507
-119.243675231934,75.5803146362305,-0.16326573
-117.876091003418,75.6861419677734,-0.15851341
-117.192306518555,75.7339477539062,-0.1553752
-111.791648864746,75.9982604980469,-0.12134894
-109.510498046875,76.0520782470703,-0.13656993
-108.240882873535,76.0674819946289,-0.11993258
-107.927856445312,76.0696868896484,-0.12862096
-106.69263458252,76.0721740722656,-0.12822076
-157.553009033203,-77.0516967773438,-0.11546427
-154.820114135742,57.3435668945312,-0.18518277
-154.771362304688,57.4775924682617,-0.18348953
-154.569717407227,58.0098304748535,-0.1793717
-154.075073242188,59.1851119995117,-0.18789202
-154.016448974609,59.3138236999512,-0.19453046
-142.889862060547,70.1448287963867,-0.11999331
-118.787757873535,75.5193252563477,-0.16280512
-118.448860168457,75.5460205078125,-0.15146093
-118.109901428223,75.5718688964844,-0.16038075
-117.432037353516,75.6210174560547,-0.1566694
-111.743476867676,75.90673828125,-0.13943224
-109.803245544434,75.9546356201172,-0.13349992
-107.610336303711,75.9791717529297,-0.13303132
-107.304206848145,75.9800872802734,-0.12675406
-107,75.9803924560547,-0.12689851
-157.295928955078,-77.0519332885742,-0.11745304
-157.25,21.0124931335449,-0.06965986
-154.842849731445,56.5056648254395,-0.20129326
-154.659027099609,57.0478134155273,-0.19867911
-154.61149597168,57.1823654174805,-0.20118952
-154.464981079102,57.5836753845215,-0.18709449
-154.260269165039,58.1133422851562,-0.18392733
-153.817001342773,59.1544189453125,-0.18512265
-153.698791503906,59.4109420776367,-0.19566055
-153.638534545898,59.5386505126953,-0.18923004
-142.636672973633,70.0835571289062,-0.11660868
-117.33113861084,75.5317230224609,-0.15696852
-111.69588470459,75.8153991699219,-0.13249481
-110.09147644043,75.8567886352539,-0.12990885
-157.038864135742,-77.052131652832,-0.11899875
-157,20.7789402008057,-0.0733592
-157,21.2456703186035,-0.06781391
-154.631332397461,56.3437538146973,-0.21251347
-154.541748046875,56.6159133911133,-0.17490137
-154.449676513672,56.8864822387695,-0.26235085
-154.158065795898,57.6887474060059,-0.1879208
-154.107131958008,57.8210945129395,-0.18604068
-153.950256347656,58.2158393859863,-0.17506185
-153.896575927734,58.3466529846191,-0.17679405
-153.842178344727,58.4770889282227,-0.17787199
-153.787063598633,58.6071472167969,-0.1888752
-153.559295654297,59.1236114501953,-0.17715287
-153.319458007812,59.6341018676758,-0.18643228
-142.38493347168,70.0221786499023,-0.11223879
-117.564323425293,75.4187698364258,-0.15605778
-111.328514099121,75.7338943481445,-0.13537839
-109.746757507324,75.7714385986328,-0.12548842
-109.434799194336,75.7768630981445,-0.13697287
-156.781814575195,-77.0522842407227,-0.10580489
-156.75,20.7789402008057,-0.07226145
-156.75,21.0124912261963,-0.08169356
-154.331115722656,56.4542999267578,-0.24373212
-154.240142822266,56.725154876709,-0.2109837
-154.193710327148,56.8599891662598,-0.2133904
-153.798934936523,57.9245071411133,-0.19125643
-153.530059814453,58.5772819519043,-0.18297203
-153.360107421875,58.9643974304199,-0.1807298
-152.99983215332,59.7285270690918,-0.19234351
-152.937057495117,59.8545837402344,-0.19366328
-142.134628295898,69.9607086181641,-0.10677646
-117.792877197266,75.3054733276367,-0.15948819
-111.285194396973,75.6428604125977,-0.13461969
-109.102897644043,75.6902313232422,-0.13897113
-156.524765014648,-77.0523986816406,-0.10799677
-156.5,20.5450229644775,-0.06562399
-156.5,21.0124912261963,-0.06912672
-154.030395507812,56.5638427734375,-0.19488786
-153.938018798828,56.8333930969238,-0.1891791
-153.54264831543,57.8958435058594,-0.19574854
-153.437072753906,58.1575775146484,-0.19501965
-153.217422485352,58.676456451416,-0.18336192
-153.160705566406,58.8052253723145,-0.18739351
-152.61604309082,59.947338104248,-0.20504817
-152.551574707031,60.0723876953125,-0.21156655
-152.486297607422,60.1970710754395,-0.21777599
-141.885726928711,69.8991317749023,-0.10109578
-117.689636230469,75.2169799804688,-0.15817412
-111.242393493652,75.5520248413086,-0.11959653
-110.929496765137,75.5608215332031,-0.13370485
-110.617919921875,75.5689086914062,-0.13832831
-110.307716369629,75.5762939453125,-0.13867651
-109.99893951416,75.5830001831055,-0.13356408
-109.691635131836,75.5890197753906,-0.13199744
-109.385848999023,75.594367980957,-0.13292882
-109.081634521484,75.5990447998047,-0.14052522
-156.26774597168,-77.0524673461914,-0.10897757
-156.25,20.5450229644775,-0.06630939
-156.25,21.0124912261963,-0.05471906
-153.635406494141,56.9406204223633,-0.18157677
-153.286682128906,57.8670768737793,-0.20057354
-153.234176635742,57.9978713989258,-0.20308785
-153.127059936523,58.2583084106445,-0.20732077
-152.162979125977,60.2875099182129,-0.22180055
-152.095977783203,60.4111824035645,-0.21417497
-152.028137207031,60.5344924926758,-0.18359309
-151.959426879883,60.6574401855469,-0.16501191
-141.638244628906,69.8374710083008,-0.09410979
-124.64070892334,74.3855361938477,-0.1723848
-124.327789306641,74.4281463623047,-0.17143408
-124.013793945312,74.4699249267578,-0.17293432
-123.698760986328,74.5108642578125,-0.17156758
-117.263298034668,75.1528091430664,-0.15450915
-156.010726928711,-77.052490234375,-0.11096204
-156,19.1340980529785,-0.07679855
-156,19.3701171875,-0.0766473
-156,19.6057929992676,-0.06839288
-156,19.8411273956299,-0.06786204
-156,20.0761108398438,-0.07376808
-156,20.7789402008057,-0.06010666
-153.380218505859,56.9135704040527,-0.18759478
-152.816558837891,58.358024597168,-0.22124716
-152.761154174805,58.4870223999023,-0.21997595
-152.705047607422,58.6156387329102,-0.21390435
-151.632904052734,60.7449111938477,-0.1506965
-151.562423706055,60.8668518066406,-0.14633808
-151.491058349609,60.9884262084961,-0.12988345
-141.392135620117,69.7757263183594,-0.08806906
-124.792198181152,74.2588729858398,-0.18151179
-123.234176635742,74.4664764404297,-0.18034724
-122.919662475586,74.5054931640625,-0.17459501
-122.604293823242,74.5436706542969,-0.17124652
-116.843978881836,75.0876617431641,-0.15323536
-116.522956848145,75.1100311279297,-0.15058875
-155.75373840332,-77.0524749755859,-0.11277834
-155.75,18.897741317749,-0.06393294
-155.75,20.3107452392578,-0.06601064
-153.077331542969,57.0194320678711,-0.18971331
-153.028717041016,57.1520462036133,-0.1818384
-152.979461669922,57.2842674255371,-0.17494017
-152.723098754883,57.9394989013672,-0.18989367
-152.669769287109,58.0693817138672,-0.20868132
-152.392486572266,58.7130432128906,-0.21333053
-152.096755981445,59.3472213745117,-0.18983768
-151.910064697266,59.7232360839844,-0.21490434
-151.846252441406,59.8478317260742,-0.21822654
-151.781631469727,59.9720573425293,-0.2274476
-151.716186523438,60.0959129333496,-0.20773531
-151.649917602539,60.2194023132324,-0.19680992
-151.582809448242,60.3425216674805,-0.18840679
-151.514862060547,60.4652786254883,-0.17369904
-151.446075439453,60.5876655578613,-0.17667303
-151.376419067383,60.7096862792969,-0.16027855
-151.162200927734,61.0735702514648,-0.12903569
-141.147430419922,69.7138900756836,-0.0804
-124.633506774902,74.1757507324219,-0.18387472
-122.148422241211,74.4959335327148,-0.18097557
-121.833999633789,74.5322036743164,-0.17154687
-121.518913269043,74.5676345825195,-0.17388115
-116.431678771973,75.0215682983398,-0.15214714
-155.496765136719,-77.0524139404297,-0.11332761
-155.5,18.897741317749,-0.04097162
-155.5,20.3107452392578,-0.04407394
-152.724670410156,57.2562446594238,-0.18652884
-152.468048095703,57.9101638793945,-0.20763132
-152.414672851562,58.0397796630859,-0.21585386
-152.250305175781,58.4263229370117,-0.19346767
-152.194076538086,58.5544013977051,-0.20257831
-151.901885986328,59.1891174316406,-0.18827912
-151.779678344727,59.4403648376465,-0.2135689
-151.717407226562,59.5654296875,-0.21270884
-151.049835205078,60.795726776123,-0.13788687
-150.978408813477,60.9167404174805,-0.13069992
-150.832870483398,61.1576728820801,-0.1195916
-140.904067993164,69.6519775390625,-0.07224291
-124.476402282715,74.0927352905273,-0.18290535
-121.072471618652,74.5166320800781,-0.17261688
-116.026382446289,74.9545516967773,-0.15129734
-115.711730957031,74.9750289916992,-0.14742811
-115.397506713867,74.9947280883789,-0.15331198
-114.458038330078,75.0491180419922,-0.14074212
-114.146141052246,75.0656967163086,-0.13907429
-112.598625183105,75.1372985839844,-0.13383967
-112.29190826416,75.1493911743164,-0.13298046
-155.239807128906,-77.0523071289062,-0.15362133
-155.25,19.1340980529785,0.01000535
-155.25,20.0761108398438,-0.0366962
-152.420150756836,57.359432220459,-0.19380516
-152.266052246094,57.7509880065918,-0.20255183
-152.105773925781,58.139045715332,-0.21609613
-151.995407104492,58.3958168029785,-0.20876185
-151.646728515625,59.1569900512695,-0.19076571
-150.650466918945,61.001091003418,-0.1245407
-150.50309753418,61.2407302856445,-0.11244275
-140.476379394531,69.6771697998047,-0.07864295
-124.622512817383,73.9665756225586,-0.18442821
-120.63191986084,74.4645080566406,-0.16832203
-115.005821228027,74.9249801635742,-0.1502393
-114.695495605469,74.942985534668,-0.14244604
-113.768463134766,74.9924163818359,-0.14133679
-113.460952758789,75.0073776245117,-0.13724422
-113.154289245605,75.0215911865234,-0.12414344
-112.848518371582,75.0350646972656,-0.13307444
-112.543701171875,75.0478057861328,-0.12182096
-112.239883422852,75.0598220825195,-0.13170757
-154.982864379883,-77.0521621704102,-0.11287265
-155,19.1340980529785,-0.01303729
-155,19.8411273956299,-0.04023764
-152.115173339844,57.4616088867188,-0.20352985
-152.063766479492,57.5918617248535,-0.20326066
-151.796417236328,58.2372932434082,-0.20821508
-151.391952514648,59.1247634887695,-0.24423363
-150.322082519531,61.0844078063965,-0.12121359
-150.247924804688,61.2037582397461,-0.11659295
-140.236297607422,69.6147766113281,-0.07074703
-124.466285705566,73.8840255737305,-0.18164932
-120.506416320801,74.3789825439453,-0.17112587
-113.702705383301,74.9034957885742,-0.1420649
-113.398048400879,74.9183578491211,-0.13819047
-113.094245910645,74.9324798583984,-0.1355582
-112.79133605957,74.9458618164062,-0.13438206
-154.725936889648,-77.0519790649414,-0.11433372
-154.75,19.3701171875,-0.02906454
-154.75,19.6057929992676,-0.03125254
-151.076751708984,59.2174301147461,-0.20122979
-150.067413330078,61.0476112365723,-0.11808087
-149.993270874023,61.1666793823242,-0.11528408
-139.811157226562,69.6383056640625,-0.08745037
-124.014312744141,73.8443298339844,-0.17303161
-120.075607299805,74.3257217407227,-0.16944018
-114.243690490723,74.7830123901367,-0.14249972
-113.940307617188,74.7992630004883,-0.1465707
-108.939559936523,74.9663848876953,-0.10987075
-108.657417297363,74.97021484375,-0.10951778
-106.728172302246,74.9803314208984,-0.10842043
-154.469024658203,-77.0517501831055,-0.11810435
-150.761123657227,59.3090744018555,-0.20294467
-139.574340820312,69.5754547119141,-0.08080712
-124.158355712891,73.7192459106445,-0.17796233
-123.863273620605,73.7617492675781,-0.16283059
-119.65071105957,74.2713928222656,-0.1715915
-114.475090026855,74.6777954101562,-0.15124238
-109.483543395996,74.8673553466797,-0.11248796
-109.20108795166,74.8724060058594,-0.11427262
-108.363082885742,74.8838272094727,-0.11075908
-108.087005615234,74.8864212036133,-0.11126736
-107.812622070312,74.8884201049805,-0.11018156
-107.539962768555,74.8898315429688,-0.10863709
-107.269081115723,74.8906784057617,-0.1073071
-107,74.8909530639648,-0.10873001
-154.212142944336,-77.0514755249023,-0.11944195
-150.445083618164,59.3996963500977,-0.20509311
-139.151840209961,69.5973510742188,-0.12481464
-124.298530578613,73.5939636230469,-0.17815079
-119.231758117676,74.2160415649414,-0.17303202
-118.626693725586,74.2738342285156,-0.17238963
-118.32396697998,74.3015289306641,-0.17197171
-118.021186828613,74.3284225463867,-0.16939701
-114.403213500977,74.5897750854492,-0.15097187
-110.591987609863,74.7516098022461,-0.11272677
-110.306617736816,74.7592086791992,-0.11635746
-110.022605895996,74.7661437988281,-0.11823181
-109.739990234375,74.7724304199219,-0.11763189
-153.955276489258,-77.0511627197266,-0.11942022
-150.128646850586,59.4892921447754,-0.20124004
-150.064666748047,59.6119499206543,-0.20438324
-138.918304443359,69.534065246582,-0.13565251
-124.434875488281,73.4684829711914,-0.18458848
-119.118721008301,74.1305465698242,-0.17636613
-118.818778991699,74.1596755981445,-0.17422978
-117.618072509766,74.2681732177734,-0.1678227
-114.332092285156,74.5019454956055,-0.15295558
-110.556533813477,74.6627197265625,-0.12265848
-153.698425292969,-77.0508117675781,-0.12064696
-149.747039794922,59.6998748779297,-0.2052721
-149.68147277832,59.8215026855469,-0.2031524
-138.686080932617,69.4707336425781,-0.13909539
-124.567436218262,73.3428039550781,-0.18443194
-117.221199035645,74.2070007324219,-0.16451049
-113.96858215332,74.4308929443359,-0.15184845
-111.368782043457,74.5475997924805,-0.13262037
-111.085113525391,74.5570831298828,-0.13486209
-110.80265045166,74.5658950805664,-0.13468934
-153.441604614258,-77.0504150390625,-0.12268369
-149.362670898438,59.9077491760254,-0.20418801
-138.640197753906,69.3235473632812,-0.114465
-124.977760314941,73.1714401245117,-0.18299879
-124.696258544922,73.2169494628906,-0.18369531
-116.830581665039,74.1449127197266,-0.16260399
-113.611854553223,74.3590850830078,-0.13503403
-113.322875976562,74.3740921020508,-0.14957529
-113.034721374512,74.3883819580078,-0.14967741
-112.175735473633,74.4269714355469,-0.14498455
-111.891395568848,74.4384384155273,-0.14621921
-111.608131408691,74.4492111206055,-0.14510576
-153.184799194336,-77.0499801635742,-0.17041196
-149.11067199707,59.8726539611816,-0.19954045
-138.409881591797,69.2604598999023,-0.10264295
-125.099807739258,73.0448684692383,-0.1797749
-116.738349914551,74.0588073730469,-0.16265803
-112.691772460938,74.3142395019531,-0.15086462
-112.408088684082,74.327018737793,-0.15339418
-152.928024291992,-77.0494995117188,-0.12635761
-148.859115600586,59.8374710083008,-0.19890361
-148.298431396484,60.7873268127441,-0.18852179
-148.224472045898,60.9043922424316,-0.18860874
-138.18083190918,69.1973419189453,-0.09094578
-124.942863464355,72.9646987915039,-0.18220358
-116.357444763184,73.9958801269531,-0.16220316
-152.671264648438,-77.0489807128906,-0.1291176
-148.540863037109,59.9219665527344,-0.20201846
-148.192855834961,60.5151290893555,-0.18777647
-148.120681762695,60.6326446533203,-0.18982631
-147.973739624023,60.8665657043457,-0.19207158
-137.953033447266,69.1342010498047,-0.07650244
-125.060737609863,72.8383178710938,-0.17834923
-124.787315368652,72.8846435546875,-0.18213268
-116.269546508789,73.9100112915039,-0.16197212
-152.414535522461,-77.0484161376953,-0.13419251
-148.222305297852,60.0054397583008,-0.20492541
-148.153594970703,60.1241607666016,-0.19982637
-148.084060668945,60.2425079345703,-0.19188059
-148.013656616211,60.360481262207,-0.18631585
-147.648742675781,60.9447746276855,-0.19551737
-137.726455688477,69.0710296630859,-0.06212079
-125.17504119873,72.7117767333984,-0.17675777
-115.898208618164,73.8462905883789,-0.16189955
-152.157836914062,-77.0478134155273,-0.13886687
-148.039932250977,59.8506469726562,-0.21261819
-147.972106933594,59.9694595336914,-0.21971103
-147.399032592773,60.9065055847168,-0.20197798
-137.319534301758,69.0900421142578,-0.01935461
-125.285820007324,72.5850830078125,-0.17476599
-115.814506530762,73.7606735229492,-0.16334979
-151.901153564453,-77.0471725463867,-0.13877683
-147.857055664062,59.6959762573242,-0.20418037
-147.653747558594,60.0515594482422,-0.21962508
-147.584320068359,60.1693344116211,-0.2097748
-147.514053344727,60.2867393493652,-0.21654557
-147.074340820312,60.983325958252,-0.20382304
-137.096115112305,69.0265121459961,0.01826779
-125.393104553223,72.4582290649414,-0.16869137
-115.731620788574,73.6752624511719,-0.16435537
-151.644500732422,-77.0464935302734,-0.13731463
-151.75,-16.7559223175049,-0.02904916
-147.54069519043,59.7790412902832,-0.21278198
-147.193878173828,60.3665008544922,-0.21790725
-146.82568359375,60.9446220397949,-0.20552997
-136.873916625977,68.9629745483398,0.04523322
-136.136581420898,69.2840576171875,-0.00522832
-135.948028564453,69.3629989624023,-0.01160194
-125.757316589355,72.2821044921875,-0.16121007
-125.496948242188,72.3312377929688,-0.16188116
-115.372932434082,73.6108703613281,-0.16547402
-151.38786315918,-77.045768737793,-0.13605212
-151.5,-16.9951572418213,-0.0196402
-151.5,-16.5163860321045,-0.02743553
-147.224075317383,59.8610916137695,-0.20276355
-147.155624389648,59.9786758422852,-0.20607023
-147.086334228516,60.0958786010742,-0.20933814
-147.016220092773,60.2127113342285,-0.21845217
-146.873458862305,60.4452476501465,-0.21468094
-146.65283203125,60.7912521362305,-0.20359538
-136.652908325195,68.8994216918945,0.05957608
-136.104736328125,69.1400985717773,0.01779581
-135.541519165039,69.3759765625,0.00547793
-135.35041809082,69.4535217285156,-0.00123243
-135.157638549805,69.5305099487305,-0.00567265
-125.854804992676,72.1544799804688,-0.15919394
-115.294036865234,73.5257339477539,-0.16582905
-151.134841918945,-76.9859313964844,-0.13741171
-151.25,-16.7559223175049,-0.0526527
-146.697113037109,60.2917671203613,-0.21213752
-146.552810668945,60.5229797363281,-0.21159372
-146.405044555664,60.7527008056641,-0.20554672
-136.252777099609,68.9163055419922,0.07947457
-136.070831298828,68.996223449707,0.06089923
-134.750747680664,69.5406188964844,0.01145655
-134.555511474609,69.6161880493164,0.0043207
-134.358581542969,69.6912002563477,-0.00491418
-125.948936462402,72.026725769043,-0.15954826
-115.487693786621,73.4202117919922,-0.17145393
-150.878448486328,-76.9851455688477,-0.11615146
-146.449401855469,60.2543067932129,-0.20901857
-146.305297851562,60.4849433898926,-0.21935927
-146.231964111328,60.5997009277344,-0.20997016
-136.034881591797,68.8524398803711,0.09869546
-135.853713989258,68.9320449829102,0.08119058
-133.951629638672,69.6984100341797,0.00172257
-125.788108825684,71.9494476318359,-0.16194127
-116.489265441895,73.2463836669922,-0.17897657
-116.218475341797,73.2697982788086,-0.17571735
-115.947959899902,73.2924652099609,-0.17507767
-115.677757263184,73.3144073486328,-0.1732717
-115.138488769531,73.3560791015625,-0.16071077
-114.869514465332,73.3758239746094,-0.12607294
-114.601043701172,73.3948516845703,-0.16000243
-107.943969726562,73.6546173095703,-0.15811996
-107.705490112305,73.6564407348633,-0.159711
-106.76651763916,73.6584930419922,-0.15651241
-150.622085571289,-76.9843139648438,-0.13216864
-150.625930786133,-76.9250717163086,-0.13062887
-150.629669189453,-76.8656234741211,-0.11685593
-150.633346557617,-76.8059692382812,-0.13451229
-150.636917114258,-76.7461090087891,-0.14243692
-146.130615234375,60.3320045471191,-0.21531856
-145.985015869141,60.5613174438477,-0.20978629
-133.744491577148,69.631217956543,0.02018998
-125.377449035645,71.9219207763672,-0.16317463
-117.207557678223,73.0881958007812,-0.1780892
-116.938522338867,73.1137008666992,-0.17325805
-116.669631958008,73.1384658813477,-0.17068322
-116.400924682617,73.1624908447266,-0.16761968
-116.132446289062,73.1857681274414,-0.1655945
-115.864250183105,73.2083129882812,-0.1652913
-115.596374511719,73.2301254272461,-0.16155427
-115.328872680664,73.2512054443359,-0.15300193
-114.263534545898,73.3283157348633,-0.15254099
-108.172180175781,73.5659866333008,-0.15629532
-107.463920593262,73.5714263916016,-0.15805996
-107,73.5724411010742,-0.15843163
-150.38493347168,-76.6852493286133,-0.14636554
-150.38850402832,-76.6249847412109,-0.15103643
-145.811645507812,60.4086952209473,-0.20850243
-133.92839050293,69.4164047241211,0.05719713
-133.734298706055,69.4905090332031,0.04916723
-125.220848083496,71.8446426391602,-0.16570226
-117.647026062012,72.9519424438477,-0.17623631
-117.380088806152,72.9788055419922,-0.17147806
-117.113212585449,73.0049133300781,-0.16705126
-116.846435546875,73.0302886962891,-0.16358608
-116.579811096191,73.0549087524414,-0.16242574
-113.931999206543,73.2610855102539,-0.1179468
-107.925086975098,73.482292175293,-0.15669205
-107.691352844238,73.4840850830078,-0.15850582
-107,73.4863662719727,-0.15499224
-150.136856079102,-76.5637054443359,-0.15208487
-145.565490722656,60.3704872131348,-0.20965731
-133.721771240234,69.3498687744141,0.06539852
-133.528625488281,69.4236755371094,0.05874852
-133.333862304688,69.4969177246094,0.05150821
-133.13752746582,69.5695953369141,0.04194798
-132.939575195312,69.6416931152344,0.02958466
-132.740036010742,69.7132110595703,0.01483117
-132.53889465332,69.7841415405273,0.00034486
-124.816696166992,71.8159255981445,-0.16416042
-118.607772827148,72.7548141479492,-0.1683703
-118.343215942383,72.7845230102539,-0.16581621
-118.078552246094,72.8134841918945,-0.17461246
-117.813827514648,72.8416900634766,-0.17303478
-117.54907989502,72.8691482543945,-0.16882726
-117.284355163574,72.895866394043,-0.16560729
-113.866012573242,73.1765747070312,-0.15628729
-107.91577911377,73.3964767456055,-0.15618986
-107.684379577637,73.3982696533203,-0.15756927
-106.773536682129,73.4002914428711,-0.15843251
-149.881729125977,-76.562873840332,-0.15191797
-145.319793701172,60.3322296142578,-0.21223584
-132.137802124023,69.7859420776367,-0.00171187
-131.9345703125,69.8554077148438,-0.00992817
-131.729782104492,69.9242782592773,-0.02068775
-131.5234375,69.992546081543,-0.03185063
-124.664237976074,71.7386703491211,-0.16397843
-119.026359558105,72.6114883422852,-0.16809534
-118.764274597168,72.6425399780273,-0.16583741
-118.239601135254,72.7023849487305,-0.16012142
-117.977104187012,72.7311935424805,-0.16038912
-117.714553833008,72.7592468261719,-0.16491109
-113.800628662109,73.0922927856445,-0.15494189
-108.137222290039,73.3086090087891,-0.15750004
-107.449989318848,73.3139419555664,-0.15244774
-107.224159240723,73.314697265625,-0.15481951
-107,73.31494140625,-0.15816938
-106.775840759277,73.314697265625,-0.16110454
-149.62663269043,-76.56201171875,-0.15379573
-149.75,-17.7110137939453,-0.07555804
-145.074554443359,60.2939262390137,-0.21369338
-131.122802734375,69.9905700683594,0.04040886
-130.914520263672,70.0573425292969,-0.03282331
-130.704727172852,70.1234970092773,-0.04041677
-130.493423461914,70.1890335083008,-0.04846241
-124.266593933105,71.7087936401367,-0.16659031
-119.177055358887,72.4983901977539,-0.16976598
-118.397163391113,72.5910491943359,-0.16237214
-113.735824584961,73.0082321166992,-0.15180326
-113.226615905762,73.0403671264648,-0.16080999
-112.973136901855,73.055419921875,-0.16394685
-108.125770568848,73.2232971191406,-0.15611663
-149.375579833984,-76.5004806518555,-0.15738205
-149.379501342773,-76.4396438598633,-0.16557404
-149.383331298828,-76.3785858154297,-0.16295973
-149.5,-17.9490070343018,-0.06898453
-149.5,-17.4727058410645,-0.08339249
-144.829742431641,60.2555770874023,-0.21898222
-130.093826293945,70.1832733154297,-0.04065265
-129.880752563477,70.2472839355469,-0.053044
-124.118194580078,71.6315994262695,-0.16885499
-119.066833496094,72.4172744750977,-0.16836871
-118.551254272461,72.4794769287109,-0.16298166
-113.924957275391,72.9073944091797,-0.14995973
-113.418922424316,72.9407196044922,-0.15087632
-112.665382385254,72.9856109619141,-0.16541444
-110.696296691895,73.076530456543,-0.15827132
-110.455009460449,73.0850601196289,-0.15755042
-108.342063903809,73.1354217529297,-0.15349886
-149.132598876953,-76.3164443969727,-0.17809982
-149.25,-17.9490070343018,-0.07471711
-149.25,-17.4727058410645,-0.07150289
-144.656982421875,60.1040725708008,-0.23311586
-129.483123779297,70.2395324707031,-0.05776321
-128.173828125,70.6047286987305,-0.17345583
-123.97093963623,71.5545425415039,-0.17122578
-119.977378845215,72.2036895751953,-0.16629312
-119.722900390625,72.2379760742188,-0.16360919
-119.468070983887,72.2715148925781,-0.16538595
-119.212936401367,72.3043060302734,-0.16671109
-118.70191192627,72.3676681518555,-0.16326773
-113.859039306641,72.8238830566406,-0.14661391
-113.607940673828,72.8407974243164,-0.14547881
-112.36353302002,72.9152145385742,-0.1653602
-112.117164611816,72.9281158447266,-0.16481187
-110.900146484375,72.9829711914062,-0.1618054
-110.183197021484,73.0084228515625,-0.15695161
-109.946647644043,73.0157089233398,-0.15437185
-108.328552246094,73.0506210327148,-0.15399836
-148.878143310547,-76.315544128418,-0.17968217
-149,-17.7110137939453,-0.06299694
-144.412902832031,60.0659294128418,-0.23826371
-129.301223754883,70.1684875488281,-0.04804534
-128.220153808594,70.4731292724609,-0.08485942
-127.778190612793,70.590446472168,-0.1846068
-123.824806213379,71.4776306152344,-0.17150966
-120.113052368164,72.0887908935547,-0.16427872
-118.341819763184,72.3171997070312,-0.15840377
-114.293319702148,72.7049102783203,-0.14147449
-114.04320526123,72.7230987548828,-0.14430094
-113.54483795166,72.7574234008789,-0.14175055
-111.824401855469,72.8564300537109,-0.16559143
-110.861885070801,72.8988037109375,-0.16016548
-109.684455871582,72.9380035400391,-0.15474302
-108.315162658691,72.9660568237305,-0.15470305
-148.627777099609,-76.253173828125,-0.18505472
-148.631744384766,-76.191520690918,-0.19210662
-144.16926574707,60.0277519226074,-0.23705939
-129.955047607422,69.8434753417969,0.00659773
-129.74853515625,69.9079208374023,-0.002688
-129.540588378906,69.9717483520508,-0.01342179
-129.331237792969,70.0349502563477,-0.02644418
-128.263580322266,70.3414993286133,-0.03793512
-127.606750488281,70.5176773071289,-0.17661245
-123.67977142334,71.4008712768555,-0.17114364
-120.245346069336,71.9736785888672,-0.16626893
-118.741653442383,72.1751098632812,-0.15860508
-118.490112304688,72.2061004638672,-0.15892639
-118.238410949707,72.2363586425781,-0.1562409
-114.224113464355,72.6220474243164,-0.13366109
-113.976211547852,72.6401443481445,-0.13672795
-113.72891998291,72.6575469970703,-0.13760769
-111.537536621094,72.7842178344727,-0.1638197
-110.588302612305,72.8238677978516,-0.15994267
-109.42830657959,72.8599014282227,-0.15549879
-108.301879882812,72.8817443847656,-0.1538133
-148.381607055664,-76.1287307739258,-0.18716046
-148.5,-15.0730667114258,-0.05476145
-143.926055908203,59.9895439147949,-0.24430269
-129.770538330078,69.7736740112305,0.01161543
-129.565216064453,69.8378524780273,0.00334994
-128.51774597168,70.1494140625,-0.04137841
-128.304138183594,70.209831237793,-0.04419071
-128.089202880859,70.2695999145508,-0.04415871
-127.436470031738,70.4450302124023,-0.17962824
-123.535827636719,71.3242721557617,-0.17222885
-120.37427520752,71.8583755493164,-0.16696286
-119.133483886719,72.0309066772461,-0.16067749
-118.884376525879,72.0632095336914,-0.15845952
-111.256538391113,72.7114944458008,-0.16566881
-110.320671081543,72.7484817504883,-0.15839599
-109.178176879883,72.7814102172852,-0.15389052
-108.288711547852,72.7976837158203,-0.15338418
-148.127624511719,-76.1277923583984,-0.19255216
-148.25,-15.3143272399902,-0.05641582
-148.25,-14.8315315246582,-0.06510041
-143.68327331543,59.951301574707,-0.24161439
-129.177551269531,69.831169128418,-0.0044218
-128.552810668945,70.017333984375,-0.02323238
-127.267318725586,70.3724899291992,-0.18365531
-123.629089355469,71.2018890380859,-0.17480388
-120.254844665527,71.779411315918,-0.16484683
-119.270637512207,71.9182281494141,-0.16149454
-111.214828491211,72.628173828125,-0.16464817
-110.287796020508,72.6649551391602,-0.15798125
-108.934028625488,72.7025527954102,-0.15599398
-108.059150695801,72.7165985107422,-0.15138511
-147.877807617188,-76.0647811889648,-0.19989136
-148,-15.0730667114258,-0.05275639
-143.370132446289,60.0247077941895,-0.24354985
-128.997711181641,69.7610244750977,0.00019166
-128.792083740234,69.8234481811523,-0.00603205
-128.585098266602,69.8852462768555,-0.01131362
-128.376754760742,69.946418762207,-0.01319067
-127.09928894043,70.3000717163086,-0.18539041
-123.485580444336,71.1258163452148,-0.17513133
-120.379493713379,71.6642761230469,-0.16559817
-119.159828186035,71.8387756347656,-0.15859185
-111.405769348145,72.5344390869141,-0.16431074
-110.94221496582,72.5551452636719,-0.16277531
-110.712066650391,72.5645904541016,-0.16175029
-110.483047485352,72.5734329223633,-0.15985731
-110.255195617676,72.581672668457,-0.15997605
-108.91455078125,72.6190643310547,-0.1505448
-108.695823669434,72.6233520507812,-0.15364798
-108.048362731934,72.6330337524414,-0.11982332
-147.628158569336,-76.0015487670898,-0.19228271
-147.75,-15.3143272399902,-0.05388468
-147.75,-14.8315315246582,-0.05444638
-143.128372192383,59.9861297607422,-0.24246356
-126.93236541748,70.2277755737305,-0.18781194
-123.343116760254,71.0498962402344,-0.17535623
-121.934364318848,71.3123245239258,-0.17014567
-121.696975708008,71.3535614013672,-0.17279823
-120.260040283203,71.5858612060547,-0.16327016
-119.292602539062,71.7262496948242,-0.16010011
-111.362571716309,72.4516677856445,-0.16193711
-111.132438659668,72.462272644043,-0.1612037
-108.463531494141,72.5438232421875,-0.14983941
-108.037673950195,72.5497207641602,-0.14981933
-147.374496459961,-76.0005645751953,-0.1890057
-147.5,-15.5553112030029,-0.0569186
-147.5,-14.8315315246582,-0.05666717
-142.815811157227,60.0582427978516,-0.24740506
-126.766525268555,70.1556015014648,-0.19035648
-122.970550537109,71.0194473266602,-0.17269731
-122.738609313965,71.0640563964844,-0.16981453
-122.505867004395,71.1079483032227,-0.16858555
-122.272361755371,71.1511383056641,-0.16834681
-122.038116455078,71.1936187744141,-0.16979928
-121.331283569336,71.316764831543,-0.1685787
-121.094413757324,71.3563766479492,-0.16859926
-120.856964111328,71.3952789306641,-0.1668563
-120.61897277832,71.4334564208984,-0.1650901
-120.380470275879,71.4709091186523,-0.16496084
-119.181602478027,71.6473693847656,-0.16041427
-108.44864654541,72.4608001708984,-0.11487073
-108.027061462402,72.466667175293,-0.14734719
-147.120849609375,-75.9995498657227,-0.18455737
-147.25,-15.3143272399902,-0.06149845
-147.25,-15.0730667114258,-0.0637813
-142.575088500977,60.0193405151367,-0.24035484
-126.813735961914,70.0269546508789,-0.18562539
-118.832572937012,71.6016540527344,-0.15990994
-118.593444824219,71.633903503418,-0.15753891
-108.433883666992,72.378044128418,-0.14452041
-108.016532897949,72.3838729858398,-0.14505022
-146.867218017578,-75.9985046386719,-0.18109623
-146.871627807617,-75.9360885620117,-0.18134256
-146.875930786133,-75.8734512329102,-0.18622332
-147,-15.7960119247437,-0.06458198
-147,-15.3143272399902,-0.06116165
-142.33479309082,59.9804191589355,-0.24002284
-126.648651123047,69.9552764892578,-0.18717456
-118.250534057617,71.5865020751953,-0.1581634
-118.012969970703,71.6171646118164,-0.15367143
-108.419235229492,72.2955474853516,-0.14319747
-108.006088256836,72.3013458251953,-0.14372489
-146.626861572266,-75.8095703125,-0.19694501
-146.631072998047,-75.7464904785156,-0.20246797
-146.75,-16.0364284515381,-0.05437164
-146.75,-15.5553112030029,-0.06557265
-146.75,-15.0730667114258,-0.0690256
-142.094924926758,59.9414863586426,-0.23804662
-126.692657470703,69.8269500732422,-0.16648384
-118.147743225098,71.5077896118164,-0.1599863
-117.912094116211,71.5383071899414,-0.15659658
-108.40470123291,72.2133178710938,-0.14156123
-107.995719909668,72.2190780639648,-0.14222402
-146.382125854492,-75.6821823120117,-0.1965029
-146.5,-15.7960119247437,-0.07587539
-146.5,-15.5553112030029,-0.08017752
-146.5,-15.3143272399902,-0.0776337
-141.855453491211,59.9025459289551,-0.23293503
-126.528289794922,69.7557754516602,-0.18053076
-124.843276977539,70.1900024414062,-0.18073254
-118.279335021973,71.3982162475586,-0.15702879
-108.390274047852,72.1313552856445,-0.13976013
-107.785247802734,72.1392059326172,-0.14119377
-146.129119873047,-75.6811676025391,-0.18589997
-146.25,-15.7960119247437,-0.081784
-146.25,-15.3143272399902,-0.09156963
-146.25,-14.3476552963257,-0.121825
-141.545440673828,59.9724960327148,-0.21814626
-126.364936828613,69.6847381591797,-0.17973283
-124.904190063477,70.0653991699219,-0.18923597
-124.477226257324,70.1682739257812,-0.1806835
-117.944473266602,71.3510284423828,-0.15780818
-108.375953674316,72.0496520996094,-0.13288886
-107.77709197998,72.0574645996094,-0.13765886
-145.876129150391,-75.6801223754883,-0.19300446
-145.880416870117,-75.6166458129883,-0.19381912
-145.88459777832,-75.5529327392578,-0.18751165
-146,-16.276554107666,-0.07506303
-146,-16.0364284515381,-0.08051294
-146,-15.5553112030029,-0.08996606
-146,-14.5897264480591,-0.1215795
-146,-14.1053228378296,-0.13000375
-141.307022094727,59.9332618713379,-0.21991873
-126.202590942383,69.6138305664062,-0.18207155
-125.171585083008,69.8878555297852,-0.18056487
-124.962135314941,69.9407196044922,-0.16717984
-124.327629089355,70.0953826904297,-0.17987813
-117.61400604248,71.3030776977539,-0.15686564
-117.383972167969,71.3324737548828,-0.1584332
-117.153900146484,71.3611602783203,-0.15760112
-116.923828125,71.3891525268555,-0.15669939
-116.693801879883,71.4164428710938,-0.15871675
-116.463851928711,71.4430389404297,-0.15600561
-108.16268157959,71.9713134765625,-0.13653706
-107.574401855469,71.9776153564453,-0.13508589
-145.636001586914,-75.4879837036133,-0.20589953
-145.75,-16.5163860321045,-0.07454558
-145.75,-16.0364284515381,-0.08735742
-145.75,-15.7960119247437,-0.08702786
-145.75,-14.3476552963257,-0.13186098
-141.139541625977,59.7857093811035,-0.22863003
-126.041229248047,69.5430755615234,-0.1821297
-125.430030822754,69.708740234375,-0.18050086
-125.22412109375,69.7626876831055,-0.18201756
-124.390029907227,69.9719772338867,-0.17552036
-118.427757263184,71.1010665893555,-0.15935923
-118.200065612793,71.1331329345703,-0.15872102
-117.972206115723,71.1644973754883,-0.1597156
-117.744209289551,71.1951599121094,-0.15805871
-117.51611328125,71.2251205444336,-0.15745439
-117.287956237793,71.2543792724609,-0.15934241
-117.059776306152,71.2829437255859,-0.15833742
-116.831604003906,71.3108062744141,-0.15831411
-116.603485107422,71.3379669189453,-0.11726944
-116.375450134277,71.3644409179688,-0.15583827
-108.150596618652,71.8901443481445,-0.13581586
-107.377349853516,71.8975524902344,-0.11400019
-145.383331298828,-75.4869613647461,-0.21442269
-145.5,-16.5163860321045,-0.08012636
-145.5,-16.0364284515381,-0.08533992
-145.5,-15.7960119247437,-0.09105011
-140.901718139648,59.7467651367188,-0.21764542
-125.880836486816,69.4724655151367,-0.17650587
-125.477195739746,69.5830993652344,-0.17865214
-124.240867614746,69.8996200561523,-0.18128508
-118.548866271973,70.9912796020508,-0.16071016
-108.138603210449,71.8092575073242,-0.13527241
-107.562393188477,71.8154907226562,-0.13633965
-107.373359680176,71.8166198730469,-0.13222402
-145.13493347168,-75.4217910766602,-0.21092126
-145.25,-16.276554107666,-0.07923807
-145.25,-16.0364284515381,-0.08209328
-145.25,-15.5553112030029,-0.0916211
-145.25,-14.3476552963257,-0.12240635
-140.664291381836,59.7078285217285,-0.21370103
-125.721412658691,69.4020004272461,-0.17095136
-125.32048034668,69.5121917724609,-0.16851679
-124.299797058105,69.7765121459961,-0.17490634
-118.443260192871,70.9144744873047,-0.16137034
-108.126686096191,71.728645324707,-0.13043131
-107.935119628906,71.7311859130859,-0.13416554
-107.745025634766,71.7332458496094,-0.13322615
-144.882400512695,-75.4207458496094,-0.21121711
-145,-16.9951572418213,-0.03925814
-145,-16.276554107666,-0.07231138
-145,-15.7960119247437,-0.09048183
-145,-14.5897264480591,-0.12363559
-145,-14.1053228378296,-0.1497658
-140.427261352539,59.6689033508301,-0.21023168
-125.364356994629,69.3868865966797,-0.1470559
-125.164710998535,69.4414443969727,-0.14968857
-124.151054382324,69.704704284668,-0.17794367
-118.338394165039,70.8379058837891,-0.16123879
-144.6298828125,-75.4196701049805,-0.21161446
-144.75,-17.2340850830078,-0.03615647
-144.75,-16.7559223175049,-0.06421686
-144.75,-16.5163860321045,-0.07527629
-144.75,-16.0364284515381,-0.08659997
-144.75,-14.3476552963257,-0.14686867
-140.121124267578,59.7371597290039,-0.20720529
-124.206535339355,69.5819091796875,-0.17768841
-123.180778503418,69.8312149047852,-0.18749226
-122.972946166992,69.8791122436523,-0.18732565
-118.234252929688,70.7615585327148,-0.1596142
-144.377395629883,-75.4185791015625,-0.20956165
-144.5,-16.9951572418213,-0.03932893
-144.5,-16.276554107666,-0.08704379
-139.885147094727,59.6979751586914,-0.2041361
-124.259101867676,69.4590530395508,-0.1710374
-123.245185852051,69.7106018066406,-0.18667749
-122.626220703125,69.8537063598633,-0.18086229
-117.912338256836,70.7175140380859,-0.1580072
-144.120300292969,-75.4814834594727,-0.20833374
-144.25,-16.5163860321045,-0.08314573
-139.718536376953,59.5522155761719,-0.20121777
-139.649566650391,59.6588134765625,-0.20364826
-124.110229492188,69.3881759643555,-0.16648521
-123.91072845459,69.4395751953125,-0.17737049
-123.306655883789,69.5899124145508,-0.18430236
-122.282585144043,69.8274536132812,-0.16271384
-122.075378417969,69.8729782104492,-0.17250181
-117.811393737793,70.6415023803711,-0.1556397
-143.867752075195,-75.4803237915039,-0.19729142
-144,-16.7559223175049,-0.07440475
-144,-16.276554107666,-0.09053879
-139.550994873047,59.4066619873047,-0.20031705
-123.565124511719,69.4192276000977,-0.17262247
-123.365196228027,69.4691467285156,-0.17209156
-121.735664367676,69.8450469970703,-0.17886055
-117.49600982666,70.5968322753906,-0.15523373
-143.615219116211,-75.479133605957,-0.18577381
-143.75,-16.7559223175049,-0.08953676
-143.75,-16.276554107666,-0.09836679
-139.382522583008,59.2613258361816,-0.19788178
-121.399154663086,69.8162994384766,-0.17675263
-117.184715270996,70.5514678955078,-0.14851267
-116.97119140625,70.5810775756836,-0.15261794
-143.362701416016,-75.4779281616211,-0.17417436
-143.5,-16.9951572418213,-0.0838727
-143.5,-16.5163860321045,-0.10781549
-143.5,-16.276554107666,-0.1150915
-139.147262573242,59.2230949401855,-0.19712864
-121.270568847656,69.7437362670898,-0.17611061
-116.665748596191,70.5342330932617,-0.15092743
-116.453987121582,70.5623626708984,-0.15079512
-116.242279052734,70.5898208618164,-0.15082631
-143.110214233398,-75.476692199707,-0.16265081
-143.25,-17.2340850830078,-0.06502098
-143.25,-16.7559223175049,-0.10649952
-143.25,-16.5163860321045,-0.12199219
-143.25,-16.0364284515381,-0.1328989
-138.912353515625,59.1848945617676,-0.19417487
-120.939636230469,69.7142333984375,-0.17161708
-115.944694519043,70.5407409667969,-0.14667163
-115.734985351562,70.5667419433594,-0.14285834
-142.85774230957,-75.4754409790039,-0.15347735
-143,-16.9951572418213,-0.10518322
-143,-16.276554107666,-0.13324897
-138.677825927734,59.146728515625,-0.19068593
-120.814163208008,69.6419296264648,-0.1712523
-115.443618774414,70.5162658691406,-0.14093746
-115.236068725586,70.5408325195312,-0.13968377
-115.028762817383,70.5647354125977,-0.13817646
-114.821739196777,70.5879745483398,-0.13689801
-114.615028381348,70.6105575561523,-0.13544852
-114.408668518066,70.6324920654297,-0.13390915
-114.202697753906,70.6537704467773,-0.13323176
-113.997146606445,70.6744003295898,-0.13289451
-142.60530090332,-75.4741668701172,-0.14843771
-142.75,-16.0364284515381,-0.14630403
-138.508666992188,59.002555847168,-0.19254042
-120.689453125,69.5698547363281,-0.17010157
-113.725158691406,70.6181030273438,-0.12918844
-113.522384643555,70.6373596191406,-0.13135769
-113.320137023926,70.6559829711914,-0.13117214
-142.35285949707,-75.4728698730469,-0.14828038
-142.5,-17.9490070343018,-0.07302961
-142.5,-16.276554107666,-0.13572172
-142.5,-15.7960119247437,-0.16218274
-138.274551391602,58.9647521972656,-0.18883691
-120.36637878418,69.5396881103516,-0.16870796
-117.328010559082,70.0852890014648,-0.15246995
-117.123344421387,70.1163101196289,-0.15043879
-116.918594360352,70.1466598510742,-0.14751182
-116.713790893555,70.1763458251953,-0.14612745
-116.508972167969,70.2053527832031,-0.14334048
-116.304168701172,70.2337036132812,-0.14223561
-116.099411010742,70.2613830566406,-0.14334845
-115.894737243652,70.2883911132812,-0.14061649
-115.69017791748,70.3147430419922,-0.13500926
-113.257316589355,70.5798263549805,-0.12607405
-142.100448608398,-75.471549987793,-0.14925367
-142.25,-18.1866779327393,-0.06875308
-142.25,-17.7110137939453,-0.10419926
-142.25,-16.0364284515381,-0.14623094
-138.104507446289,58.8211288452148,-0.1858403
-138.040771484375,58.9269866943359,-0.19159713
-120.244689941406,69.467903137207,-0.16834687
-117.433410644531,69.9798355102539,-0.15729713
-115.403770446777,70.2655258178711,-0.1334317
-115.201309204102,70.2904510498047,-0.13184638
-114.999061584473,70.3147201538086,-0.13114755
-114.797088623047,70.3383331298828,-0.13050419
-114.595405578613,70.3612899780273,-0.12970353
-114.394058227539,70.3835983276367,-0.13064585
-112.996841430664,70.5217971801758,-0.1203495
-112.799407958984,70.5390167236328,-0.12049164
-141.848068237305,-75.47021484375,-0.14913973
-142,-17.9490070343018,-0.10906379
-137.933502197266,58.6777267456055,-0.1837577
-120.123725891113,69.396354675293,-0.15856145
-117.535949707031,69.8742218017578,-0.15600881
-114.122123718262,70.3300857543945,-0.1259984
-112.545997619629,70.4798202514648,-0.11413359
-112.351692199707,70.495735168457,-0.11130754
-141.595687866211,-75.4688491821289,-0.14759765
-137.699813842773,58.640625,-0.18518744
-119.808410644531,69.3656005859375,-0.16698344
-117.436378479004,69.8011016845703,-0.15664782
-113.854583740234,70.2760467529297,-0.11834178
-113.657981872559,70.296257019043,-0.1185559
-113.461868286133,70.3158416748047,-0.11818109
-113.266273498535,70.3347854614258,-0.11823773
-112.105430603027,70.435417175293,-0.10323861
-141.343353271484,-75.4674682617188,-0.14418945
-137.527877807617,58.4977798461914,-0.17792428
-119.496360778809,69.3341369628906,-0.16675633
-117.337409973145,69.7282485961914,-0.15631115
-113.009963989258,70.2781219482422,-0.10979085
-111.863838195801,70.3746871948242,-0.08760023
-141.091018676758,-75.466064453125,-0.14193016
-137.294540405273,58.4610633850098,-0.17979591
-119.187599182129,69.3019790649414,-0.16519669
-117.042915344238,69.6874084472656,-0.15807886
-112.758148193359,70.2209930419922,-0.09413376
-112.567840576172,70.2379379272461,-0.09298946
-112.378204345703,70.254264831543,-0.09176785
-112.189254760742,70.2699813842773,-0.08669592
-112.001029968262,70.2851028442383,-0.08208035
-111.813575744629,70.2996215820312,-0.07674549
-140.838714599609,-75.4646453857422,-0.14123953
-137.121658325195,58.3187866210938,-0.17081087
-118.882141113281,69.2691345214844,-0.16480074
-116.946754455566,69.6149749755859,-0.15633093
-140.586441040039,-75.4631958007812,-0.13816555
-136.888656616211,58.2824668884277,-0.17595881
-118.580032348633,69.2356185913086,-0.16473209
-116.85115814209,69.5428161621094,-0.15225711
-140.334167480469,-75.4617309570312,-0.13371471
-136.596420288086,58.3512725830078,-0.17194021
-118.470764160156,69.1648406982422,-0.16210711
-116.756118774414,69.4709320068359,-0.15524207
-140.087860107422,-75.3966827392578,-0.12665542
-136.597244262695,57.8933258056641,-0.16867126
-136.539993286133,57.9992828369141,-0.17406971
-136.48210144043,58.104850769043,-0.17807229
-136.364334106445,58.3148040771484,-0.17309764
-118.174163818359,69.1308059692383,-0.15543425
-116.661628723145,69.3993301391602,-0.15444387
-139.835723876953,-75.3952026367188,-0.12488363
-139.841583251953,-75.331428527832,-0.12521629
-136.420516967773,57.7519645690918,-0.1758715
-136.191436767578,58.1739044189453,-0.17793227
-136.132537841797,58.2784080505371,-0.17495916
-118.067649841309,69.060432434082,-0.15719941
-116.379531860352,69.3585510253906,-0.15457175
-139.595306396484,-75.2659759521484,-0.12774352
-139.600936889648,-75.2017364501953,-0.13083155
-136.242828369141,57.6108322143555,-0.17967453
-117.776542663574,69.0259170532227,-0.15659392
-116.101119995117,69.3171920776367,-0.15316485
-139.354583740234,-75.1358642578125,-0.12956788
-139.359970092773,-75.071159362793,-0.12650948
-139.365219116211,-75.0061950683594,-0.1283339
-139.370330810547,-74.9409866333008,-0.12502214
-136.064193725586,57.4699287414551,-0.1822747
-117.488807678223,68.9907913208008,-0.15511069
-115.826400756836,69.2752914428711,-0.15198178
-139.123733520508,-74.8742446899414,-0.13238305
-135.989837646484,57.1151733398438,-0.17447794
-135.937530517578,57.222412109375,-0.17807383
-135.884613037109,57.3292541503906,-0.18299451
-117.204467773438,68.955078125,-0.15140692
-117.02165222168,68.9885025024414,-0.15370842
-115.555397033691,69.2328414916992,-0.14937091
-115.372093200684,69.260498046875,-0.15061739
-138.872207641602,-74.8729553222656,-0.13594922
-135.807510375977,56.9744682312012,-0.17912469
-116.742095947266,68.9514617919922,-0.15050571
-115.106513977051,69.216796875,-0.14936929
-114.92505645752,69.2430877685547,-0.1489352
-138.620697021484,-74.8716430664062,-0.142919
-135.57373046875,56.9414901733398,-0.15776904
-116.466011047363,68.9138565063477,-0.14791636
-116.285873413086,68.9451522827148,-0.1466534
-116.105667114258,68.9758071899414,-0.14984441
-115.925415039062,69.0058288574219,-0.14889029
-115.745155334473,69.0352172851562,-0.14779535
-114.665023803711,69.1981658935547,-0.14984328
-114.485527038574,69.2231063842773,-0.14974414
-114.306274414062,69.2474212646484,-0.15059395
-138.369201660156,-74.8703231811523,-0.14422297
-135.390441894531,56.8013648986816,-0.1582557
-135.340194702148,56.9085922241211,-0.15240593
-115.47868347168,68.9941329956055,-0.14702647
-114.053779602051,69.2005996704102,-0.15088228
-113.87670135498,69.2235794067383,-0.15243215
-138.112457275391,-74.9342880249023,-0.14704705
-135.255020141602,56.5536880493164,-0.17175029
-135.20622253418,56.6614608764648,-0.17091104
-115.215843200684,68.9525527954102,-0.14674386
-113.805183410645,69.1533279418945,-0.15301986
-137.85546875,-74.997917175293,-0.14790066
-135.069030761719,56.4138679504395,-0.18146524
-115.13207244873,68.8832626342773,-0.14559146
-113.734039306641,69.0834121704102,-0.15412914
-137.603912353516,-74.9964828491211,-0.14962595
-137.609436035156,-74.9314956665039,-0.14691269
-137.614807128906,-74.8662567138672,-0.14613294
-137.620025634766,-74.8007583618164,-0.14513281
-134.882141113281,56.2742691040039,-0.17782433
-134.641006469727,56.8104286193848,-0.18234242
-134.591094970703,56.9164352416992,-0.18181373
-134.540603637695,57.0220375061035,-0.18156795
-134.489532470703,57.1272392272949,-0.17800519
-114.874870300293,68.841423034668,-0.14641855
-113.663261413574,69.0138244628906,-0.15420487
-137.373764038086,-74.7336807250977,-0.15064442
-134.601226806641,56.3508644104004,-0.18333592
-134.553863525391,56.4582366943359,-0.18637328
-134.505935668945,56.5651969909668,-0.18742318
-134.457458496094,56.6717491149902,-0.18898888
-134.206558227539,57.198413848877,-0.17916302
-114.621322631836,68.7991256713867,-0.144513
-113.763549804688,68.9218826293945,-0.15325339
-137.122451782227,-74.7323455810547,-0.15825117
-134.272964477539,56.5332984924316,-0.18761634
-134.224792480469,56.6395797729492,-0.19097619
-134.176055908203,56.7454528808594,-0.19436514
-134.126770019531,56.8509178161621,-0.19256445
-133.923904418945,57.2687492370605,-0.18188362
-133.871734619141,57.3722038269043,-0.17732599
-133.818984985352,57.4752655029297,-0.17639598
-114.541900634766,68.7306518554688,-0.14151514
-113.691909790039,68.8530426025391,-0.15035223
-106.873764038086,69.3182678222656,-0.10727877
-136.871154785156,-74.7310028076172,-0.1466245
-134.087524414062,56.3950729370117,-0.18722238
-133.845413208008,56.9230995178223,-0.19657015
-133.795318603516,57.0274887084961,-0.18448
-133.744644165039,57.1314735412598,-0.18141517
-133.693389892578,57.2350616455078,-0.18125511
-133.641571044922,57.3382453918457,-0.17826104
-133.589157104492,57.4410362243652,-0.17655023
-114.2939453125,68.6881561279297,-0.14076539
-113.620620727539,68.784553527832,-0.14878865
-106.875442504883,69.2483291625977,-0.11822132
-136.619888305664,-74.7296371459961,-0.14329684
-133.807662963867,56.4697952270508,-0.15516676
-114.216827392578,68.6202850341797,-0.13840237
-113.549674987793,68.7164001464844,-0.14503068
-107,69.1789627075195,-0.12071183
-136.373794555664,-74.6624069213867,-0.14327116
-133.758941650391,56.0121726989746,-0.16855015
-133.713836669922,56.1193008422852,-0.16973161
-133.668212890625,56.226016998291,-0.16883449
-133.622039794922,56.3323135375977,-0.16476593
-133.575347900391,56.4382019042969,-0.16175035
-114.140083312988,68.5527572631836,-0.13881617
-113.479064941406,68.6486053466797,-0.14275609
-107.121215820312,69.1096038818359,-0.12556795
-136.122604370117,-74.6610565185547,-0.14154317
-133.741912841797,55.4411277770996,-0.18632919
-133.699661254883,55.5500984191895,-0.18668938
-133.569885253906,55.8744697570801,-0.15823464
-114.063705444336,68.4855728149414,-0.14058839
-113.408790588379,68.5811614990234,-0.13922392
-107.240692138672,69.0402603149414,-0.12962342
-135.87141418457,-74.6596832275391,-0.14600893
-133.548782348633,55.3029975891113,-0.17354582
-133.422882080078,55.6291236877441,-0.1771175
-133.379913330078,55.7369842529297,-0.1590887
-133.336441040039,55.8444213867188,-0.14636476
-113.987678527832,68.4187469482422,-0.14469957
-113.338844299316,68.5140762329102,-0.13446543
-107.605102539062,68.9678497314453,-0.13326149
-107.481002807617,68.9695892333984,-0.13110535
-107.358421325684,68.9709243774414,-0.12965437
-135.620254516602,-74.6583023071289,-0.14580487
-135.625411987305,-74.59228515625,-0.14561537
-133.394989013672,55.0553321838379,-0.18154574
-133.354782104492,55.1650695800781,-0.17470852
-115.206481933594,68.1327590942383,-0.15837215
-115.044403076172,68.1623458862305,-0.15494722
-114.882339477539,68.1913223266602,-0.15467568
-114.720329284668,68.2196807861328,-0.1535451
-114.558395385742,68.247428894043,-0.14988006
-113.912010192871,68.3522720336914,-0.14122819
-113.269218444824,68.4473495483398,-0.13611524
-108.494651794434,68.8758544921875,-0.13722428
-108.362228393555,68.880615234375,-0.13772511
-108.231155395508,68.8849182128906,-0.13624095
-108.101455688477,68.8887710571289,-0.13543425
-107.97314453125,68.8921890258789,-0.13449625
-107.846267700195,68.8951721191406,-0.13439533
-107.720832824707,68.8977279663086,-0.13381801
-135.379364013672,-74.5246810913086,-0.15024492
-133.199371337891,54.9174270629883,-0.18683687
-115.119300842285,68.0672149658203,-0.15387516
-114.316757202148,68.2086410522461,-0.14663793
-114.156555175781,68.2350921630859,-0.14465252
-113.996513366699,68.2609329223633,-0.14363424
-113.041511535645,68.4031829833984,-0.13730307
-112.883499145508,68.4247817993164,-0.13671056
-112.725891113281,68.4457702636719,-0.13678101
-112.568733215332,68.4661636352539,-0.13695648
-112.412048339844,68.4859619140625,-0.13705039
-112.255874633789,68.5051651000977,-0.13810494
-108.740715026855,68.797477722168,-0.13565766
-108.607284545898,68.8031539916992,-0.1385024
-107,68.8370208740234,-0.12736887
-106.885406494141,68.8368453979492,-0.12906864
-135.128311157227,-74.5233459472656,-0.15243112
-133.296188354492,53.8830146789551,-0.20320431
-133.261093139648,53.9966773986816,-0.2010909
-133.225555419922,54.1098861694336,-0.20207424
-133.002899169922,54.779712677002,-0.19051301
-115.350791931152,67.9413146972656,-0.15806167
-115.191665649414,67.9719772338867,-0.15884673
-112.04182434082,68.4574356079102,-0.13804433
-111.888275146484,68.4754180908203,-0.13874677
-111.735336303711,68.4928207397461,-0.13973336
-111.583023071289,68.509635925293,-0.13978428
-111.130218505859,68.556640625,-0.14307515
-110.980758666992,68.5711669921875,-0.1426743
-109.121139526367,68.710578918457,-0.13580055
-108.985557556152,68.7176742553711,-0.13612854
-108.851196289062,68.7242889404297,-0.13690856
-107.343605041504,68.7681655883789,-0.12326344
-107.227485656738,68.7691040039062,-0.12253574
-107.112945556641,68.769660949707,-0.11815307
-134.877288818359,-74.5219955444336,-0.15812496
-133.127227783203,53.6296119689941,-0.20330695
-133.093246459961,53.7439384460449,-0.20829301
-132.95295715332,54.1966667175293,-0.20131814
-132.767593383789,54.7524566650391,-0.19288999
-115.261489868164,67.8766250610352,-0.15193696
-111.37931060791,68.4597473144531,-0.14498536
-111.229888916016,68.4753799438477,-0.14377552
-110.786155700684,68.5188674926758,-0.14232744
-110.639846801758,68.5322418212891,-0.14165176
-110.494400024414,68.5450668334961,-0.13959551
-110.34984588623,68.5573348999023,-0.13821111
-110.206207275391,68.5690689086914,-0.13752872
-110.063514709473,68.5802612304688,-0.13627796
-109.921806335449,68.5909194946289,-0.13558354
-109.781112670898,68.6010513305664,-0.13597334
-109.641456604004,68.6106643676758,-0.13651807
-109.502868652344,68.6197509765625,-0.13676983
-109.365386962891,68.6283340454102,-0.13711237
-109.229034423828,68.6364059448242,-0.13758218
-108.308662414551,68.6792984008789,-0.13421576
-108.182388305664,68.6835632324219,-0.13179356
-108.057502746582,68.687385559082,-0.1298948
-107.934020996094,68.6907653808594,-0.12865001
-107.811981201172,68.693717956543,-0.12702461
-107.691398620605,68.6962509155273,-0.12309567
-107.572311401367,68.6983642578125,-0.1188157
-107.454727172852,68.700080871582,-0.11402484
-134.626266479492,-74.5206298828125,-0.15965987
-132.9228515625,53.4904747009277,-0.20685647
-132.716491699219,54.1708030700684,-0.19852171
-132.532455444336,54.7253150939941,-0.19213946
-115.016334533691,67.8427963256836,-0.1469548
-114.860076904297,67.872688293457,-0.15082185
-111.775230407715,68.3438034057617,-0.1406202
-108.416946411133,68.6083145141602,-0.13331509
-134.380325317383,-74.452880859375,-0.16995679
-132.749969482422,53.2362594604492,-0.20796457
-132.717712402344,53.3514785766602,-0.21226863
-132.480163574219,54.1450500488281,-0.19992487
-132.297485351562,54.6982879638672,-0.18902387
-114.619606018066,67.8377838134766,-0.14914754
-111.868064880371,68.2607345581055,-0.14012075
-111.570640563965,68.2958679199219,-0.14159498
-108.523460388184,68.5373229980469,-0.13225183
-134.129379272461,-74.451530456543,-0.17298617
-132.543426513672,53.0971755981445,-0.20866482
-132.243988037109,54.1194114685059,-0.20296145
-132.025054931641,54.780445098877,-0.18544393
-131.986999511719,54.8890686035156,-0.1766387
-131.948501586914,54.9972534179688,-0.17513043
-131.909530639648,55.1050071716309,-0.17220566
-131.870086669922,55.2123260498047,-0.16941392
-114.535743713379,67.7739562988281,-0.1460655
-114.382415771484,67.8025054931641,-0.14341577
-111.663093566895,68.2137680053711,-0.14027515
-108.628204345703,68.46630859375,-0.13442016
-133.878448486328,-74.4501724243164,-0.1755602
-132.366729736328,52.8420753479004,-0.19893264
-132.336151123047,52.9582252502441,-0.21041798
-132.007949829102,54.0938911437988,-0.20511386
-131.676025390625,55.0772018432617,-0.17489022
-131.63688659668,55.1842651367188,-0.16714734
-114.14852142334,67.7668685913086,-0.13575616
-108.731163024902,68.3952865600586,-0.13382106
-108.605880737305,68.4013366699219,-0.12884718
-133.627517700195,-74.4487991333008,-0.1783975
-132.158096313477,52.703010559082,-0.19602772
-131.940032958984,53.5077133178711,-0.1238161
-131.907257080078,53.6207885742188,-0.11968932
-131.874084472656,53.7334022521973,-0.1167547
-131.737213134766,54.1792793273926,-0.20125709
-131.481048583984,54.9422836303711,-0.17736499
-113.917938232422,67.7308807373047,-0.12642257
-113.767791748047,67.7574996948242,-0.1372165
-108.832359313965,68.3242492675781,-0.13334427
-133.381683349609,-74.3809051513672,-0.19563022
-131.948745727539,52.5640563964844,-0.19132134
-131.766784667969,53.2566146850586,-0.11736942
-131.735076904297,53.3703804016113,-0.11717865
-131.604217529297,53.8207778930664,-0.15043155
-131.570465087891,53.9322242736816,-0.17433476
-131.536315917969,54.043212890625,-0.19914281
-131.24755859375,54.9149932861328,-0.17520313
-113.542121887207,67.7205352783203,-0.14016185
-113.393768310547,67.7459030151367,-0.14112366
-108.807067871094,68.2601699829102,-0.13095818
-107.744064331055,68.3021240234375,-0.13744802
-107.633071899414,68.3046035766602,-0.13581952
-107.523597717285,68.3066787719727,-0.13247276
-107.415672302246,68.3083648681641,-0.1293563
-107.101463317871,68.3111038208008,-0.10933494
-107,68.3112716674805,-0.11164102
-106.898536682129,68.3111038208008,-0.10495448
-133.130828857422,-74.3795471191406,-0.19128398
-131.738662719727,52.4252128601074,-0.18723507
-131.621383666992,52.8897933959961,-0.0796964
-131.591094970703,53.0047340393066,-0.10139681
-131.560424804688,53.119197845459,-0.11569207
-131.014236450195,54.8878326416016,-0.1783662
-113.173118591309,67.7079772949219,-0.13614334
-113.026679992676,67.7321014404297,-0.14129078
-108.65990447998,68.203010559082,-0.13119137
-108.539245605469,68.2090148925781,-0.12787079
-108.419891357422,68.2145538330078,-0.12735953
-107.732810974121,68.2383804321289,-0.13082142
-107.409194946289,68.2445983886719,-0.12343331
-107.30445098877,68.2458877563477,-0.11770106
-107.201324462891,68.2467956542969,-0.11224912
-132.879974365234,-74.3781814575195,-0.18144453
-131.527893066406,52.2864685058594,-0.18197025
-131.471206665039,52.5202255249023,-0.09643031
-131.442291259766,52.6363754272461,-0.10618892
-131.413024902344,52.7520332336426,-0.11412205
-130.818084716797,54.7538909912109,-0.18219656
-112.811157226562,67.6932525634766,-0.13990053
-112.66675567627,67.7161483764648,-0.14133426
-112.522705078125,67.7384567260742,-0.1412399
-112.379035949707,67.7601699829102,-0.14082112
-112.235771179199,67.7813034057617,-0.14093657
-112.092948913574,67.8018417358398,-0.14021257
-110.424659729004,68.0034637451172,-0.13974528
-110.290390014648,68.0166168212891,-0.13962389
-110.156997680664,68.0292282104492,-0.13860695
-109.504325866699,68.0842514038086,-0.13584824
-109.37686920166,68.0936889648438,-0.13032706
-108.399314880371,68.1513214111328,-0.12556397
-107.721565246582,68.1750869750977,-0.12276648
-107.507438659668,68.1796264648438,-0.12148989
-107.299583435059,68.1825714111328,-0.115988
-132.629150390625,-74.3768005371094,-0.17555835
-131.31640625,52.147819519043,-0.1782925
-131.260894775391,52.3820877075195,-0.11525186
-130.692321777344,54.4046020507812,-0.19928662
-130.656890869141,54.5125961303711,-0.18720463
-130.621032714844,54.6201477050781,-0.1834798
-130.584747314453,54.7272567749023,-0.18505044
-111.890090942383,67.7596054077148,-0.14143544
-111.74967956543,67.7789459228516,-0.14115465
-111.609802246094,67.7977066040039,-0.14078222
-111.470497131348,67.8158950805664,-0.14065985
-111.331787109375,67.8335037231445,-0.1407818
-110.783538818359,67.8982696533203,-0.14018844
-110.648284912109,67.9130554199219,-0.14003658
-110.513816833496,67.9272842407227,-0.13873943
-109.984443664551,67.9787216186523,-0.13853682
-109.597221374512,68.0116653442383,-0.13624817
-109.219360351562,68.0399322509766,-0.12245199
-108.263824462891,68.0935974121094,-0.123107
-108.150260925293,68.0982055664062,-0.1213785
-108.038101196289,68.1023635864258,-0.1201259
-107.927368164062,68.106086730957,-0.11928708
-107.81810760498,68.1093826293945,-0.11876131
-107.396240234375,68.1184387207031,-0.11659467
-107.294708251953,68.1197128295898,-0.11448403
-107.194808959961,68.1206207275391,-0.09526738
-107.096565246582,68.1211547851562,-0.11299979
-107,68.1213226318359,-0.11423223
-106.903434753418,68.1211547851562,-0.11652056
-132.383377075195,-74.3087768554688,-0.17885652
-131.104217529297,52.0092620849609,-0.17445503
-131.049880981445,52.2440528869629,-0.14328849
-130.492965698242,54.2706565856934,-0.18326025
-111.140617370605,67.7886276245117,-0.13714743
-111.00464630127,67.8050689697266,-0.13369345
-110.869361877441,67.8209533691406,-0.13196822
-109.944480895996,67.9165954589844,-0.13731677
-109.436141967773,67.9594116210938,-0.13647586
-109.311660766602,67.9688110351562,-0.13727027
-109.066055297852,67.9860992431641,-0.12255434
-108.944984436035,67.9939956665039,-0.12264084
-107.699111938477,68.0498809814453,-0.11472197
-107.594429016113,68.0523376464844,-0.11732417
-107.491310119629,68.0543899536133,-0.11566707
-107.389770507812,68.0560455322266,-0.11307377
-132.132614135742,-74.3074188232422,-0.15966537
-130.838150024414,52.1061096191406,-0.16056495
-130.488388061523,53.4769439697266,-0.17510343
-130.456771850586,53.5880889892578,-0.17158964
-130.424774169922,53.6987686157227,-0.17024954
-130.392364501953,53.8089866638184,-0.17528552
-130.359573364258,53.9187469482422,-0.1710976
-130.326370239258,54.0280494689941,-0.17647857
-130.292755126953,54.1368980407715,-0.17544696
-109.777519226074,67.8663940429688,-0.13605987
-109.157287597656,67.9159393310547,-0.13978497
-108.798599243164,67.9395904541016,-0.1220681
-108.225891113281,67.9694061279297,-0.11982309
-108.115394592285,67.973991394043,-0.1198244
-107.792541503906,67.9851150512695,-0.1150293
-131.881851196289,-74.3060455322266,-0.17979381
-131.886810302734,-74.2392044067383,-0.18397388
-130.283294677734,53.3420524597168,-0.17485364
-109.739242553711,67.8051681518555,-0.13189841
-109.007095336914,67.8629989624023,-0.12706677
-108.889007568359,67.8708724975586,-0.12141257
-108.317329406738,67.9029846191406,-0.12359178
-107.990455627441,67.9167175292969,-0.1135852
-107.779769897461,67.9236831665039,-0.11322589
-131.64094543457,-74.170783996582,-0.19894086
-130.077423095703,53.2073059082031,-0.16947622
-109.577835083008,67.7553176879883,-0.12897835
-109.455635070801,67.7657089233398,-0.1294561
-109.334487915039,67.7755813598633,-0.12773897
-109.214431762695,67.7849502563477,-0.12678169
-108.188056945801,67.8470916748047,-0.11811584
-108.080612182617,67.8516540527344,-0.11777004
-107.974601745605,67.8557815551758,-0.11572514
-107.870056152344,67.8594741821289,-0.11657497
-131.390274047852,-74.1694641113281,-0.18500106
-129.841079711914,53.1845321655273,-0.15843088
-109.06468963623,67.7334442138672,-0.11920818
-108.06324005127,67.7912139892578,-0.11906226
-131.134704589844,-74.2351455688477,-0.19167865
-129.604858398438,53.1618957519531,-0.14932199
-108.919082641602,67.6819076538086,-0.12565707
-108.045883178711,67.7312622070312,-0.11729938
-130.884033203125,-74.2337799072266,-0.19377863
-129.397888183594,53.0280342102051,-0.16535348
-129.368728637695,53.1394004821777,-0.14610265
-108.889846801758,67.6225128173828,-0.11762089
-108.66667175293,67.6376800537109,-0.11966768
-108.131423950195,67.6672668457031,-0.11830397
-108.028526306152,67.6718063354492,-0.11503657
-130.633377075195,-74.2323989868164,-0.19825856
-129.27360534668,52.556583404541,-0.17431613
-129.246139526367,52.6696434020996,-0.1774255
-129.218307495117,52.7822151184082,-0.16643438
-129.190139770508,52.8943061828613,-0.16412366
-108.972602844238,67.5552978515625,-0.1183186
-108.749908447266,67.5714340209961,-0.11742979
-108.532157897949,67.5856170654297,-0.11768407
-108.215393066406,67.6033325195312,-0.118029
-108.011177062988,67.6128616333008,-0.10872306
-107.911254882812,67.6169509887695,-0.11238301
-130.3876953125,-74.1641159057617,-0.20440886
-129.063278198242,52.4222106933594,-0.16998418
-108.942008972168,67.4969177246094,-0.12409899
-108.831504821777,67.5052261352539,-0.11764095
-108.507377624512,67.5272064208984,-0.11745726
-108.195045471191,67.5449066162109,-0.1156309
-107.993827819824,67.5544204711914,-0.10720572
-107.798522949219,67.5621643066406,-0.10455708
-130.137084960938,-74.1627502441406,-0.19861166
-128.825927734375,52.4015235900879,-0.16662761
-108.91145324707,67.4390411376953,-0.12240615
-108.802391052246,67.4473419189453,-0.11660879
-108.482620239258,67.4693145751953,-0.12127203
-108.074859619141,67.4919738769531,-0.10698036
-107.690376281738,67.5074691772461,-0.10525531
-129.886489868164,-74.1613845825195,-0.19280228
-128.588668823242,52.3809776306152,-0.1673151
-108.457870483398,67.4119338989258,-0.11405723
-108.355331420898,67.4182968139648,-0.11245411
-108.254150390625,67.4241790771484,-0.11113183
-107.677581787109,67.4500579833984,-0.10573984
-129.63591003418,-74.1600112915039,-0.19410415
-128.427871704102,52.0196800231934,-0.17494099
-128.402740478516,52.1338119506836,-0.17367044
-128.377288818359,52.247444152832,-0.16570379
-108.13402557373,67.3727569580078,-0.10918176
-107.664756774902,67.393180847168,-0.10583238
-129.385330200195,-74.1586303710938,-0.17250114
-128.464324951172,50.5930557250977,-0.12370022
-128.443130493164,50.7132034301758,-0.16307918
-128.421646118164,50.8328132629395,-0.18539373
-128.214614868164,51.8856773376465,-0.16692758
-108.018280029297,67.321403503418,-0.10594024
-107.651924133301,67.3368530273438,-0.10596165
-129.134780883789,-74.1572418212891,-0.19554534
-128.244613647461,50.4557113647461,-0.11797277
-128.160079956055,50.9343872070312,-0.17527149
-128.024353027344,51.6365356445312,-0.16780587
-128.00065612793,51.7517471313477,-0.16816546
-127.976654052734,51.8664512634277,-0.16650185
-107.906967163086,67.270149230957,-0.10425962
-107.639060974121,67.2810745239258,-0.10461545
-128.884231567383,-74.1558456420898,-0.19663073
-128.024276733398,50.3183631896973,-0.11731097
-128.00407409668,50.4391784667969,-0.15413214
-127.920379638672,50.9170188903809,-0.17402375
-127.876777648926,51.1527328491211,-0.16636345
-127.854537963867,51.2698020935059,-0.16879186
-127.831993103027,51.3863487243652,-0.16876391
-127.809143066406,51.5023765563965,-0.15927556
-107.889549255371,67.2149353027344,-0.10460556
-107.626167297363,67.2258605957031,-0.10311904
-128.633682250977,-74.1544418334961,-0.1992448
-127.803329467773,50.1810111999512,-0.13142661
-127.680740356445,50.8997840881348,-0.17052966
-127.659309387207,51.0176963806152,-0.16425589
-107.872108459473,67.1602935791016,-0.10453526
-107.5302734375,67.1740036010742,-0.09819209
-128.383163452148,-74.1530303955078,-0.20194328
-127.581771850586,50.0436401367188,-0.1361611
-127.462112426758,50.7644462585449,-0.20020018
-127.441177368164,50.882682800293,-0.19550811
-107.854637145996,67.1062240600586,-0.10482764
-107.439163208008,67.1223220825195,-0.09455159
-128.132659912109,-74.151611328125,-0.20235634
-128.1376953125,-74.0847702026367,-0.20143768
-127.359619140625,49.9062423706055,-0.12500384
-127.242828369141,50.6291236877441,-0.20172975
-127.201690673828,50.8657264709473,-0.20089882
-108.192306518555,67.0319366455078,-0.09682891
-108.101272583008,67.0378265380859,-0.09771577
-108.011703491211,67.0432586669922,-0.09830206
-107.923637390137,67.048225402832,-0.09758598
-107.587295532227,67.0636596679688,-0.10057845
-107.429267883301,67.0688400268555,-0.09204412
-127.892105102539,-74.0162963867188,-0.20287491
-127.896842956543,-73.9489135742188,-0.20157544
-127.136863708496,49.7688140869141,-0.11722567
-127.002975463867,50.6127128601074,-0.19915694
-126.982757568359,50.7310791015625,-0.20113372
-108.168960571289,66.9790344238281,-0.09180223
-107.654357910156,67.007568359375,-0.09170408
-107.495903015137,67.0135726928711,-0.09178938
-107.419326782227,67.0159606933594,-0.08885897
-127.651023864746,-73.8799591064453,-0.20410586
-127.655479431152,-73.8120269775391,-0.20254645
-126.913528442383,49.6313400268555,-0.11623069
-126.895652770996,49.7539291381836,-0.13433075
-126.76318359375,50.5964393615723,-0.19496609
-126.743186950684,50.7146034240723,-0.19692673
-108.057411193848,66.9326324462891,-0.08797952
-107.639747619629,66.9552917480469,-0.08690845
-107.484352111816,66.9613037109375,-0.08679062
-107.409339904785,66.9636917114258,-0.08410042
-127.409423828125,-73.7425842285156,-0.2038741
-127.42894744873,-73.397087097168,-0.20116344
-127.43244934082,-73.3270721435547,-0.20197161
-127.435829162598,-73.2567520141602,-0.20539728
-126.689613342285,49.4938125610352,-0.09156372
-108.035430908203,66.8809509277344,-0.08137225
-107.548027038574,66.906852722168,-0.08072936
-107.472755432129,66.9096527099609,-0.08002208
-107.399307250977,66.9120407104492,-0.07832033
-127.163269042969,-73.6729125976562,-0.20868812
-127.167320251465,-73.6041564941406,-0.20760714
-127.171241760254,-73.5350952148438,-0.20563476
-127.175018310547,-73.4657287597656,-0.20516558
-127.188835144043,-73.1851806640625,-0.20434465
-126.465118408203,49.3562240600586,-0.1027906
-108.013404846191,66.8298873901367,-0.07340167
-107.687660217285,66.8489608764648,-0.0799093
-107.610366821289,66.8526153564453,-0.07483605
-107.534828186035,66.8558349609375,-0.07430358
-126.938598632812,-73.1842346191406,-0.20618334
-126.240058898926,49.2185668945312,-0.0917599
-126.223503112793,49.3423042297363,-0.08730188
-107.90892791748,66.7849273681641,-0.0663494
-107.828102111816,66.789924621582,-0.06726334
-107.748908996582,66.7944717407227,-0.06752073
-126.691535949707,-73.1124420166016,-0.21130261
-126.014442443848,49.0808258056641,-0.08764394
-126.44132232666,-73.1115264892578,-0.20249245
-125.772560119629,49.0675315856934,-0.07856546
-126.191116333008,-73.1106033325195,-0.19759821
-125.546257019043,48.9300117492676,-0.07209888
-125.937721252441,-73.1804275512695,-0.19706912
-125.319404602051,48.7923889160156,-0.06862357
-125.30428314209,48.9171600341797,-0.0729911
-125.157760620117,50.0138740539551,-0.0270555
-125.140289306641,50.1328811645508,-0.03457257
-125.687515258789,-73.1794662475586,-0.19663024
-125.092025756836,48.654655456543,-0.06401398
-124.951400756836,49.7601890563965,-0.03706264
-124.934616088867,49.8801383972168,-0.02733395
-124.917594909668,49.9995231628418,-0.02764255
-124.900337219238,50.1183471679688,-0.02737939
-125.430511474609,-73.3189239501953,-0.18399826
-125.433975219727,-73.2488708496094,-0.1976964
-124.91926574707,48.0082778930664,-0.07383398
-124.905792236328,48.1363258361816,-0.07451901
-124.892112731934,48.2637557983398,-0.06573203
-124.864105224609,48.5167961120605,-0.04851117
-124.743324279785,49.5051002502441,-0.03070355
-124.727210998535,49.6260108947754,-0.03052741
-124.694297790527,49.8661155700684,-0.02944249
-125.172950744629,-73.4569931030273,-0.17619061
-125.176689147949,-73.3875961303711,-0.18420396
-124.689315795898,47.8685073852539,-0.08111591
-124.635665893555,48.3788070678711,-0.05336501
-124.621734619141,48.5048522949219,-0.04910803
-124.518135070801,49.3704528808594,-0.02954571
-124.470397949219,49.7326545715332,-0.03208462
-124.922721862793,-73.4558792114258,-0.17887231
-124.483741760254,47.4687728881836,-0.09311582
-124.471405029297,47.5989875793457,-0.09458909
-124.458869934082,47.7285690307617,-0.09156343
-124.393157958984,48.3671607971191,-0.04963142
-124.379402160645,48.4930381774902,-0.05178556
-124.277099609375,49.3574371337891,-0.03044488
-124.245903015137,49.5991249084473,-0.03123489
-124.229972839355,49.7191047668457,-0.03064387
-124.672508239746,-73.4547653198242,-0.18424868
-124.567665100098,42.1711387634277,-0.12823426
-124.561614990234,42.3269653320312,-0.12739598
-124.55542755127,42.4820327758789,-0.12838682
-124.549102783203,42.6363487243652,-0.12177789
-124.542633056641,42.7899169921875,-0.11642078
-124.536026000977,42.9427375793457,-0.11845603
-124.529273986816,43.0948104858398,-0.1136527
-124.52237701416,43.2461471557617,-0.10880936
-124.515327453613,43.3967475891113,-0.1073868
-124.298141479492,46.7985496520996,-0.10010873
-124.286918640137,46.9318084716797,-0.10109663
-124.275505065918,47.0644187927246,-0.10141741
-124.263900756836,47.1963844299316,-0.09753199
-124.252105712891,47.327709197998,-0.09824262
-124.164070129395,48.229320526123,-0.05224187
-124.137107849121,48.4813537597656,-0.05955999
-124.05118560791,49.2230186462402,-0.02989756
-124.02082824707,49.465518951416,-0.02918951
-124.418388366699,-73.5226211547852,-0.18598756
-124.381629943848,40.2373657226562,-0.14385397
-124.377159118652,40.4023780822754,-0.15261646
-124.372566223145,40.5665969848633,-0.15682131
-124.367858886719,40.7300338745117,-0.15326618
-124.363037109375,40.8926849365234,-0.14925982
-124.337043762207,41.6942596435547,-0.13989763
-124.331466674805,41.8522567749023,-0.13125402
-124.325759887695,42.0094871520996,-0.12540547
-124.261131286621,43.5403366088867,-0.11847723
-124.253883361816,43.6893424987793,-0.11292761
-124.246482849121,43.8376197814941,-0.10785272
-124.238929748535,43.9851722717285,-0.1117979
-124.231231689453,44.1319999694824,-0.11995542
-124.223373413086,44.2781105041504,-0.11892304
-124.215362548828,44.4235038757324,-0.11400612
-124.207191467285,44.568187713623,-0.12062771
-124.198860168457,44.7121620178223,-0.11631741
-124.190368652344,44.8554306030273,-0.10732453
-124.181716918945,44.9979934692383,-0.11159763
-124.172904968262,45.1398620605469,-0.11730173
-124.163925170898,45.2810363769531,-0.11727104
-124.154777526855,45.421516418457,-0.11422597
-124.145462036133,45.5613098144531,-0.11345632
-124.13597869873,45.7004165649414,-0.11323394
-124.126327514648,45.8388442993164,-0.10976823
-124.116493225098,45.9765930175781,-0.1075342
-124.106491088867,46.1136703491211,-0.10468359
-124.096313476562,46.2500762939453,-0.1028478
-124.085960388184,46.385814666748,-0.09974693
-124.075424194336,46.5208892822266,-0.11392792
-124.064712524414,46.6553039550781,-0.11289281
-123.92147064209,48.2180976867676,-0.04243233
-123.908264160156,48.3442535400391,-0.04405819
-123.810050964355,49.2104568481445,-0.03334782
-123.795181274414,49.3318290710449,-0.03269744
-124.164123535156,-73.5900955200195,-0.18461334
-124.137413024902,40.0678176879883,-0.15178559
-124.10986328125,41.0501976013184,-0.14872797
-124.104850769043,41.211181640625,-0.14149015
-124.099723815918,41.3713874816895,-0.12589782
-124.094467163086,41.530818939209,-0.11106331
-123.678901672363,48.2070007324219,-0.03896128
-123.665870666504,48.3329963684082,-0.03788828
-123.597686767578,48.9538726806641,-0.04105613
-123.583427429199,49.0762519836426,-0.04077792
-123.554290771484,49.3192443847656,-0.03705086
-123.913909912109,-73.5888977050781,-0.18557934
-123.912071228027,39.0536689758301,-0.09422734
-123.908462524414,39.2240867614746,-0.08679558
-123.904747009277,39.3936996459961,-0.0963806
-123.900932312012,39.5625076293945,-0.10518332
-123.897010803223,39.7305107116699,-0.10908625
-123.89298248291,39.8977127075195,-0.13337
-123.436378479004,48.1960372924805,-0.02990375
-123.423522949219,48.3218727111816,-0.03143456
-123.356246948242,48.9419364929199,-0.03873953
-123.327919006348,49.1857719421387,-0.04272042
-123.313438415527,49.3068046569824,-0.04289616
-123.663711547852,-73.5876922607422,-0.18700006
-123.670036315918,38.7074737548828,-0.09000387
-123.66667175293,38.8794250488281,-0.12486387
-123.193885803223,48.1852035522461,-0.02997166
-123.168334960938,48.4359436035156,-0.03706886
-123.155258178711,48.5603981018066,-0.04016268
-123.141990661621,48.6842460632324,-0.03814582
-123.128524780273,48.8074913024902,-0.04066287
-123.100982666016,49.052188873291,-0.04387033
-123.413520812988,-73.5864868164062,-0.18898772
-123.424308776855,38.5318946838379,-0.09233119
-122.963752746582,48.0483665466309,-0.05642614
-122.886978149414,48.7960014343262,-0.04130992
-122.873504638672,48.9184875488281,-0.03197752
-123.16333770752,-73.5852813720703,-0.19293384
-123.181411743164,38.1814651489258,-0.11438332
-123.178413391113,38.3557014465332,-0.09878046
-122.721160888672,48.0379524230957,-0.06079275
-122.684173583984,48.4140548706055,-0.05006692
-122.671463012695,48.5381965637207,-0.04508476
-122.658561706543,48.6617279052734,-0.04027566
-122.917266845703,-73.5156326293945,-0.19323694
-122.935218811035,38.00390625,-0.09809175
-122.47859954834,48.0276718139648,-0.06778664
-122.46662902832,48.153507232666,-0.06595964
-122.454483032227,48.2787208557129,-0.0634177
-122.667106628418,-73.5144577026367,-0.19686445
-122.691520690918,37.6491584777832,-0.08670083
-122.688858032227,37.8257064819336,-0.09090108
-122.416954040527,-73.5132751464844,-0.1958072
-122.449722290039,37.1124687194824,-0.05789488
-122.447341918945,37.2914276123047,-0.06598809
-122.444885253906,37.4695625305176,-0.07194863
-122.166816711426,-73.512092590332,-0.19577318
-122.20272064209,36.9306907653809,-0.04684665
-121.916679382324,-73.5109100341797,-0.17454981
-121.961639404297,36.201774597168,-0.0217333
-121.959686279297,36.3847618103027,-0.02862291
-121.957672119141,36.5669212341309,-0.0348924
-121.955581665039,36.7482414245605,-0.03830687
-121.953414916992,36.9287338256836,-0.04387954
-121.666557312012,-73.5097274780273,-0.19503966
-121.714065551758,36.0163269042969,-0.03351569
-121.412300109863,-73.5767440795898,-0.19537504
-121.468070983887,35.6448059082031,-0.0185694
-121.466377258301,35.8301849365234,-0.01499086
-121.16219329834,-73.5755157470703,-0.19225325
-121.220176696777,35.4571800231934,-0.02909917
-120.912086486816,-73.5742874145508,-0.19604549
-120.972183227539,35.2688446044922,-0.02266205
-120.970657348633,35.4557914733887,-0.02395225
-120.657691955566,-73.6408309936523,-0.19525833
-120.728080749512,34.5115852355957,-0.02197092
-120.72679901123,34.7018241882324,-0.03487778
-120.725463867188,34.891227722168,-0.02615936
-120.724075317383,35.0797996520996,-0.02581202
-120.407600402832,-73.6395568847656,-0.19253635
-120.479652404785,34.3194465637207,-0.01831207
-120.157524108887,-73.6382827758789,-0.19165661
-120.232223510742,33.9339294433594,-0.02485466
-120.229995727539,34.3184051513672,-0.01739574
-119.907447814941,-73.6370086669922,-0.19169955
-119.98356628418,33.7395439147949,-0.01903801
-119.981468200684,34.1255989074707,-0.01557
-119.980346679688,34.3173789978027,-0.01584719
-119.657386779785,-73.6357269287109,-0.19285445
-119.732849121094,33.9320602416992,0.00145892
-119.730697631836,34.3163719177246,-0.01618536
-119.407333374023,-73.6344451904297,-0.19515544
-119.481048583984,34.3153800964355,-0.00947389
-119.157287597656,-73.6331634521484,-0.1975321
-119.232460021973,34.1227531433105,-0.00413916
-118.907257080078,-73.6318817138672,-0.19911754
-118.983787536621,33.9293823242188,-0.00662798
-118.6572265625,-73.6305923461914,-0.18960693
-118.734107971191,33.928524017334,0.00123427
-118.398132324219,-73.7631988525391,-0.18430905
-118.40274810791,-73.6964111328125,-0.18962832
-118.497512817383,29.0654468536377,-0.00607098
-118.485336303711,33.7344589233398,0.00582691
-118.484420776367,33.9276809692383,0.00122903
-118.148124694824,-73.761833190918,-0.18481405
-118.24779510498,28.8528614044189,0.00925774
-118.247314453125,29.2768478393555,-0.01179183
-118.23649597168,33.5396461486816,0.00750807
-117.893356323242,-73.8268432617188,-0.18777876
-117.997611999512,29.0650119781494,-0.01642567
-117.986778259277,33.5389060974121,0.00476399
-117.643371582031,-73.8254318237305,-0.18633919
-117.737854003906,33.3433876037598,0.00574851
-117.388473510742,-73.890007019043,-0.18903705
-117.490219116211,32.75341796875,0.00236403
-117.489555358887,32.9506797790527,-0.00346031
-117.48885345459,33.1471099853516,0.00257322
-117.138511657715,-73.8885498046875,-0.18666091
-117.241661071777,32.3558883666992,0.00352044
-117.241065979004,32.5547752380371,0.00224969
-116.888557434082,-73.8871002197266,-0.1875474
-116.99292755127,31.9551811218262,-0.00148108
-116.992401123047,32.155689239502,6.201e-05
-116.643531799316,-73.8197937011719,-0.19829017
-116.744041442871,31.5513114929199,-0.0083322
-116.743576049805,31.7534275054932,-0.00168201
-116.39835357666,-73.7522430419922,-0.20306621
-116.495391845703,30.9397830963135,-0.01484161
-116.495010375977,31.1442985534668,-0.00737899
-116.494606018066,31.3480110168457,-0.01087442
-116.148422241211,-73.7508773803711,-0.20327686
-116.246185302734,30.5280742645264,-0.01562872
-116.24585723877,30.7341632843018,-0.00895071
-115.898506164551,-73.7495040893555,-0.20483479
-115.996864318848,30.1132831573486,-0.01495298
-115.99658203125,30.320930480957,-0.01405969
-115.643852233887,-73.8141479492188,-0.20533088
-115.747451782227,29.695442199707,-0.01405675
-115.747207641602,29.9046287536621,-0.01540113
-115.39395904541,-73.8127365112305,-0.20344321
-115.49877166748,28.2098045349121,0.03701245
-115.497741699219,29.4852905273438,-0.00640488
-115.139190673828,-73.8769302368164,-0.20448553
-115.249046325684,27.7786674499512,0.04526148
-115.248931884766,27.994535446167,0.04229883
-115.248664855957,28.4241065979004,0.01716561
-115.247802734375,29.4851036071777,0.05060677
-114.889320373535,-73.8754806518555,-0.20262042
-114.999176025391,27.5619983673096,0.05545528
-114.998962402344,27.9944267272949,0.01036025
-114.998840332031,28.209566116333,-0.01845841
-114.998062133789,29.2742385864258,0.00650487
-114.639465332031,-73.8740310668945,-0.20090598
-114.749298095703,27.3446445465088,0.05850564
-114.748992919922,27.9943218231201,0.00839211
-114.748291015625,29.0626430511475,0.00780691
-114.745903015137,31.142068862915,0.02415298
-114.745574951172,31.3456535339355,0.03425256
-114.745223999023,31.5484256744385,0.05395062
-114.394485473633,-73.8071060180664,-0.21320568
-114.499320983887,27.3445663452148,0.05550212
-114.4990234375,27.9942207336426,-0.00696805
-114.498504638672,28.8503189086914,-0.00266389
-114.497375488281,30.1119251251221,-0.02859086
-114.497138977051,30.3194847106934,-0.03748308
-114.496879577637,30.5262565612793,-0.03410984
-114.496612548828,30.7322330474854,-0.03499198
-114.49633026123,30.9374103546143,-0.03089343
-114.495376586914,31.5481090545654,0.0278897
-114.149337768555,-73.7399368286133,-0.21539097
-114.249420166016,27.1265430450439,0.04704272
-114.249061584473,27.9941215515137,-0.03573601
-114.248947143555,28.2092361450195,-0.01361306
-114.248825073242,28.4236221313477,-0.00496071
-114.248695373535,28.6372737884521,0.00885348
-114.247673034668,29.903392791748,-0.04438374
-114.24552154541,31.5478038787842,0.01090133
-113.89949798584,-73.7385711669922,-0.2175196
-113.999504089355,26.9078464508057,0.04866345
-113.997947692871,29.69411277771,-0.03939776
-113.995986938477,31.344783782959,-0.02167226
-113.64966583252,-73.7372131347656,-0.21993625
-113.749588012695,26.6884822845459,0.0624084
-113.748191833496,29.4840869903564,-0.04052225
-113.746131896973,31.3445148468018,-0.03482751
-113.390335083008,-73.8667984008789,-0.21570111
-113.395164489746,-73.8014907836914,-0.2225545
-113.499603271484,26.6884307861328,0.0819099
-113.498565673828,29.0619430541992,-0.03353739
-113.498413085938,29.2733211517334,-0.04549205
-113.496551513672,31.1407451629639,-0.05835277
-113.135566711426,-73.9302978515625,-0.20418491
-113.249618530273,26.6883811950684,0.15697328
-113.248748779297,28.8496913909912,-0.02958896
-113.24861907959,29.0618171691895,-0.03365957
-113.248321533203,29.483793258667,-0.05456166
-113.247169494629,30.7310943603516,-0.07029459
-113.246932983398,30.9362049102783,-0.06579936
-113.246681213379,31.1405086517334,-0.0442912
-112.885795593262,-73.9288177490234,-0.21674142
-112.99967956543,26.4683704376221,0.12187602
-112.998916625977,28.6367130279541,-0.01349045
-112.99853515625,29.2730560302734,-0.05787361
-112.997886657715,30.1108093261719,-0.0756036
-112.997695922852,30.3182964324951,-0.09198616
-112.997497558594,30.5249919891357,-0.09396152
-112.636032104492,-73.9273376464844,-0.20529913
-112.749732971191,26.2477035522461,0.12716177
-112.749252319336,27.9936008453369,-0.03057436
-112.749160766602,28.2086696624756,-0.02365477
-112.749061584473,28.4230098724365,-0.02673874
-112.748725891113,29.061580657959,-0.05336856
-112.748306274414,29.6933403015137,-0.07804116
-112.748146057129,29.9023838043213,-0.07028152
-112.386276245117,-73.9258575439453,-0.22066893
-112.499778747559,26.0263900756836,0.10623465
-112.49974822998,26.2476692199707,0.13221251
-112.499359130859,27.7777404785156,-0.05014499
-112.498893737793,28.8493690490723,-0.01982098
-112.498657226562,29.2728137969971,-0.0998532
-112.498519897461,29.4833927154541,-0.09408273
-112.131446838379,-73.9888229370117,-0.21569922
-112.249908447266,24.9104652404785,0.11136324
-112.249893188477,25.1348819732666,0.10578616
-112.249870300293,25.3586902618408,0.11702011
-112.249847412109,25.5818786621094,0.11311097
-112.249824523926,25.8044395446777,0.10699025
-112.249519348145,27.3439750671387,-0.01553886
-112.249458312988,27.5611782073975,-0.05619846
-112.248947143555,28.8492698669434,-0.02764837
-111.881729125977,-73.9873123168945,-0.21592456
-111.999946594238,24.459831237793,0.13143557
-111.999931335449,24.6854343414307,0.14621118
-111.99959564209,27.1260261535645,-0.02032519
-111.999092102051,28.6363372802734,-0.05152309
-111.632019042969,-73.9857940673828,-0.21649818
-111.749954223633,24.2336406707764,0.12307302
-111.749664306641,26.9073944091797,-0.03662752
-111.749221801758,28.4226779937744,-0.02078643
-111.38232421875,-73.9842834472656,-0.21629183
-111.499961853027,24.2336311340332,0.12008294
-111.499725341797,26.6880893707275,-0.05907601
-111.49934387207,28.2082958221436,-0.0463401
-111.132637023926,-73.982780456543,-0.21619915
-111.249969482422,24.0068759918213,0.08085189
-111.249855041504,25.8043441772461,-0.03056778
-111.24983215332,26.0262546539307,-0.03047605
-111.249801635742,26.2475147247314,-0.04385954
-111.249771118164,26.4681186676025,-0.0517658
-111.249443054199,27.9931983947754,-0.08195422
-110.882957458496,-73.9812774658203,-0.21645202
-110.999969482422,24.0068702697754,0.07254073
-110.999885559082,25.5817756652832,-0.0068665
-110.999534606934,27.7773876190186,-0.09605359
-110.633293151855,-73.9797744750977,-0.21638332
-110.749977111816,23.77956199646,0.06586679
-110.749923706055,25.1347885131836,0.00936866
-110.749908447266,25.3585834503174,-0.00123914
-110.749656677246,27.3436965942383,-0.11376063
-110.749610900879,27.5608730316162,-0.10237697
-110.749565124512,27.7773399353027,-0.10675604
-110.378494262695,-74.0420913696289,-0.2150396
-110.499984741211,23.5517101287842,0.070867
-110.499961853027,24.4597759246826,0.01440656
-110.499954223633,24.6853694915771,0.00606613
-110.499938964844,24.9103736877441,-0.00146213
-110.499717712402,27.1257839202881,-0.09737985
-110.128868103027,-74.0405578613281,-0.21070047
-110.157341003418,-73.6529235839844,-0.21769876
-110.161567687988,-73.5871353149414,-0.21783455
-110.165657043457,-73.5210037231445,-0.21854064
-110.169609069824,-73.4545288085938,-0.21907174
-110.173431396484,-73.3877029418945,-0.21948733
-110.177116394043,-73.3205337524414,-0.22014986
-110.180671691895,-73.2530136108398,-0.22091881
-110.249992370605,23.0944137573242,0.06110177
-110.249992370605,23.3233222961426,0.0605244
-110.249961853027,24.4597682952881,0.00548301
-110.249740600586,27.12575340271,-0.09688617
-109.851264953613,-74.3527374267578,-0.20347197
-109.857192993164,-74.290641784668,-0.20179093
-109.862953186035,-74.2282257080078,-0.20130455
-109.868553161621,-74.1654891967773,-0.20274372
-109.873985290527,-74.102424621582,-0.20607195
-109.898765563965,-73.782112121582,-0.21403181
-109.903274536133,-73.7170486450195,-0.21555114
-109.934303283691,-73.1841125488281,-0.220897
-109.937599182129,-73.1159286499023,-0.22192985
-109.999992370605,22.8649883270264,0.05258966
-109.999969482422,24.2335891723633,-0.00110749
-109.999786376953,26.9071617126465,-0.0715152
-109.601753234863,-74.3509826660156,-0.20244257
-109.639678955078,-73.909797668457,-0.20873683
-109.644462585449,-73.8454437255859,-0.21103527
-109.690963745117,-73.0464248657227,-0.22137475
-109.749992370605,22.8649864196777,0.0309244
-109.749977111816,24.0068435668945,-0.00437107
-109.74983215332,26.6878929138184,-0.04445944
-109.339958190918,-74.4722747802734,-0.20681669
-109.346199035645,-74.4109191894531,-0.20347855
-109.385124206543,-73.9723281860352,-0.20585384
-109.44115447998,-73.0454711914062,-0.21896875
-109.499992370605,23.0944061279297,-0.00239639
-109.499984741211,23.779541015625,-0.0143536
-109.49991607666,25.8042259216309,-0.02504878
-109.499900817871,26.0261211395264,-0.01791599
-109.499885559082,26.2473659515381,-0.02061981
-109.499862670898,26.4679527282715,-0.02590149
-109.499847412109,26.6878719329834,-0.04224698
-109.084136962891,-74.5314331054688,-0.20961708
-109.130470275879,-74.0344543457031,-0.20047358
-109.135520935059,-73.9708557128906,-0.20234164
-109.191352844238,-73.0445251464844,-0.22031284
-109.249992370605,23.3233127593994,-0.02207124
-109.249992370605,23.5516929626465,-0.02613746
-109.249931335449,25.5816783905029,-0.04130114
-108.834739685059,-74.5295639038086,-0.20696089
-108.875701904297,-74.0961608886719,-0.19672337
-108.938423156738,-73.1119918823242,-0.21857826
-108.999954223633,25.3585052490234,-0.04267622
-108.578842163086,-74.5882720947266,-0.1886055
-108.626159667969,-74.094612121582,-0.1960688
-108.68204498291,-73.246696472168,-0.22614682
-108.685401916504,-73.1790313720703,-0.22205215
-108.749954223633,25.3584976196289,0.02068404
-108.315979003906,-74.7064819335938,-0.16428831
-108.322830200195,-74.6465759277344,-0.18583825
-108.376625061035,-74.0930633544922,-0.19518381
-108.428825378418,-73.3129196166992,-0.22150117
-108.499969482422,25.134708404541,-0.02088407
-108.066711425781,-74.7044830322266,-0.14226434
-108.086639404297,-74.5239791870117,-0.18610056
-108.092926025391,-74.4631729125977,-0.20098925
-108.09903717041,-74.4020462036133,-0.20111445
-108.10498046875,-74.3405914306641,-0.1996431
-108.110763549805,-74.2788162231445,-0.19786818
-108.116371154785,-74.2167129516602,-0.196554
-108.12181854248,-74.1542816162109,-0.1954892
-108.127105712891,-74.0915222167969,-0.19526399
-108.175514221191,-73.3787307739258,-0.22179548
-108.249984741211,24.6853141784668,-0.0711832
-108.249977111816,24.9103088378906,-0.03954994
-108.249977111816,25.1347026824951,-0.00606751
-107.824249267578,-74.6426849365234,-0.14932631
-107.830863952637,-74.5825653076172,-0.17928925
-107.91828918457,-73.51025390625,-0.22417458
-107.92211151123,-73.4441146850586,-0.22569027
-107.999992370605,24.4597244262695,-0.01791567
-107.664680480957,-73.5748291015625,-0.22201758
-107.749992370605,24.4597225189209,0.02038204
-107.406784057617,-73.7040100097656,-0.22444873
-107.410972595215,-73.6389923095703,-0.22702038
-107.499992370605,24.2335567474365,0.04285915
-107.152870178223,-73.7673645019531,-0.20316107
-107.25,24.0068206787109,0.01909907
-106.879669189453,-74.0838775634766,-0.19926377
-106.884689331055,-74.02099609375,-0.2090907
-106.88956451416,-73.9577713012695,-0.22725
-106.894287109375,-73.8942031860352,-0.22872763
-106.898857116699,-73.8302993774414,-0.22420921
-107,23.7795257568359,-0.00699705
-106.625068664551,-74.1448822021484,-0.19514299
-106.75,23.5516834259033,-0.03635281
-106.37036895752,-74.2054672241211,-0.1883439
-106.5,23.0943984985352,-0.01487201
-106.5,23.3233032226562,-0.02081241
-106.08610534668,-74.5694732666016,-0.10897827
-106.092330932617,-74.5093612670898,-0.11437649
-106.098388671875,-74.4489212036133,-0.1205536
-106.104278564453,-74.3881530761719,-0.1280387
-106.110008239746,-74.3270645141602,-0.13985718
-106.115577697754,-74.2656402587891,-0.16072541
-106.25,22.8649787902832,-0.01829846
-105.836906433105,-74.5676345825195,-0.11093992
-105.843101501465,-74.507568359375,-0.11621342
-106,22.6350574493408,0.01344105
-105.599891662598,-74.445426940918,-0.12200036
-105.75,20.0761108398438,-0.00020518
-105.75,20.3107452392578,-0.00488787
-105.75,21.9423866271973,0.01034482
-105.75,22.1737499237061,0.03482925
-105.75,22.4046440124512,0.05089665
-105.350654602051,-74.4436950683594,-0.11987248
-105.5,19.8411273956299,-0.00659995
-105.5,20.5450210571289,-0.01529192
-105.5,20.7789344787598,0.00545182
-105.5,21.0124645233154,-0.00087381
-105.5,21.710563659668,0.03849782
-105.095504760742,-74.5022277832031,-0.10506933
-105.25,19.3701171875,0.00533684
-105.25,19.6057929992676,-0.00217757
-105.25,21.2455902099609,-0.01740876
-105.25,21.4782962799072,-0.02303694
-104.834045410156,-74.6199188232422,-0.09076505
-104.840270996094,-74.5603485107422,-0.09384697
-105,19.1340980529785,0.03469322
-104.584953308105,-74.6180725097656,-0.09034305
-104.75,19.1340980529785,-0.0005241
-104.329559326172,-74.6753845214844,-0.08491971
-104.5,18.897741317749,-0.01964158
-104.080535888672,-74.6735153198242,-0.08179239
-104.25,18.897741317749,-0.04162603
-103.831527709961,-74.6716461181641,-0.07621626
-104,18.6610488891602,-0.05255606
-103.576156616211,-74.7284851074219,-0.06662398
-103.704872131348,-72.819091796875,-0.21060058
-103.707298278809,-72.7498550415039,-0.21236648
-103.709632873535,-72.6802520751953,-0.21459954
-103.721740722656,-72.2545547485352,-0.21993437
-103.72346496582,-72.1822509765625,-0.20700715
-103.75,18.4240283966064,-0.03905976
-103.75,18.6610488891602,-0.04105318
-103.327217102051,-74.7266006469727,-0.0623865
-103.447311401367,-73.0236587524414,-0.19594743
-103.450019836426,-72.9555892944336,-0.20221437
-103.452629089355,-72.8871383666992,-0.21123128
-103.462089538574,-72.6095733642578,-0.18623934
-103.470108032227,-72.3258819580078,-0.22773989
-103.475257873535,-72.1090469360352,-0.22767468
-103.5,18.1866779327393,-0.01733394
-103.078285217285,-74.724723815918,-0.05469882
-103.191925048828,-73.1577758789062,-0.15506613
-103.194831848145,-73.0904769897461,-0.16097881
-103.21231842041,-72.60888671875,-0.15522896
-103.218421936035,-72.3967742919922,-0.2246664
-103.220283508301,-72.3253021240234,-0.23092311
-103.225402832031,-72.1085357666016,-0.22619249
-103.25,18.1866779327393,-0.04238835
-102.829376220703,-74.7228546142578,-0.04597596
-102.915161132812,-73.6818084716797,-0.06134261
-102.918968200684,-73.6174545288086,-0.06898853
-102.922645568848,-73.5527420043945,-0.07733122
-102.926208496094,-73.4876708984375,-0.08483733
-102.929649353027,-73.4222412109375,-0.08948563
-102.939292907715,-73.2237548828125,-0.11345954
-102.964653015137,-72.5379104614258,-0.13376009
-102.966674804688,-72.4672317504883,-0.15818852
-102.973930358887,-72.1806488037109,-0.22534936
-103,17.9490070343018,-0.03145372
-102.58048248291,-74.7209930419922,-0.03630471
-102.63077545166,-74.182487487793,0.00515195
-102.635620117188,-74.1209716796875,0.00186537
-102.640319824219,-74.0591125488281,-0.00363257
-102.661796569824,-73.7445907592773,-0.03674129
-102.683403015137,-73.3554458618164,-0.06953995
-102.689674377441,-73.2228164672852,-0.08511019
-102.724098205566,-72.1801223754883,-0.20667418
-102.725700378418,-72.1075210571289,-0.22329169
-102.727233886719,-72.0345230102539,-0.22715896
-102.75,17.9490070343018,-0.05237416
-102.331596374512,-74.7191467285156,-0.02429999
-102.371505737305,-74.3029479980469,0.01781615
-102.376602172852,-74.2421493530273,0.02090704
-102.395561218262,-73.9955520629883,-0.00547554
-102.41236114502,-73.7433929443359,-0.02596879
-102.43383026123,-73.3544464111328,-0.04077508
-102.440063476562,-73.2218856811523,-0.06386939
-102.47883605957,-71.9606781005859,-0.23074208
-102.5,17.9490070343018,-0.07912465
-102.082733154297,-74.7173156738281,-0.00973757
-102.117156982422,-74.3618240356445,0.03372788
-102.146255493164,-73.9942092895508,0.00486133
-102.162940979004,-73.7421951293945,-0.013357
-102.184265136719,-73.3534545898438,-0.02664899
-102.190452575684,-73.2209548950195,-0.04863057
-102.230346679688,-71.886474609375,-0.21355442
-102.25,17.7110137939453,-0.03874647
-101.839958190918,-74.657112121582,0.0112262
-101.868057250977,-74.3602523803711,0.0478469
-101.901298522949,-73.9304351806641,0.01742637
-101.909576416016,-73.8045043945312,0.00660296
-101.934707641602,-73.3524627685547,-0.01384011
-101.937835693359,-73.2864303588867,-0.02627624
-101.940849304199,-73.2200317382812,-0.03672808
-101.980476379395,-71.8860397338867,-0.20212386
-102,17.7110137939453,-0.04206613
-101.591079711914,-74.6553421020508,0.02663454
-101.596961975098,-74.5966720581055,0.03084605
-101.602691650391,-74.5376739501953,0.04361417
-101.608268737793,-74.4783477783203,0.05058225
-101.613693237305,-74.4186859130859,0.05750931
-101.651977539062,-73.9291458129883,0.02908483
-101.656150817871,-73.8663940429688,0.02337966
-101.660202026367,-73.8032836914062,0.01778349
-101.731895446777,-71.8115081787109,-0.2034233
-101.75,17.7110137939453,-0.05693766
-101.48201751709,-71.8110961914062,-0.19746513
-101.5,17.4727058410645,-0.05884732
-101.232147216797,-71.8106918334961,-0.19770454
-101.25,17.2340850830078,-0.05497074
-100.982269287109,-71.8102874755859,-0.19487278
-101,17.2340850830078,-0.09573418
-100.732398986816,-71.8098907470703,-0.19338666
-100.75,16.9951572418213,-0.0739463
-100.483711242676,-71.7350845336914,-0.19786464
-100.5,16.9951572418213,-0.11641582
-100.233833312988,-71.7347106933594,-0.19791436
-100.25,16.7559223175049,-0.10840764
-99.982795715332,-71.808708190918,-0.19017571
-100,16.7559223175049,-0.12725888
-99.7329254150391,-71.8083190917969,-0.19457389
-99.75,16.5163860321045,-0.11077435
-99.4842147827148,-71.7336044311523,-0.18875104
-99.5,16.5163860321045,-0.11498734
-99.2343368530273,-71.7332382202148,-0.18902948
-99.25,16.5163860321045,-0.13534499
-98.9855422973633,-71.6581649780273,-0.18820177
-99,16.5163860321045,-0.13697802
-98.7356643676758,-71.657829284668,-0.19763419
-98.75,16.276554107666,-0.1236283
-98.484733581543,-71.7321624755859,-0.19492838
-98.5,16.276554107666,-0.14760372
-98.23486328125,-71.7318115234375,-0.19350945
-98.25,16.0364284515381,-0.12652199
-97.9850006103516,-71.7314605712891,-0.19107614
-98,16.0364284515381,-0.12872224
-97.7351379394531,-71.7311172485352,-0.18276774
-97.75,15.7960119247437,-0.13675728
-97.7500076293945,22.1737842559814,-0.01632787
-97.7500076293945,22.4046936035156,-0.03229732
-97.7500076293945,22.6351261138916,-0.05671589
-97.7500152587891,22.8650703430176,-0.06028637
-97.7500228881836,23.0945167541504,-0.04774706
-97.7500305175781,23.3234519958496,-0.03006653
-97.4852752685547,-71.7307739257812,-0.17983775
-97.5,15.7960119247437,-0.13624298
-97.5,21.710578918457,-0.04709511
-97.5,21.9424095153809,-0.05476501
-97.5000381469727,23.5518760681152,-0.0073403
-97.5000534057617,23.7797603607178,0.02253004
-97.5000686645508,24.0071029663086,0.0476948
-97.5000839233398,24.2338924407959,0.05248555
-97.5001068115234,24.4601173400879,0.05576924
-97.500129699707,24.6857681274414,0.06862049
-97.5001602172852,24.9108352661133,0.0738651
-97.2354125976562,-71.7304382324219,-0.18708937
-97.25,15.7960119247437,-0.1294124
-97.25,21.0124664306641,-0.001
-97.25,21.2455940246582,-0.04205572
-97.25,21.4783039093018,-0.05693226
-97.2501907348633,25.1353397369385,0.07102118
-97.2502288818359,25.3592128753662,0.06404954
-97.2505111694336,26.4691867828369,0.0167554
-97.2505950927734,26.6892414093018,0.03918842
-97.2506790161133,26.9086265563965,0.0552848
-97.2507705688477,27.1273345947266,0.05844434
-97.2508773803711,27.3453598022461,0.06010593
-97.2509918212891,27.5626926422119,0.09051153
-96.9855499267578,-71.730094909668,-0.1957287
-97,15.7960119247437,-0.13445704
-97,20.5450210571289,0.01755974
-97,20.7789344787598,-0.00292322
-97.0002822875977,25.5825157165527,0.0421347
-97.0003356933594,25.8051567077637,0.06286624
-97.0003890991211,26.0271682739258,0.03183644
-97.0004577636719,26.2485370635986,0.030974
-97.0011444091797,27.7794456481934,0.08769576
-96.7356948852539,-71.7297668457031,-0.19698953
-96.75,15.5553112030029,-0.10930037
-96.75,20.3107452392578,-0.04003115
-96.7513122558594,27.9955139160156,0.05071946
-96.48583984375,-71.7294387817383,-0.19526612
-96.5,15.5553112030029,-0.15221314
-96.5,20.0761108398438,-0.05999339
-96.5015029907227,28.2108936309814,0.06260964
-96.2338943481445,-71.8769226074219,-0.18187959
-96.2349624633789,-71.80322265625,-0.19081353
-96.25,15.5553112030029,-0.11668104
-96.25,19.3701171875,-0.09765954
-96.25,19.6057929992676,-0.08288795
-96.25,19.8411273956299,-0.05004587
-96.2517166137695,28.4255828857422,0.11244645
-95.9829483032227,-71.949836730957,-0.18744705
-96,15.5553112030029,-0.09510382
-96,19.1340980529785,-0.09686388
-96.0017547607422,28.4257507324219,0.09645823
-95.7294845581055,-72.1667709350586,-0.17300102
-95.7307586669922,-72.0947418212891,-0.17665847
-95.7319717407227,-72.0223083496094,-0.18474871
-95.75,15.7960119247437,-0.11784624
-95.75,18.897741317749,-0.09258117
-95.7519912719727,28.6397571563721,0.11580731
-95.4755783081055,-72.3799285888672,-0.19039438
-95.4770202636719,-72.3091430664062,-0.19129655
-95.4783935546875,-72.2379455566406,-0.19100028
-95.5,15.7960119247437,-0.13990381
-95.5,18.897741317749,-0.0875789
-95.5020294189453,28.6399459838867,0.11239865
-95.2258453369141,-72.3794555664062,-0.19029669
-95.25,16.0364284515381,-0.11934873
-95.25,18.897741317749,-0.10259706
-95.2522964477539,28.8532733917236,0.14483168
-94.9761199951172,-72.3789901733398,-0.19475302
-95,16.0364284515381,-0.11213036
-95,18.6610488891602,-0.08223995
-95.0025863647461,29.0658988952637,0.16050182
-94.7263870239258,-72.378532409668,-0.20012701
-94.75,16.0364284515381,-0.09171379
-94.75,18.6610488891602,-0.08890288
-94.7529067993164,29.2778186798096,0.16952535
-94.4766616821289,-72.3780822753906,-0.19773872
-94.5,16.0364284515381,-0.07614037
-94.5,18.1866779327393,-0.06710384
-94.5,18.4240283966064,-0.07275778
-94.5032577514648,29.4890289306641,0.15806203
-94.2269439697266,-72.3776321411133,-0.1951597
-94.25,16.0364284515381,-0.07792104
-94.25,18.1866779327393,-0.05465291
-94.2533187866211,29.4893074035645,0.14870962
-93.9772186279297,-72.3771820068359,-0.1960063
-94,15.7960119247437,-0.06144629
-94,18.4240283966064,-0.06938866
-94.0033798217773,29.4895896911621,0.14437641
-93.7275009155273,-72.3767471313477,-0.19510676
-93.75,15.7960119247437,-0.03961269
-93.75,18.4240283966064,-0.05783556
-93.753776550293,29.7001419067383,0.15591341
-93.477783203125,-72.3763122558594,-0.19414526
-93.5,15.5553112030029,-0.05079971
-93.5,18.4240283966064,-0.04925131
-93.5038375854492,29.7004547119141,0.17396459
-93.2280654907227,-72.3758850097656,-0.19437069
-93.25,15.3143272399902,-0.10250484
-93.25,18.6610488891602,-0.05315203
-93.25390625,29.7007732391357,0.1852569
-92.9783477783203,-72.3754653930664,-0.18905837
-93,15.0730667114258,-0.10366928
-93,15.3143272399902,-0.16189102
-93,18.6610488891602,-0.02430199
-93.0039672851562,29.7010974884033,0.18570025
-92.7273254394531,-72.4452285766602,-0.19201519
-92.75,14.8315315246582,-0.10469161
-92.75,18.6610488891602,0.02384078
-92.7536773681641,29.4910793304443,0.18727205
-92.4776306152344,-72.4447937011719,-0.19266772
-92.5,14.5897264480591,-0.12782588
-92.5,14.8315315246582,-0.13282288
-92.5,18.897741317749,0.02783633
-92.5037384033203,29.4913921356201,0.18885587
-92.2279434204102,-72.4443740844727,-0.1858056
-92.25,14.3476552963257,-0.0994515
-92.25,18.897741317749,0.05437854
-92.253791809082,29.4917106628418,0.1845101
-91.9782562255859,-72.4439544677734,-0.18685016
-92,14.3476552963257,-0.09982745
-92,18.897741317749,0.08100615
-92.0042266845703,29.7024459838867,0.19398762
-91.7285690307617,-72.4435424804688,-0.19647708
-91.75,-0.249999210238457,-0.08594757
-91.75,0,-0.12268297
-91.75,14.1053228378296,-0.09275345
-91.75,18.6610488891602,0.10575547
-91.7542877197266,29.7027950286865,0.18247771
-91.4801025390625,-72.3730392456055,-0.18947112
-91.5,-0.999949216842651,-0.11767667
-91.5,-0.749978601932526,-0.114799
-91.5,-0.499993652105331,-0.09412175
-91.5,0.249999210238457,-0.13740168
-91.5,13.8627319335938,-0.08598543
-91.5,18.6610488891602,0.16626556
-91.5,18.897741317749,0.11150728
-91.5039672851562,29.4926910400391,0.15405142
-91.2304000854492,-72.3726577758789,-0.19528318
-91.25,-1.24990081787109,-0.104526
-91.25,-0.499993652105331,-0.10200785
-91.25,0.249999210238457,-0.14017512
-91.25,13.8627319335938,-0.0998134
-91.25,19.1340980529785,0.1009158
-91.2536544799805,29.2818031311035,0.15182574
-94.5451507568359,58.8741683959961,-0.00320839
-94.5878372192383,58.948902130127,-0.00796428
-94.6309356689453,59.0232925415039,-0.00201588
-94.6744384765625,59.0973472595215,0.00394899
-94.7183609008789,59.1710624694824,0.00834074
-94.7626953125,59.2444343566895,0.0119161
-90.9807052612305,-72.3722839355469,-0.19643349
-91,-0.999949216842651,-0.11172085
-91,0,-0.15916699
-91,13.8627319335938,-0.11101194
-91,19.1340980529785,0.13498976
-91,19.3701171875,0.114205
-91.0033645629883,29.0701389312744,0.1490248
-94.2604064941406,58.7536544799805,0.001
-94.3029632568359,58.8292655944824,-0.00499043
-94.6124038696289,59.348991394043,0.00611286
-94.6583023071289,59.4218826293945,0.0072543
-94.7046356201172,59.4944343566895,0.00855202
-94.7513961791992,59.5666542053223,0.01089086
-94.7985992431641,59.6385383605957,-0.01466286
-90.7298355102539,-72.4419555664062,-0.20484457
-90.75,-1.24990081787109,-0.10151242
-90.75,-0.749978601932526,-0.09400511
-90.75,-0.499993652105331,-0.09490823
-90.75,-0.249999210238457,-0.09284543
-90.75,13.8627319335938,-0.1274574
-90.75,19.6057929992676,0.12821582
-90.75,19.8411273956299,0.11796978
-90.7534103393555,29.0704402923584,0.15828767
-94.0597305297852,58.7839965820312,-0.01109782
-94.6547622680664,59.7429313659668,0.001
-94.7036056518555,59.8143348693848,0.00721161
-94.7528991699219,59.8854064941406,0.00980517
-94.8026504516602,59.9561462402344,0.00288876
-90.4801635742188,-72.4415740966797,-0.19482478
-90.5,-1.49982869625092,-0.10368233
-90.5,-0.999949216842651,-0.07936491
-90.5,-0.749978601932526,-0.09435917
-90.5,-0.499993652105331,-0.09051725
-90.5,13.8627319335938,-0.14368267
-90.5,20.0761108398438,0.10705617
-90.5,20.3107452392578,0.08708442
-90.5,20.5450210571289,0.05978408
-90.5,20.7789344787598,0.04424732
-90.5,21.0124683380127,0.03137315
-90.5034561157227,29.0707454681396,0.16964354
-93.8589401245117,58.8146934509277,-0.0124014
-94.6643218994141,60.0605278015137,-0.00879622
-90.2316131591797,-72.3711853027344,-0.19157559
-90.25,-1.24990081787109,-0.10484263
-90.25,-0.999949216842651,-0.08839028
-90.25,-0.249999210238457,-0.08901955
-90.25,13.6198883056641,-0.15032513
-90.25,21.2456016540527,0.02855406
-90.2535018920898,29.0710544586182,0.18289211
-93.6580352783203,58.8457450866699,-0.01337461
-94.5279006958008,60.1653289794922,-0.01654561
-94.5806198120117,60.2354469299316,-0.01031722
-94.6338272094727,60.3052291870117,-0.00780951
-89.9819183349609,-72.3708267211914,-0.18739708
-90,-0.749978601932526,-0.09583599
-90,-0.499993652105331,-0.0892464
-90,13.6198883056641,-0.14312257
-90,21.2456035614014,0.04855346
-90.00390625,29.2834396362305,0.20773136
-93.4122314453125,58.8003883361816,-0.01637024
-94.5018920898438,60.4101638793945,-0.01492094
-94.556884765625,60.4794692993164,-0.01180089
-89.7322235107422,-72.370475769043,-0.17691076
-89.75,-0.749978601932526,-0.09680326
-89.75,13.3767938613892,-0.16503007
-89.75,21.4783229827881,0.02618168
-89.7539596557617,29.2837791442871,0.21898476
-92.3152389526367,57.0486717224121,0.00268105
-92.3518142700195,57.1335830688477,-0.0164199
-92.3887634277344,57.2181167602539,-0.00785242
-92.5791931152344,57.635181427002,-0.00114256
-92.6184387207031,57.7174873352051,-0.0052184
-92.6580810546875,57.7994232177734,-0.00939278
-92.698112487793,57.8809967041016,-0.01270279
-92.7385406494141,57.9622039794922,-0.01429539
-92.7793731689453,58.0430526733398,-0.01507241
-92.8206100463867,58.1235389709473,-0.01605184
-92.8622589111328,58.2036666870117,-0.01820983
-92.9043121337891,58.2834396362305,-0.02106976
-92.94677734375,58.3628540039062,-0.02431397
-92.9896621704102,58.4419136047363,-0.02604223
-93.032958984375,58.5206184387207,-0.02675127
-93.0766830444336,58.5989723205566,-0.02713208
-93.1208343505859,58.6769714355469,-0.02590807
-93.165412902832,58.7546234130859,-0.02220507
-94.4282379150391,60.5846786499023,-0.01478937
-94.4850540161133,60.6534996032715,-0.01271554
-89.4814682006836,-72.4401092529297,-0.17812314
-89.5,-0.999949216842651,-0.10401022
-89.5,-0.499993652105331,-0.0880072
-89.5,13.3767938613892,-0.16309625
-89.5,21.4783229827881,0.04161433
-89.5036315917969,29.0720043182373,0.20446124
-89.5052947998047,29.916088104248,0.29922467
-89.5057830810547,30.1252593994141,0.27405109
-92.1004257202148,57.0759887695312,-0.00441905
-92.2128601074219,57.3302154541016,-0.01329108
-92.251106262207,57.4142112731934,-0.00813764
-92.2897338867188,57.4978294372559,-0.01023685
-92.3287506103516,57.5810775756836,-0.01176077
-94.3597564697266,60.758975982666,-0.01492878
-89.2317962646484,-72.4397583007812,-0.17273816
-89.25,-0.999949216842651,-0.10229712
-89.25,-0.499993652105331,-0.0883514
-89.25,13.3767938613892,-0.16327688
-89.25,21.4783229827881,0.0680456
-89.2533264160156,28.8594646453857,0.19975685
-89.2544555664062,29.4958877563477,0.32389937
-89.2548904418945,29.7065715789795,0.29479223
-89.2563781738281,30.3341655731201,0.26614166
-91.885498046875,57.1035995483398,-0.01894349
-94.2364959716797,60.8648643493652,-0.01594322
-88.9810485839844,-72.5089492797852,-0.17529558
-89,-0.749978601932526,-0.08864756
-89,13.1334543228149,-0.14898805
-89,21.4783248901367,0.0806555
-89.0037231445312,29.0726585388184,0.18358162
-89.0041046142578,29.2848243713379,0.21708858
-89.0064544677734,30.3346557617188,0.24046361
-91.6704635620117,57.1314964294434,-0.03148925
-94.1152877807617,60.9711608886719,-0.01892638
-88.7313995361328,-72.5085983276367,-0.17037472
-88.75,13.1334543228149,-0.19147068
-88.75,15.7960119247437,0.00867326
-88.75,16.0364284515381,-0.00401409
-88.75,21.4783248901367,0.08669535
-88.7565307617188,30.3351516723633,0.2345693
-91.4939727783203,57.2454376220703,-0.03849778
-93.9961471557617,61.0778617858887,-0.01548318
-94.0589904785156,61.1457481384277,-0.01252054
-88.4817581176758,-72.5082550048828,-0.16760276
-88.5,13.1334543228149,-0.25539949
-88.5,15.7960119247437,-0.06556128
-88.5,16.276554107666,-0.06159243
-88.5,21.710620880127,0.04135269
-88.5066070556641,30.3356533050537,0.22806622
-91.2792129516602,57.2741241455078,-0.04509093
-93.9433670043945,61.2526931762695,-0.01397112
-88.2299423217773,-72.6456680297852,-0.16390654
-88.2310485839844,-72.5769958496094,-0.17308389
-88.25,13.1334543228149,-0.18893803
-88.25,15.7960119247437,-0.05659578
-88.25,16.5163860321045,-0.06144199
-88.25,16.7559223175049,-0.0598307
-88.25,16.9951572418213,-0.03095931
-88.25,17.2340850830078,-0.01391331
-88.25,18.1866779327393,0.02289392
-88.25,18.4240283966064,0.0933427
-88.25,21.710620880127,0.05772645
-88.2566757202148,30.33616065979,0.21737932
-91.064338684082,57.3030853271484,-0.04970619
-93.8298492431641,61.360034942627,-0.01065955
-93.896125793457,61.4272651672363,-0.01019474
-87.9803466796875,-72.6453018188477,-0.16172232
-88,13.1334543228149,-0.14329643
-88,16.0364284515381,-0.07536461
-88,16.7559223175049,-0.05973359
-88,17.4727058410645,-0.01866704
-88,17.7110137939453,-0.01412618
-88,17.9490070343018,-0.01507668
-88,18.4240283966064,0.09158803
-88,21.7106227874756,0.08557896
-88.0067520141602,30.3366737365723,0.21392441
-88.0073471069336,30.5445289611816,0.25482345
-90.8493270874023,57.3323287963867,-0.0542246
-93.7862167358398,61.5348358154297,-0.02009093
-87.7296447753906,-72.7131881713867,-0.16046081
-87.75,12.8898735046387,-0.14181545
-87.75,13.1334543228149,-0.1255676
-87.75,16.0364284515381,-0.06440342
-87.75,16.5163860321045,-0.06183606
-87.75,16.9951572418213,-0.04461292
-87.75,18.1866779327393,0.02358814
-87.75,21.7106246948242,0.09417606
-87.7562637329102,30.1285572052002,0.1827269
-90.5934524536133,57.2752151489258,-0.06042508
-93.609245300293,61.575870513916,-0.02993592
-87.4800720214844,-72.7128295898438,-0.15575567
-87.5,12.6460552215576,-0.19219454
-87.5,16.0364284515381,-0.04928181
-87.5,16.7559223175049,-0.03912212
-87.5,18.4240283966064,0.03881022
-87.5,18.6610488891602,0.04675808
-87.5,18.897741317749,0.05454503
-87.5,19.1340980529785,0.05736907
-87.5,19.3701171875,0.03791441
-87.5,19.6057929992676,0.04629156
-87.5,21.7106266021729,0.11163055
-87.5063247680664,30.1290493011475,0.17738464
-90.2964248657227,57.129940032959,-0.05558893
-90.3368377685547,57.2175483703613,-0.05619099
-93.4320755004883,61.617259979248,-0.03338115
-87.2304992675781,-72.7124786376953,-0.15340721
-87.25,12.4020042419434,-0.16667469
-87.25,16.0364284515381,-0.04133218
-87.25,18.4240283966064,0.0393234
-87.25,18.897741317749,0.05097484
-87.25,19.8411273956299,0.07959046
-87.25,20.0761108398438,0.09096769
-87.25,20.3107452392578,0.09350857
-87.25,21.7106266021729,0.12856507
-87.2569732666016,30.3382453918457,0.19072434
-90.0390014648438,57.0711059570312,-0.057124
-93.2546997070312,61.6589965820312,-0.03240966
-93.4695205688477,61.8597984313965,0.02950731
-93.542366027832,61.9260292053223,0.02869105
-86.9809341430664,-72.7121353149414,-0.15028344
-87,12.1577243804932,-0.17417856
-87,15.7960119247437,0.03160885
-87,18.6610488891602,0.04723949
-87,20.5450210571289,0.10472775
-87,21.7106285095215,0.09927877
-87.0070419311523,30.3387794494629,0.18745579
-89.7808685302734,57.0116920471191,-0.0615463
-93.1489868164062,61.7685508728027,-0.01347634
-93.2214813232422,61.8356742858887,-0.00214566
-93.3683547973633,61.9688568115234,0.00979381
-86.7313613891602,-72.711799621582,-0.14781612
-86.75,11.9132204055786,-0.18424303
-86.75,15.7960119247437,0.04464151
-86.75,20.7789344787598,0.10468421
-86.75,21.0124702453613,0.10744565
-86.75,21.2456073760986,0.08934528
-86.75,21.4783325195312,0.11143693
-86.7571105957031,30.339319229126,0.18089266
-89.5220413208008,56.9516944885254,-0.0624722
-93.1941223144531,62.0120277404785,0.0047688
-86.4807739257812,-72.7792358398438,-0.14690831
-86.5,11.6684951782227,-0.18943714
-86.5,15.7960119247437,0.0598629
-86.5071792602539,30.339864730835,0.17525667
-89.2625350952148,56.8910980224609,-0.06212639
-93.0958557128906,62.1219635009766,0.0087196
-86.2301864624023,-72.8462371826172,-0.14236197
-86.25,11.4235544204712,-0.18453791
-86.25,16.0364284515381,0.01866296
-86.2572479248047,30.3404159545898,0.16527702
-89.043098449707,56.9205703735352,-0.0863616
-92.9220581054688,62.1659927368164,-0.00146819
-85.9806747436523,-72.8459014892578,-0.1379005
-86,10.1957597732544,-0.19762008
-86,10.4417161941528,-0.18003871
-86,11.1784019470215,-0.17683383
-86,16.0364284515381,0.01712431
-86.0067138671875,30.1321067810059,0.16538871
-88.7823257446289,56.859375,-0.08568596
-92.7480087280273,62.2103538513184,-0.00813413
-85.7290649414062,-72.9789886474609,-0.1386164
-85.7301330566406,-72.912483215332,-0.14245436
-85.75,9.94961357116699,-0.1993002
-85.75,10.687479019165,-0.18203853
-85.75,10.9330415725708,-0.18192187
-85.75,16.0364284515381,0.0080105
-85.7567749023438,30.1326332092285,0.16579645
-88.4397430419922,56.6133232116699,-0.08386504
-88.480110168457,56.705638885498,-0.0930818
-88.5209045410156,56.7975578308105,-0.09667914
-92.6533050537109,62.3216705322266,-0.00499883
-85.479606628418,-72.978645324707,-0.12975118
-85.5,9.70328140258789,-0.13827799
-85.5,16.0364284515381,0.01185175
-85.5057144165039,29.71311378479,0.16980433
-85.5062561035156,29.9235019683838,0.1704826
-88.1776580810547,56.549617767334,-0.08674209
-92.5608444213867,62.4333190917969,-0.00880918
-85.2301559448242,-72.9783096313477,-0.12781362
-85.25,9.70328140258789,-0.19720035
-85.25,16.0364284515381,0.01802889
-85.255256652832,29.5024452209473,0.17165012
-87.8750228881836,56.3912925720215,-0.08846541
-87.9149780273438,56.4852676391602,-0.09899561
-92.3878402709961,62.4790229797363,-0.01803246
-84.9807052612305,-72.9779815673828,-0.13099379
-85,9.70328140258789,-0.13152552
-85,16.0364284515381,0.02012649
-85.0000076293945,21.942512512207,0.1619249
-85.0053024291992,29.5028896331787,0.19174427
-87.4944610595703,56.0393829345703,-0.06520671
-87.5331344604492,56.1352081298828,-0.07223255
-87.5722351074219,56.2306289672852,-0.0852464
-87.6117553710938,56.3256454467773,-0.09621027
-92.2145614624023,62.5250434875488,-0.02463806
-84.7302627563477,-73.0437240600586,-0.13669206
-84.75,9.70328140258789,-0.13321426
-84.75,16.0364284515381,0.01234644
-84.75,21.7106437683105,0.15144754
-84.7500076293945,22.1739444732666,0.1321848
-84.7558670043945,29.7145385742188,0.23669099
-87.2306823730469,55.9711380004883,-0.06340674
-91.9570541381836,62.5043487548828,-0.03455822
-92.2109832763672,62.7042999267578,0.01329834
-92.2970352172852,62.7702026367188,0.01574862
-84.4798431396484,-73.1090469360352,-0.14102151
-84.5,9.45676803588867,-0.17186821
-84.5,16.0364284515381,0.00565158
-84.5,21.7106456756592,0.1490379
-84.5000076293945,22.1739482879639,0.06311923
-84.5000152587891,22.4049282073975,0.12178829
-84.5059204101562,29.7150230407715,0.23672098
-87.005012512207,55.9993324279785,-0.06856754
-91.8671340942383,62.6180076599121,-0.01887105
-91.9526977539062,62.6848526000977,-0.01076668
-92.1259613037109,62.8174095153809,0.00458442
-84.2304534912109,-73.1087265014648,-0.12891513
-84.25,9.21007823944092,-0.16898015
-84.25,16.0364284515381,0.00561112
-84.25,21.7106475830078,0.15130007
-84.2500228881836,22.6354541778564,0.13962338
-84.2565307617188,29.926061630249,0.23426576
-86.7401657104492,55.930362701416,-0.08076034
-91.8666610717773,62.798641204834,-0.01107527
-83.980094909668,-73.1736297607422,-0.12987824
-84,9.21007823944092,-0.16206666
-84,15.5553112030029,0.08935271
-84,15.7960119247437,0.03365454
-84.0000076293945,21.9425239562988,0.16255688
-84.0000305175781,22.865514755249,0.15045406
-84.0065841674805,29.926586151123,0.23131001
-86.4748153686523,55.8606948852539,-0.08993312
-91.6059188842773,62.779411315918,-0.02963857
-83.7297668457031,-73.2381286621094,-0.12234631
-83.75,8.46899127960205,-0.20531091
-83.75,8.71618556976318,-0.21466301
-83.75,8.96321582794189,-0.18329721
-83.75,11.1784019470215,-0.16319832
-83.75,11.4235544204712,-0.14160216
-83.75,15.5553112030029,0.10791947
-83.7500076293945,21.9425258636475,0.15879803
-83.7500305175781,22.8655242919922,0.14283177
-83.7560653686523,29.716495513916,0.22971479
-83.7566375732422,29.9271144866943,0.23412942
-86.2089767456055,55.7903213500977,-0.09199052
-91.3437423706055,62.759708404541,-0.04042838
-83.4804534912109,-73.2378158569336,-0.11378354
-83.5,8.22163867950439,-0.20777635
-83.5,10.687479019165,-0.16532392
-83.5,10.9330415725708,-0.17587629
-83.5,11.6684951782227,-0.12545917
-83.5,11.9132204055786,-0.067958
-83.5,12.1577243804932,-0.01376248
-83.5,12.4020042419434,0.01310809
-83.5,12.6460552215576,0.0421635
-83.5,12.8898735046387,0.06183279
-83.5,13.1334543228149,0.06653741
-83.5,13.3767938613892,0.08298356
-83.5,13.6198883056641,0.11592574
-83.5,15.3143272399902,0.09374202
-83.5000076293945,22.1739654541016,0.32767636
-83.5000457763672,23.0951156616211,0.13201355
-83.5055694580078,29.5056324005127,0.24872344
-85.9426651000977,55.7192344665527,-0.090411
-91.1686401367188,62.8075218200684,-0.05117152
-83.2260894775391,-73.5555191040039,-0.05798206
-83.227165222168,-73.4927062988281,-0.06683752
-83.2282104492188,-73.4294967651367,-0.07941767
-83.2292175292969,-73.3658981323242,-0.09244493
-83.2301940917969,-73.3019104003906,-0.10083222
-83.25,8.22163867950439,-0.21111476
-83.25,10.1957597732544,-0.17642926
-83.25,10.4417161941528,-0.156612
-83.25,13.8627319335938,0.12557412
-83.25,14.1053228378296,0.14409152
-83.25,15.0730667114258,0.11409407
-83.25,21.478343963623,0.14270654
-83.25,21.7106533050537,0.15321467
-83.2500076293945,22.1739692687988,0.33611613
-83.2500457763672,23.0951290130615,0.12550165
-83.2551040649414,29.2940044403076,0.26214913
-85.675895690918,55.6474189758301,-0.09197848
-90.9932174682617,62.8556213378906,-0.05747789
-82.9769592285156,-73.55517578125,-0.05099418
-83,8.22163867950439,-0.20714313
-83,9.94961357116699,-0.1586037
-83,14.3476552963257,0.12022539
-83,14.5897264480591,0.10620161
-83,14.8315315246582,0.10424192
-83,21.2456150054932,0.13886066
-83.0000076293945,21.9425354003906,0.22967455
-83.0000152587891,22.4049644470215,0.34924103
-83.0000457763672,23.0951442718506,0.11986631
-83.00244140625,27.7903270721436,0.30062195
-83.0027465820312,28.0072193145752,0.28287041
-83.0046615600586,29.0816192626953,0.26685158
-85.370361328125,55.4738082885742,-0.08249332
-85.4086761474609,55.574878692627,-0.09263928
-90.8174514770508,62.9039993286133,-0.0663077
-82.7278289794922,-73.5548477172852,-0.04308266
-82.75,8.22163867950439,-0.20464818
-82.75,9.70328140258789,-0.15470159
-82.75,21.2456150054932,0.13768962
-82.7500076293945,21.9425373077393,0.2540644
-82.7500228881836,22.6355037689209,0.35
-82.7500457763672,23.095157623291,0.10876095
-82.7519302368164,27.3547954559326,0.32690714
-82.7521896362305,27.5730152130127,0.31512926
-82.7530899047852,28.2237529754639,0.23903755
-82.7534484863281,28.4393405914307,0.24179182
-82.7538299560547,28.6542530059814,0.25803881
-82.7542495727539,28.8684844970703,0.27415097
-85.0649795532227,55.2976951599121,-0.06219433
-85.102783203125,55.3998565673828,-0.0770173
-90.6413497924805,62.9526557922363,-0.07049761
-82.4787063598633,-73.5545349121094,-0.03175622
-82.5,8.22163867950439,-0.19584486
-82.5,9.70328140258789,-0.13128412
-82.5,21.4783477783203,0.15256551
-82.5,21.7106590270996,0.14031073
-82.5000228881836,22.6355113983154,0.35
-82.5000457763672,23.0951728820801,0.09724863
-82.5013122558594,26.6964778900146,0.35
-82.5015029907227,26.916618347168,0.34987727
-82.5017166137695,27.1361331939697,0.35
-84.8347930908203,55.3251571655273,-0.06226638
-90.5577621459961,63.0700035095215,-0.06434492
-90.6514053344727,63.1380424499512,-0.05570701
-82.2295761108398,-73.5542297363281,-0.0200077
-82.25,7.97413206100464,-0.17871267
-82.25,9.45676803588867,-0.14127804
-82.2500228881836,22.6355209350586,0.35
-82.2500686645508,23.3242969512939,0.08603923
-82.2511520385742,26.4758644104004,0.34773502
-84.56640625,55.2497024536133,-0.05845256
-90.5717468261719,63.255485534668,-0.05098022
-90.667854309082,63.322940826416,-0.04079169
-90.7647552490234,63.3899993896484,-0.03303124
-90.8624420166016,63.456657409668,-0.02795302
-81.9804534912109,-73.5539398193359,-0.00866363
-82,7.47867298126221,-0.19056068
-82,7.97413206100464,-0.15902563
-82,8.96321582794189,-0.15145529
-82,9.21007823944092,-0.15619583
-82.0000076293945,22.1739921569824,0.34996712
-82.0000152587891,22.4049892425537,0.35
-82.0000228881836,22.6355285644531,0.35
-82.0000686645508,23.3243160247803,0.08672174
-82.0008544921875,26.0325984954834,0.34493118
-82.0009994506836,26.2546081542969,0.3344145
-84.335578918457,55.2772369384766,-0.05722184
-90.6907958984375,63.5073204040527,-0.02900709
-81.731330871582,-73.5536651611328,0.00386512
-81.75,7.2307300567627,-0.19158469
-81.75,7.72647523880005,-0.16129009
-81.75,7.97413206100464,-0.15570383
-81.75,8.96321582794189,-0.18138287
-81.7500076293945,21.9425487518311,0.246884
-81.7500686645508,23.3243350982666,0.09373248
-81.7502975463867,24.688362121582,0.11274257
-81.7507400512695,25.8101024627686,0.35
-84.104606628418,55.304931640625,-0.05858625
-90.5187683105469,63.5582466125488,-0.031517
-81.4822082519531,-73.5533981323242,0.01475966
-81.4852676391602,-73.3000411987305,-0.04934686
-81.4859619140625,-73.2357177734375,-0.06934401
-81.4866409301758,-73.1709899902344,-0.08184718
-81.5,-4.74456834793091,-0.05451231
-81.5,-4.49538087844849,-0.05258781
-81.5,7.47867298126221,-0.17232
-81.5,8.96321582794189,-0.17390884
-81.5,19.3701171875,0.11641377
-81.5000076293945,21.9425525665283,0.16792922
-81.5000686645508,23.3243541717529,0.10413862
-81.500244140625,24.4623870849609,0.09795979
-81.5003662109375,24.9139003753662,0.15516499
-81.5007400512695,25.8102111816406,0.35
-83.8734741210938,55.3327751159668,-0.0614022
-90.3463439941406,63.6094398498535,-0.03591599
-81.2330932617188,-73.5531463623047,0.02492381
-81.2338562011719,-73.4904098510742,0.01525339
-81.2345886230469,-73.4272766113281,0.00081911
-81.2353057861328,-73.3637466430664,-0.02166862
-81.237922668457,-73.1056594848633,-0.08706035
-81.25,-5.98906373977661,-0.08797841
-81.25,-5.24266910552979,-0.05961582
-81.25,-4.99366569519043,-0.05545375
-81.25,-4.24610805511475,-0.08254163
-81.25,7.47867298126221,-0.17371052
-81.25,8.96321582794189,-0.17157654
-81.25,19.1340980529785,0.12800003
-81.25,19.6057929992676,0.10893457
-81.2500076293945,21.9425563812256,0.17968994
-81.2500686645508,23.3243732452393,0.11080721
-81.2502975463867,24.6884727478027,0.08105729
-81.2505340576172,25.3632831573486,0.32117312
-81.2506332397461,25.5870895385742,0.35
-81.2571258544922,29.9326190948486,0.10542436
-81.2577896118164,30.1428852081299,0.09753194
-81.2584915161133,30.352445602417,0.09656933
-81.2592468261719,30.5612964630127,0.10684656
-81.2600402832031,30.7694339752197,0.10013758
-81.2608871459961,30.9768505096436,0.1047641
-81.2617797851562,31.1835460662842,0.10128629
-81.2627334594727,31.3895149230957,0.09483422
-83.6421813964844,55.360767364502,-0.06692997
-90.1735305786133,63.660888671875,-0.0381501
-102.25032043457,67.7789459228516,-0.11339977
-102.390197753906,67.7977066040039,-0.1199656
-102.529502868652,67.8158950805664,-0.1208159
-102.668212890625,67.8335037231445,-0.12763221
-102.806297302246,67.8505477905273,-0.12948865
-106.805191040039,68.1206207275391,-0.1133656
-106.903434753418,68.1211547851562,-0.11652056
-107,68.1213226318359,-0.11423223
-107.096565246582,68.1211547851562,-0.11299979
-80.9885559082031,-73.10546875,-0.07345368
-81,-6.23764181137085,-0.05793107
-81,-5.74037265777588,-0.10142481
-81,-5.49157285690308,-0.05650628
-81,-3.99675464630127,-0.08647782
-81,-3.74732565879822,-0.09477859
-81,-2.24942183494568,-0.09496215
-81,-1.99959397315979,-0.09657803
-81,-1.74972796440125,-0.09951067
-81,-1.49982869625092,-0.10046642
-81,-1.24990081787109,-0.10238569
-81,-0.999949216842651,-0.10994831
-81,7.2307300567627,-0.17725596
-81,7.47867298126221,-0.16906492
-81,8.96321582794189,-0.16861461
-81,19.3701171875,0.11603393
-81.0000076293945,21.9425582885742,0.18095389
-81.0000534057617,23.0952625274658,0.08591024
-81.0004501342773,25.1389808654785,0.2105221
-81.0054321289062,29.2980937957764,0.10860079
-81.005973815918,29.5104846954346,0.07548897
-81.0065536499023,29.7221851348877,0.05606792
-81.0138244628906,31.5956726074219,0.0868529
-81.014892578125,31.8002300262451,0.09543974
-83.3714752197266,55.2841491699219,-0.06002208
-90.0003051757812,63.7125930786133,-0.02799474
-101.477294921875,67.7384567260742,-0.09678693
-101.620964050293,67.7601699829102,-0.1039321
-101.764228820801,67.7813034057617,-0.10948523
-101.907051086426,67.8018417358398,-0.11330335
-102.049407958984,67.8218002319336,-0.11639944
-102.891914367676,67.9293975830078,-0.13213773
-103.03010559082,67.9453353881836,-0.1342754
-103.975479125977,68.0412902832031,-0.13702069
-104.10701751709,68.0528259277344,-0.14122645
-104.237586975098,68.0638275146484,-0.13988944
-104.367149353027,68.0742950439453,-0.13864698
-104.495674133301,68.0842514038086,-0.13663986
-106.801933288574,68.183479309082,-0.11316887
-80.7391815185547,-73.1052856445312,-0.06166305
-80.7397232055664,-73.0397720336914,-0.07789084
-80.7402420043945,-72.9738616943359,-0.09428138
-80.7407379150391,-72.9075317382812,-0.1052475
-80.75,-6.48610210418701,-0.09282114
-80.75,-3.49782538414001,-0.08085686
-80.75,-2.49920701980591,-0.08991604
-80.75,-0.749978601932526,-0.11144972
-80.75,6.98265075683594,-0.17565237
-80.75,8.96321582794189,-0.17243851
-80.7500076293945,21.9425621032715,0.18605404
-80.7500534057617,23.0952777862549,0.07753808
-80.750373840332,24.9140968322754,0.08838728
-80.7544784545898,28.8716640472412,0.10077244
-80.7549514770508,29.0854530334473,0.08452711
-80.7661285400391,32.0050773620605,0.09026219
-83.1395492553711,55.3121795654297,-0.05596568
-89.930793762207,63.8320007324219,-0.02357925
-90.035758972168,63.8990440368652,-0.00438648
-101.26530456543,67.7785720825195,-0.09302005
-103.118515014648,68.0235748291016,-0.13710882
-103.256698608398,68.0384063720703,-0.12704829
-103.666450500488,68.07958984375,-0.13728932
-103.801322937012,68.0922164916992,-0.13886006
-104.590400695801,68.1567993164062,-0.13662722
-106.376602172852,68.2408599853516,-0.11666015
-106.484481811523,68.2429275512695,-0.11309835
-106.590805053711,68.2445983886719,-0.11175081
-106.69554901123,68.2458877563477,-0.10787534
-80.4917297363281,-72.8406524658203,-0.10413706
-80.5,-6.48610210418701,-0.0402985
-80.5,-3.49782538414001,-0.00424935
-80.5,-2.7489447593689,0.0603661
-80.5,-0.499993652105331,-0.12023733
-80.5,-0.249999210238457,-0.18301188
-80.5,6.98265075683594,-0.17606466
-80.5,9.21007823944092,-0.17508342
-80.5000076293945,21.9425640106201,0.18955757
-80.5000534057617,23.0952930450439,0.08268305
-80.500373840332,24.9141635894775,0.03893528
-80.5029373168945,28.010124206543,0.10121335
-80.5032806396484,28.2266006469727,0.08007949
-80.503662109375,28.4424228668213,0.06609785
-80.5040664672852,28.6575813293457,0.05909164
-80.5174255371094,32.2093048095703,0.08661664
-82.8680191040039,55.2346572875977,-0.04950707
-89.8635787963867,63.9516487121582,-0.01380305
-101.049827575684,67.8184280395508,-0.09198045
-103.208953857422,68.1017303466797,-0.13649168
-103.623146057129,68.1429901123047,-0.13800937
-104.557579040527,68.2203521728516,-0.13951316
-106.366928100586,68.3046035766602,-0.10530915
-106.584327697754,68.3083648681641,-0.10066278
-106.690673828125,68.3096542358398,-0.10160961
-106.795417785645,68.3105621337891,-0.10283898
-106.898536682129,68.3111038208008,-0.10495448
-107,68.3112716674805,-0.11164102
-107.101463317871,68.3111038208008,-0.10933494
-80.2422409057617,-72.8405151367188,-0.08694573
-80.25,-6.73443984985352,-0.0679947
-80.25,-3.24825859069824,0.01711754
-80.25,-2.7489447593689,0.15439006
-80.25,0,-0.16772865
-80.25,0.249999210238457,-0.17608791
-80.25,0.499993652105331,-0.1850837
-80.25,0.749978601932526,-0.18871551
-80.25,7.2307300567627,-0.19100211
-80.25,7.97413206100464,-0.23436276
-80.25,8.22163867950439,-0.22895885
-80.25,9.21007823944092,-0.17458577
-80.25,21.7106761932373,0.17490503
-80.2500534057617,23.095308303833,0.10981758
-80.2504577636719,25.1392097473145,0.00501926
-80.2505493164062,25.3636302947998,-0.01705797
-80.2506484985352,25.5874843597412,0.001
-80.2523345947266,27.5754795074463,0.08640493
-80.2526321411133,27.7932739257812,0.07539998
-80.2688140869141,32.412914276123,0.10161565
-81.8419036865234,52.703010559082,-0.03338939
-81.8718719482422,52.8193969726562,-0.03048872
-81.9641265869141,53.1656799316406,0.03403552
-81.9956741333008,53.2801628112793,0.0223425
-82.0276184082031,53.394172668457,0.01567461
-82.0599746704102,53.5077133178711,0.012975
-82.0927352905273,53.6207885742188,0.00716125
-82.1259078979492,53.7334022521973,0.00025092
-82.1595001220703,53.8455581665039,-0.00608917
-82.1935119628906,53.9572525024414,-0.0161718
-82.2279357910156,54.0684928894043,-0.02617811
-82.2627944946289,54.1792793273926,-0.03781634
-82.2980728149414,54.2896118164062,-0.05071679
-82.3337860107422,54.3995018005371,-0.06423818
-82.6354446411133,55.2627105712891,-0.0489631
-89.6909637451172,64.0045013427734,-0.01340336
-100.830871582031,67.8579864501953,-0.0933084
-103.301406860352,68.179817199707,-0.13611281
-103.440971374512,68.1935958862305,-0.13626924
-104.655555725098,68.293327331543,-0.13947769
-104.785331726074,68.3018035888672,-0.13884501
-104.913955688477,68.3097763061523,-0.13771999
-105.041404724121,68.317253112793,-0.13477313
-106.357246398926,68.3687973022461,-0.09151456
-106.468315124512,68.3708801269531,-0.0835149
-79.9923629760742,-72.9071044921875,-0.05392865
-80,-6.98265075683594,-0.08523467
-80,-3.24825859069824,0.04456426
-80,-2.99863004684448,0.05542286
-80,0.999949216842651,-0.18460197
-80,7.47867298126221,-0.18841763
-80,7.72647523880005,-0.2287947
-80,8.22163867950439,-0.26938014
-80,9.45676803588867,-0.21167317
-80,21.7106781005859,0.18000907
-80.0000534057617,23.0953235626221,0.12160566
-80.0007705688477,25.8108768463135,0.0690829
-80.0009002685547,26.0335903167725,0.07279359
-80.0010528564453,26.2557163238525,0.07323217
-80.0012130737305,26.4772472381592,0.08353202
-80.0013961791992,26.6981773376465,0.0865154
-80.0016021728516,26.9184970855713,0.08615076
-80.0018310546875,27.1382007598877,0.08745321
-80.0020751953125,27.3572826385498,0.0881519
-80.0202713012695,32.6159057617188,0.1039406
-81.4861755371094,52.254077911377,-0.0174693
-81.5148239135742,52.3726501464844,-0.01632454
-81.5438537597656,52.4907379150391,-0.02102323
-81.5732727050781,52.6083335876465,-0.02428689
-81.6332702636719,52.8420753479004,-0.02634552
-81.7262191772461,53.189094543457,0.04148328
-82.135139465332,54.5353469848633,-0.0526245
-82.1720123291016,54.6445960998535,-0.06089986
-82.2093276977539,54.7534065246582,-0.07481507
-82.3631134033203,55.1842651367188,-0.06753845
-89.4101104736328,63.9899368286133,-0.0163584
-100.306198120117,67.8469009399414,-0.08711357
-100.45743560791,67.8723754882812,-0.09543704
-100.608451843262,67.8972473144531,-0.10072906
-104.624069213867,68.3577651977539,-0.13868904
-104.755363464355,68.3662643432617,-0.13769953
-105.142288208008,68.3887634277344,-0.1381126
-105.268836975098,68.3952865600586,-0.13597668
-106.000602722168,68.424674987793,-0.0842213
-106.117721557617,68.4280166625977,-0.07998814
-106.233375549316,68.4309310913086,-0.07502895
-106.46021270752,68.4355163574219,-0.06684593
-79.7429046630859,-72.9069747924805,-0.04338921
-79.75,-7.47867298126221,-0.0841021
-79.75,-7.2307300567627,-0.0749207
-79.75,0.999949216842651,-0.17441172
-79.75,8.46899127960205,-0.17226602
-79.75,8.71618556976318,-0.14066317
-79.75,9.45676803588867,-0.19058302
-79.75,21.4783592224121,0.17103686
-79.7500381469727,22.8657112121582,0.11951481
-79.770393371582,32.6171264648438,0.08838389
-81.217887878418,52.1563415527344,-0.01547185
-81.364128112793,52.747989654541,-0.01797089
-81.4881896972656,53.2126235961914,0.04333126
-82.0129928588867,54.8890686035156,-0.0593971
-82.0515060424805,54.9972534179688,-0.06371151
-82.0904769897461,55.1050071716309,-0.06835154
-89.127799987793,63.974781036377,-0.02450565
-99.4642562866211,67.7739562988281,-0.05785971
-99.6175842285156,67.8025054931641,-0.0716195
-99.7708358764648,67.830451965332,-0.07690655
-99.9239959716797,67.8577880859375,-0.08047413
-100.077026367188,67.8845291137695,-0.08616449
-104.458534240723,68.4136123657227,-0.13897263
-104.85701751709,68.4391632080078,-0.14071295
-104.98754119873,68.4466781616211,-0.14115468
-105.371795654297,68.46630859375,-0.1393327
-105.744476318359,68.4817047119141,-0.07635236
-105.865997314453,68.4859313964844,-0.0751024
-106.337837219238,68.4984970092773,-0.05814969
-106.452102661133,68.5005950927734,-0.05292109
-79.4934463500977,-72.9068603515625,-0.03895303
-79.4937896728516,-72.8401565551758,-0.05306015
-79.4941177368164,-72.7730331420898,-0.0695114
-79.4955673217773,-72.4312210083008,-0.13600035
-79.4958267211914,-72.3616027832031,-0.14737207
-79.4960708618164,-72.2915649414062,-0.13752987
-79.5,-7.97413206100464,-0.11050165
-79.5,-7.72647523880005,-0.12079972
-79.5,1.24990081787109,-0.18135566
-79.5,8.71618556976318,-0.13324828
-79.5,9.70328140258789,-0.22315683
-79.5,21.4783592224121,0.15868058
-79.5000228881836,22.6356201171875,0.1156982
-79.5219421386719,32.8195724487305,0.10127056
-80.9215316772461,51.9371871948242,-0.01536941
-80.9494552612305,52.0577278137207,-0.00995003
-81.1250686645508,52.770637512207,-0.0129182
-81.2500381469727,53.2362594604492,0.03270823
-88.8440475463867,63.9590187072754,-0.03289636
-98.9159545898438,67.7483062744141,-0.02788852
-99.0707626342773,67.7787399291992,-0.04297629
-99.2255859375,67.8085632324219,-0.05358763
-104.425315856934,68.4788818359375,-0.14111486
-105.091369628906,68.5190734863281,-0.14661746
-105.349426269531,68.5317077636719,-0.14435635
-105.849906921387,68.5513916015625,-0.0676074
-106.091903686523,68.5585403442383,-0.05839378
-106.210739135742,68.5614776611328,-0.05229084
-79.2448883056641,-72.7054061889648,-0.08083942
-79.2456893920898,-72.5003280639648,-0.11906141
-79.2466125488281,-72.2210311889648,-0.15299098
-79.25,-8.22163867950439,-0.13248831
-79.25,1.24990081787109,-0.17408262
-79.25,8.96321582794189,-0.0921009
-79.25,9.70328140258789,-0.22452399
-79.25,21.4783611297607,0.29956597
-79.2500228881836,22.6356296539307,0.11134732
-79.2735824584961,33.021411895752,0.10587352
-80.6531524658203,51.8369522094727,-0.00641842
-80.8554306030273,52.6755447387695,-0.00244271
-80.9796752929688,53.1440620422363,0.00972331
-88.5588836669922,63.9426422119141,-0.03519174
-98.6712341308594,67.7811813354492,-0.00400417
-104.391990661621,68.544563293457,-0.14254454
-105.065803527832,68.5848617553711,-0.14985785
-105.455673217773,68.603157043457,-0.14686325
-105.833778381348,68.6172637939453,-0.05097102
-105.957077026367,68.6210708618164,-0.04629468
-78.99560546875,-72.6373825073242,-0.09027743
-78.995849609375,-72.5690231323242,-0.10243193
-78.9960784912109,-72.5002517700195,-0.11350488
-78.9971008300781,-72.1500854492188,-0.14927057
-79,-8.71618556976318,-0.14192872
-79,-8.46899127960205,-0.13373972
-79,1.24990081787109,-0.18162175
-79,1.49982869625092,-0.17744582
-79,1.74972796440125,-0.18152481
-79,8.96321582794189,-0.09719637
-79,9.70328140258789,-0.19046923
-79,21.4783611297607,0.31450102
-79.0000152587891,22.4050693511963,0.1344344
-79.0253067016602,33.2226486206055,0.15573149
-79.026985168457,33.4217834472656,0.1700023
-80.3042068481445,51.3667297363281,-0.03475963
-80.3306579589844,51.4902725219727,-0.03159395
-80.3574676513672,51.6133041381836,-0.02388085
-80.3846588134766,51.7358322143555,-0.01345547
-80.6465835571289,52.8162460327148,0.01107333
-80.6776580810547,52.9338607788086,0.01047838
-80.7091445922852,53.0509986877441,0.01061354
-88.3802947998047,63.9958038330078,-0.03564198
-98.5808792114258,67.8454360961914,0.00376362
-98.7385101318359,67.8766250610352,-0.01576532
-104.497131347656,68.6197509765625,-0.14225336
-104.634613037109,68.6283340454102,-0.14730303
-104.770965576172,68.6364059448242,-0.14862545
-104.906158447266,68.6439819335938,-0.14928374
-105.434745788574,68.6694107055664,-0.15103216
-78.7473907470703,-72.150032043457,-0.14166473
-78.75,-9.21007823944092,-0.12867539
-78.75,-8.96321582794189,-0.12868206
-78.75,1.99959397315979,-0.18263165
-78.75,2.24942183494568,-0.18264485
-78.75,8.71618556976318,-0.11660736
-78.75,9.45676803588867,-0.21667152
-78.75,21.2456226348877,0.24769088
-78.75,21.4783630371094,0.28792074
-78.7500152587891,22.4050750732422,0.1082023
-78.7514419555664,26.6990642547607,0.11147132
-78.7788925170898,33.621753692627,0.16708675
-80.0361785888672,51.2624702453613,-0.03460538
-88.2012405395508,64.049186706543,-0.0316738
-95.9730606079102,67.3275985717773,0.01261715
-96.1278839111328,67.3684768676758,0.01973183
-98.8083343505859,67.9719772338867,-0.02061173
-100.238319396973,68.2204132080078,-0.09704868
-105.413764953613,68.7360763549805,-0.15260338
-107.112945556641,68.769660949707,-0.11815307
-78.4976806640625,-72.1499786376953,-0.13838193
-78.5,-9.70328140258789,-0.08050955
-78.5,-9.45676803588867,-0.09302998
-78.5,2.49920701980591,-0.1857043
-78.5,7.72647523880005,-0.19133883
-78.5,7.97413206100464,-0.209045
-78.5,8.22163867950439,-0.22702819
-78.5,8.46899127960205,-0.14382404
-78.5,9.45676803588867,-0.21666503
-78.5,18.4240283966064,0.09828217
-78.5,21.0124759674072,0.30569638
-78.5000152587891,22.4050827026367,0.08219621
-78.5002593994141,24.4629859924316,0.19433822
-78.5003204345703,24.689115524292,0.2273385
-78.5012588500977,26.4782123565674,0.13254271
-78.5016555786133,26.9196758270264,0.17220542
-78.5309066772461,33.8211288452148,0.16688818
-79.7941360473633,51.2823486328125,-0.03269301
-79.8205642700195,51.4068794250488,-0.02817188
-87.168701171875,63.5264205932617,-0.03327148
-87.2722015380859,63.5998878479004,-0.04248971
-88.0217056274414,64.1027755737305,-0.03542896
-95.8594665527344,67.3910064697266,0.00543857
-96.1722717285156,67.4723892211914,0.01804991
-96.3293228149414,67.5121994018555,0.01795639
-98.8806991577148,68.0672149658203,-0.0287605
-100.003486633301,68.2609329223633,-0.07704245
-100.322937011719,68.3107757568359,-0.09518015
-105.524856567383,68.8083572387695,-0.15789167
-105.65567779541,68.813102722168,-0.15701347
-106.651466369629,68.8353500366211,-0.13608116
-106.769226074219,68.8362884521484,-0.13266503
-106.885406494141,68.8368453979492,-0.12906864
-107,68.8370208740234,-0.12736887
-78.2479705810547,-72.1499328613281,-0.13828037
-78.25,-10.4417161941528,-0.09040496
-78.25,-10.1957597732544,-0.08816249
-78.25,-9.94961357116699,-0.09212877
-78.25,2.7489447593689,-0.18710024
-78.25,7.47867298126221,-0.18115083
-78.25,9.45676803588867,-0.21725767
-78.25,18.1866779327393,0.08925935
-78.25,18.6610488891602,0.05909974
-78.25,20.7789363861084,0.19935405
-78.2500152587891,22.4050903320312,0.0874977
-78.2502059936523,24.2363719940186,0.25619012
-78.2503967285156,24.9147777557373,0.22144594
-78.2504730224609,25.1398391723633,0.19990197
-78.2512588500977,26.4783744812012,0.13673217
-78.2516632080078,26.9198760986328,0.17204444
-78.2810668945312,33.8227920532227,0.18172334
-79.6055679321289,51.5513458251953,-0.02217898
-86.8783416748047,63.5043106079102,-0.00497001
-87.1913452148438,63.7254104614258,-0.0566229
-87.9532470703125,64.2269744873047,-0.03609479
-95.5883026123047,67.4130249023438,0.00152491
-96.2193450927734,67.5762481689453,0.01665206
-98.6314468383789,68.1025543212891,-0.00147887
-100.087989807129,68.3522720336914,-0.08110556
-101.841110229492,68.5905075073242,-0.10810484
-101.997718811035,68.6085815429688,-0.1163905
-102.15372467041,68.6260681152344,-0.11906541
-102.309104919434,68.6429672241211,-0.11735495
-103.525718688965,68.7576293945312,-0.13229511
-103.674018859863,68.7694549560547,-0.13304553
-103.821380615234,68.7807388305664,-0.1282139
-103.9677734375,68.7914810180664,-0.13015247
-104.113159179688,68.8016967773438,-0.12956182
-104.542999267578,68.8291931152344,-0.12680299
-104.684074401855,68.8373413085938,-0.12604858
-104.823997497559,68.8449783325195,-0.12955117
-104.962738037109,68.8521194458008,-0.13557221
-105.100273132324,68.858772277832,-0.13920299
-105.768844604492,68.8849182128906,-0.15660725
-106.403121948242,68.8998718261719,-0.1409394
-106.525588989258,68.9016036987305,-0.13952063
-77.9981460571289,-72.2207641601562,-0.11126667
-78,-10.687479019165,-0.10098776
-78,2.7489447593689,-0.17741786
-78,7.2307300567627,-0.18294561
-78,9.21007823944092,-0.21493815
-78,17.9490070343018,0.1001305
-78,18.6610488891602,0.05734022
-78,20.5450210571289,0.30144087
-78.0000076293945,22.1740665435791,0.08719207
-78.000129699707,23.7815265655518,0.25250881
-78.0001678466797,24.0092258453369,0.22433193
-78.0002059936523,24.2364177703857,0.24967862
-78.0005722045898,25.3644390106201,0.11256901
-78.0014572143555,26.6996078491211,0.13840413
-78.0312194824219,33.824462890625,0.19643077
-79.3911972045898,51.6958694458008,-0.00921339
-86.6901245117188,63.5562629699707,0.00334624
-87.1125869750977,63.8511734008789,-0.05762944
-87.8870162963867,64.3514022827148,-0.04472603
-95.4723587036133,67.4769287109375,0.00012408
-96.1088943481445,67.6406097412109,0.01539003
-98.5423965454102,68.1683654785156,0.00577804
-101.623481750488,68.6388931274414,-0.10051428
-102.411087036133,68.7265701293945,-0.11992115
-102.875633239746,68.7722244262695,-0.1284954
-103.028961181641,68.7863006591797,-0.13332454
-103.181465148926,68.7998123168945,-0.13382729
-103.333129882812,68.8127746582031,-0.13287504
-104.223579406738,68.8790817260742,-0.12975714
-104.368453979492,68.8882751464844,-0.12766484
-105.213790893555,68.9328002929688,-0.13751737
-105.883811950684,68.9567108154297,-0.15273327
-106.013740539551,68.9601364135742,-0.15179304
-106.142242431641,68.9631271362305,-0.1505697
-106.269309997559,68.9656982421875,-0.14573973
-77.7484588623047,-72.2207336425781,-0.11264156
-77.75,-11.1784019470215,-0.09758632
-77.75,-10.9330415725708,-0.10858902
-77.75,2.99863004684448,-0.18215078
-77.75,6.73443984985352,-0.18329027
-77.75,6.98265075683594,-0.18175856
-77.75,9.21007823944092,-0.18390217
-77.75,17.7110137939453,0.10470834
-77.75,18.6610488891602,0.05926529
-77.75,19.8411273956299,0.06475147
-77.75,20.0761108398438,0.08010921
-77.75,20.5450210571289,0.27099849
-77.7500076293945,22.174072265625,0.11458854
-77.7500991821289,23.5533504486084,0.18742043
-77.7503280639648,24.6892967224121,0.10201885
-77.7503967285156,24.9149188995361,0.09695327
-77.7504806518555,25.1399993896484,0.11223791
-77.7516784667969,26.920280456543,0.12070496
-77.7833480834961,34.0234184265137,0.21642
-77.7854080200195,34.2199592590332,0.24657256
-79.1216583251953,51.5924797058105,-0.01571549
-86.5014343261719,63.6084060668945,0.00582028
-86.9272232055664,63.9042434692383,-0.07281568
-87.7077865600586,64.4060516357422,-0.03814254
-95.3559188842773,67.5411376953125,0.00215557
-95.5157241821289,67.5830688476562,0.00014554
-95.6760101318359,67.6244049072266,7.626e-05
-96.159553527832,67.7448272705078,0.01209525
-98.6179504394531,68.2648849487305,-0.00161412
-101.56275177002,68.7063217163086,-0.09981319
-102.200294494629,68.7778244018555,-0.11402146
-102.515266418457,68.8100662231445,-0.12563128
-102.671691894531,68.825325012207,-0.13270892
-105.190925598145,69.0010528564453,-0.13602076
-77.4986038208008,-72.3611679077148,-0.07024123
-77.4986877441406,-72.291145324707,-0.0856144
-77.5,-11.4235544204712,-0.12382193
-77.5,3.24825859069824,-0.18593223
-77.5,3.49782538414001,-0.18094086
-77.5,3.74732565879822,-0.18260551
-77.5,3.99675464630127,-0.18569389
-77.5,4.24610805511475,-0.18411757
-77.5,4.49538087844849,-0.18387685
-77.5,4.74456834793091,-0.18679278
-77.5,4.99366569519043,-0.18897499
-77.5,5.24266910552979,-0.18940509
-77.5,5.49157285690308,-0.18737661
-77.5,5.74037265777588,-0.18932467
-77.5,5.98906373977661,-0.18965821
-77.5,6.23764181137085,-0.18775709
-77.5,6.48610210418701,-0.18485122
-77.5,8.71618556976318,-0.16989192
-77.5,8.96321582794189,-0.18054484
-77.5,17.7110137939453,0.11136677
-77.5,18.6610488891602,0.06572345
-77.5,19.6057929992676,0.0701807
-77.5,20.3107452392578,0.24442553
-77.5,20.5450210571289,0.27216002
-77.5000076293945,21.9426040649414,0.11928139
-77.500129699707,23.781587600708,0.09749438
-77.5001678466797,24.0093021392822,0.10151605
-77.5002136230469,24.2365055084229,0.10901027
-77.5002670288086,24.4631938934326,0.10806254
-77.5004806518555,25.1400814056396,0.12611493
-77.5009460449219,26.0348949432373,0.1557114
-77.501106262207,26.2571754455566,0.14266836
-77.5014724731445,26.6999759674072,0.15964956
-77.5019226074219,27.1403884887695,0.16216252
-77.5377349853516,34.4176788330078,0.25049425
-78.8795471191406,51.613166809082,-0.01387918
-78.9074249267578,51.7376518249512,-0.00596852
-78.9356918334961,51.8616333007812,0.001
-79.5878295898438,54.2400207519531,-0.0376029
-79.6250381469727,54.3540649414062,-0.03803684
-79.662712097168,54.467658996582,-0.03824322
-79.7008514404297,54.5808067321777,-0.04148793
-79.7394714355469,54.6935157775879,-0.04948158
-85.4977569580078,63.0478897094727,-0.03651553
-85.5964279174805,63.1258811950684,-0.03368811
-85.6959838867188,63.2034759521484,-0.03105754
-85.7964401245117,63.2806816101074,-0.02866998
-86.2072677612305,63.5855255126953,-0.0013881
-86.8509368896484,64.0306701660156,-0.06882562
-87.6441650390625,64.5311126708984,-0.03253276
-95.7239227294922,67.7300109863281,0.00762972
-96.0494995117188,67.8099212646484,0.00736976
-98.6960754394531,68.3612823486328,-0.01096652
-101.663558959961,68.7929229736328,-0.10083559
-101.824813842773,68.8111419677734,-0.11160886
-101.985481262207,68.8287734985352,-0.10892019
-102.30492401123,68.8622665405273,-0.12265741
-105.167984008789,69.069694519043,-0.13794919
-105.307846069336,69.075439453125,-0.1378829
-105.446434020996,69.0807189941406,-0.13838322
-105.987396240234,69.0972213745117,-0.13811115
-106.119171142578,69.1002349853516,-0.14044427
-106.249504089355,69.1028213500977,-0.14100984
-107.121215820312,69.1096038818359,-0.12556795
-77.2489547729492,-72.3611450195312,-0.07552347
-77.25,-12.1577243804932,-0.1203564
-77.25,-11.9132204055786,-0.14013092
-77.25,-11.6684951782227,-0.13917514
-77.25,8.46899127960205,-0.15106881
-77.25,17.7110137939453,0.12670452
-77.25,18.6610488891602,0.06626151
-77.25,19.8411273956299,0.06260359
-77.25,20.3107452392578,0.26055801
-77.25,20.5450210571289,0.30888786
-77.25,21.7106990814209,0.09529261
-77.2504043579102,24.915060043335,0.13285333
-77.2505798339844,25.3647174835205,0.15349403
-77.2508163452148,25.8121585845947,0.16552385
-77.2512893676758,26.4790382385254,0.16644335
-77.2516937255859,26.9206886291504,0.16743428
-77.2879104614258,34.4196014404297,0.23818396
-78.7226486206055,52.0066223144531,0.00718668
-78.7518844604492,52.1298599243164,0.0124536
-78.8728713989258,52.6179084777832,0.001
-78.9041442871094,52.7387084960938,-0.00390613
-78.9358367919922,52.8590278625488,-0.00694079
-78.9679565429688,52.978874206543,-0.00813722
-79.0004959106445,53.0982398986816,-0.00896031
-79.0334625244141,53.2171363830566,-0.01078023
-79.0668640136719,53.335563659668,-0.01358914
-79.100700378418,53.4535217285156,-0.01518678
-79.1349716186523,53.5710144042969,-0.01587202
-79.1696929931641,53.688045501709,-0.01577448
-79.2048492431641,53.8046188354492,-0.00505085
-79.2404632568359,53.9207305908203,-0.02323448
-79.2765350341797,54.0363845825195,-0.02921344
-79.3130569458008,54.1515884399414,-0.03500833
-79.5419998168945,54.8334007263184,-0.05218253
-79.962646484375,55.934886932373,-0.09836319
-80.0988540649414,56.2570762634277,-0.10107608
-85.2033538818359,63.0198402404785,-0.03624466
-85.704948425293,63.4090423583984,-0.02915316
-85.8079833984375,63.4856910705566,-0.02059216
-86.0167922973633,63.6377944946289,-0.00149511
-86.6654052734375,64.0843505859375,-0.05999082
-87.4647979736328,64.5863723754883,-0.0125582
-95.774543762207,67.8355484008789,0.00651511
-96.103759765625,67.9144897460938,0.00529302
-98.1048202514648,68.3366546630859,0.02559438
-98.2727508544922,68.3678131103516,0.01392345
-98.4407348632812,68.3983535766602,0.00215947
-100.450325012207,68.7164001464844,-0.09261946
-100.616363525391,68.738899230957,-0.09698629
-102.251480102539,68.9306716918945,-0.11447545
-105.565559387207,69.1546096801758,-0.14246464
-105.703132629395,69.1589660644531,-0.13769685
-105.839340209961,69.1628799438477,-0.13630049
-106.370079040527,69.1741409301758,-0.13393688
-107,69.1789627075195,-0.12071183
-76.9993057250977,-72.3611297607422,-0.09042002
-77,-12.4020042419434,-0.1339481
-77,8.46899127960205,-0.15280273
-77,17.7110137939453,0.12259494
-77,18.4240283966064,0.06973484
-77,19.8411273956299,0.05554399
-77,21.7107009887695,0.12420761
-77.00048828125,25.1402435302734,0.14141863
-77.0009613037109,26.0351638793945,0.16961411
-77.0011138916016,26.257474899292,0.1729043
-77.0014877319336,26.700345993042,0.17538107
-77.0403594970703,34.6168403625488,0.22249127
-78.5400543212891,52.2746772766113,0.01000065
-78.5702819824219,52.3971824645996,0.00911709
-78.6009140014648,52.5191993713379,0.00616579
-79.3052597045898,54.8611145019531,-0.05119707
-79.683967590332,55.8567504882812,-0.08970374
-79.7737731933594,56.0733299255371,-0.09780868
-79.8194732666016,56.1809921264648,-0.09816534
-79.9124755859375,56.3950729370117,-0.08974896
-80.1050491333008,56.8183097839355,-0.10820337
-85.0062561035156,63.0703392028809,-0.04380456
-85.7201538085938,63.6141510009766,-0.03411588
-85.825813293457,63.6902389526367,-0.01027234
-86.479362487793,64.1382141113281,-0.08317252
-87.4037933349609,64.7120666503906,-0.00877305
-95.6620712280273,67.9011306762695,0.00346585
-95.9941024780273,67.9803085327148,0.00133322
-98.0125885009766,68.4037094116211,0.03004874
-100.211463928223,68.7613754272461,-0.06987259
-100.714195251465,68.8290557861328,-0.09661865
-102.03524017334,68.9828872680664,-0.10681537
-106.361755371094,69.2436752319336,-0.13054467
-106.875442504883,69.2483291625977,-0.11822132
-76.7496490478516,-72.3611145019531,-0.0815315
-76.7498931884766,-71.1124649047852,-0.26657993
-76.7499008178711,-71.0351028442383,-0.26793337
-76.7499084472656,-70.9573059082031,-0.26917475
-76.75,-12.8898735046387,-0.12581201
-76.75,-12.6460552215576,-0.13308858
-76.75,8.71618556976318,-0.19003525
-76.75,17.7110137939453,0.11843865
-76.75,18.4240283966064,0.08954633
-76.75,19.8411273956299,0.05083233
-76.75,21.4783725738525,0.13011679
-76.7512969970703,26.4793720245361,0.16671049
-76.7905426025391,34.6188621520996,0.1857106
-79.0683517456055,54.8889236450195,-0.05031852
-79.4050521850586,55.777759552002,-0.08223657
-79.4494476318359,55.8869438171387,-0.08615726
-79.6794204711914,56.4266052246094,-0.08684834
-79.7752075195312,56.6395797729492,-0.09474674
-79.8239440917969,56.7454528808594,-0.10134453
-79.9230880737305,56.9559783935547,-0.10300001
-83.767578125,62.2250556945801,-0.08234716
-83.8578567504883,62.308422088623,-0.06590489
-83.9489974975586,62.3914070129395,-0.0715486
-84.0409927368164,62.4740142822266,-0.09012898
-84.9086761474609,63.2001190185547,-0.03858557
-86.2927932739258,64.192253112793,-0.09020569
-86.4058609008789,64.2657012939453,-0.08126728
-86.5198822021484,64.3387298583984,-0.05924015
-87.224250793457,64.7679290771484,-0.02252825
-95.5490798950195,67.9670104980469,0.02399574
-95.8839340209961,68.0464248657227,-0.00389247
-96.38916015625,68.1609497070312,-0.00130969
-96.5582580566406,68.1978912353516,-0.00414699
-98.0908279418945,68.5024261474609,0.01585379
-100.138618469238,68.8298034667969,-0.06666382
-100.646034240723,68.8976821899414,-0.09561293
-101.814918518066,69.034782409668,-0.09743134
-106.353408813477,69.313591003418,-0.12794992
-106.873764038086,69.3182678222656,-0.10727877
-76.5,-72.4307098388672,-0.07431876
-76.5,-71.1893844604492,-0.27501956
-76.5,-70.8790664672852,-0.2782394
-76.5,-14.1053228378296,-0.14363611
-76.5,-13.8627319335938,-0.13027894
-76.5,-13.1334543228149,-0.14609573
-76.5,8.96321582794189,-0.18704069
-76.5,17.7110137939453,0.11480804
-76.5,18.4240283966064,0.09147053
-76.5,19.8411273956299,0.05889257
-76.5,21.4783725738525,0.14131083
-76.50048828125,25.1404094696045,0.13573437
-76.5407257080078,34.6208915710449,0.13197167
-78.8312683105469,54.916820526123,-0.04983086
-79.1259002685547,55.6979064941406,-0.07457369
-79.4461364746094,56.4582366943359,-0.08853921
-79.4940643310547,56.5651969909668,-0.09225304
-79.5915832519531,56.777889251709,-0.10073346
-79.6411819458008,56.8836288452148,-0.10260275
-79.9509429931641,57.5095977783203,-0.12172721
-83.4719543457031,62.1890716552734,-0.08571374
-83.9309234619141,62.6052856445312,-0.09961233
-84.7113494873047,63.2511863708496,-0.04103032
-86.450325012207,64.4662475585938,-0.05565869
-86.5671463012695,64.5386581420898,-0.04992704
-87.1658477783203,64.8942337036133,-0.01806751
-95.435546875,68.0331802368164,0.00493607
-95.9427032470703,68.151741027832,-0.00659574
-96.2827606201172,68.2277069091797,-0.00364218
-96.6241760253906,68.3011932373047,-0.0070828
-96.7953186035156,68.3370056152344,-0.00661501
-96.9667282104492,68.372200012207,-0.00340559
-97.1383743286133,68.4067687988281,-0.00344242
-97.3102264404297,68.4407119750977,0.00487422
-97.4822616577148,68.4740219116211,0.00784728
-97.6544494628906,68.5067138671875,0.0092586
-97.826774597168,68.5387802124023,0.00016634
-100.065414428711,68.8985748291016,-0.07230569
-100.747512817383,68.9881210327148,-0.09297078
-101.590515136719,69.0863265991211,-0.0904621
-101.757514953613,69.1041641235352,-0.09543549
-106.345031738281,69.3838882446289,-0.12488632
-106.742607116699,69.3880081176758,-0.1072349
-76.250373840332,-72.4307098388672,-0.07691325
-76.250114440918,-71.1893920898438,-0.28599822
-76.2500762939453,-70.8003845214844,-0.17522275
-76.25,-14.3476552963257,-0.13646238
-76.25,-13.6198883056641,-0.19033151
-76.25,-13.3767938613892,-0.1844175
-76.25,9.21007823944092,-0.19879531
-76.25,17.9490070343018,0.11204729
-76.25,18.1866779327393,0.08550386
-76.25,19.8411273956299,0.06651551
-76.25,21.245626449585,0.13894153
-76.2500991821289,23.5535049438477,0.15320842
-76.2504043579102,24.9153480529785,0.16933843
-76.2505874633789,25.3650951385498,0.17650566
-76.2933044433594,34.817756652832,0.10860848
-76.3307037353516,37.0987663269043,0.11764113
-76.3346099853516,37.2841033935547,0.10211958
-76.3386459350586,37.4687118530273,0.09798105
-76.3428192138672,37.6525917053223,0.10790515
-76.3515853881836,38.0181732177734,0.14540762
-76.3561859130859,38.1998710632324,0.15436979
-78.6348190307617,55.0579452514648,-0.0477694
-78.9348449707031,55.837890625,-0.07068469
-78.9797973632812,55.9476127624512,-0.07142377
-79.2608642578125,56.5971946716309,-0.09804203
-79.3096466064453,56.7040138244629,-0.09702745
-79.6671905517578,57.4404335021973,-0.12008309
-79.7746505737305,57.6472396850586,-0.12383845
-83.1754684448242,62.1523323059082,-0.10301822
-83.7275161743164,62.654483795166,-0.12641976
-84.5135269165039,63.3024101257324,-0.03849659
-86.5015869140625,64.6661911010742,-0.04628439
-86.9860916137695,64.9506988525391,-0.02493581
-95.3214721679688,68.0996398925781,0.00564886
-96.0041885375977,68.2569732666016,-0.00438937
-96.6927871704102,68.4044036865234,-0.01199987
-96.8656692504883,68.4397048950195,-0.01386952
-97.0387954711914,68.4743728637695,-0.01538678
-97.2121353149414,68.5084228515625,-0.0142666
-97.3856582641602,68.5418395996094,-0.00851507
-97.5593490600586,68.5746307373047,0.001
-97.7331695556641,68.6067886352539,0.00649183
-97.907096862793,68.6383209228516,0.00800484
-98.0811004638672,68.6692276000977,0.00729415
-98.2551574707031,68.6995010375977,-0.00374818
-98.4292297363281,68.7291412353516,0.00031334
-98.6032943725586,68.7581558227539,-0.00473143
-98.7773208618164,68.7865371704102,-0.01140318
-98.9512710571289,68.8143005371094,-0.01880246
-99.125129699707,68.841423034668,-0.02374274
-99.2988510131836,68.8679275512695,-0.03013195
-99.4724197387695,68.893798828125,-0.03714688
-99.9918365478516,68.9676818847656,-0.07617254
-100.508689880371,69.0359725952148,-0.08637966
-101.36205291748,69.1375198364258,-0.09181822
-106.472328186035,69.4563446044922,-0.11534377
-106.606544494629,69.4577178955078,-0.10461823
-76.0007858276367,-72.4999008178711,-0.06614217
-76.0002288818359,-71.1893920898438,-0.28417757
-76.0001449584961,-70.8003921508789,-0.11689537
-76.0000610351562,-70.0724411010742,-0.24530695
-76.0000534057617,-69.9893569946289,-0.25110459
-76,-14.5897264480591,-0.15832548
-76,9.45676803588867,-0.21780472
-76,19.8411273956299,0.09636646
-76,21.2456283569336,0.12071686
-76.0000762939453,23.3247966766357,0.22353374
-76.000129699707,23.7817783355713,0.16635899
-76.0004959106445,25.1405754089355,0.1707625
-76.0459976196289,35.0140686035156,0.09688135
-76.0772552490234,36.9158821105957,0.05237421
-76.0849685668945,37.2875022888184,0.07184493
-76.0890274047852,37.472225189209,0.08452312
-76.0932159423828,37.6562194824219,0.08908705
-76.0975494384766,37.839485168457,0.11052071
-76.1066436767578,38.2038497924805,0.15438306
-78.3976211547852,55.0862770080566,-0.04619788
-78.7904205322266,56.0876541137695,-0.07312904
-78.9309616088867,56.4138679504395,-0.0926156
-78.9789199829102,56.5217819213867,-0.09444879
-79.4900436401367,57.5785713195801,-0.12439227
-82.9677429199219,62.2001113891602,-0.11398778
-83.6193923950195,62.7864303588867,-0.11530694
-84.4183044433594,63.4332618713379,-0.03070673
-86.3176727294922,64.721923828125,-0.05050356
-86.9302825927734,65.0775909423828,-0.01265756
-94.8653335571289,68.0837707519531,0.02178264
-95.0358428955078,68.1253814697266,0.01745604
-96.415657043457,68.4360656738281,-0.00821142
-99.5686950683594,68.9883422851562,-0.04802283
-99.9178924560547,69.0371246337891,-0.07603399
-100.265960693359,69.0834121704102,-0.08658157
-101.471656799316,69.2260437011719,-0.08688626
-101.641868591309,69.2439956665039,-0.08000836
-101.811485290527,69.261344909668,-0.07483178
-101.98046875,69.2781066894531,-0.0694613
-75.7511749267578,-72.4999160766602,-0.06497604
-75.7503128051758,-71.1124801635742,-0.27893558
-75.7502212524414,-70.8003997802734,-0.09872662
-75.7500991821289,-70.1550903320312,-0.24420149
-75.7500686645508,-69.9058303833008,-0.23582838
-75.7500610351562,-69.8218612670898,-0.221507
-75.75,-49.086498260498,-0.21693764
-75.75,-48.9225006103516,-0.21709026
-75.75,-48.7579574584961,-0.21224933
-75.75,-48.5928802490234,-0.21498208
-75.75,-48.4272575378418,-0.21612162
-75.75,-48.2610931396484,-0.21790681
-75.75,-46.9122505187988,-0.20374264
-75.75,-46.7411994934082,-0.2054198
-75.75,-46.5696029663086,-0.20731252
-75.75,-14.8315315246582,-0.14761077
-75.75,9.45676803588867,-0.19339417
-75.75,9.70328140258789,-0.19019394
-75.75,9.94961357116699,-0.18279358
-75.75,10.1957597732544,-0.16544343
-75.75,10.4417161941528,-0.17364297
-75.75,19.8411273956299,0.06977561
-75.75,21.2456283569336,0.13600167
-75.7500991821289,23.5535583496094,0.16256565
-75.7961807250977,35.0162925720215,0.0352965
-75.8169174194336,36.3558692932129,0.02431937
-75.8203430175781,36.5443305969238,0.02466593
-75.8238983154297,36.7320671081543,0.02337548
-75.8313827514648,37.1053581237793,0.01746218
-75.8479537963867,37.8432388305664,0.12570682
-75.8524475097656,38.0259017944336,0.14092827
-78.1602325439453,55.114688873291,-0.04466394
-78.601921081543,56.2279052734375,-0.08507611
-78.6490478515625,56.3369140625,-0.09007258
-80.4760208129883,59.6145286560059,-0.1149163
-82.7595672607422,62.2480278015137,-0.12036862
-83.5130310058594,62.9186477661133,-0.10996292
-84.3249740600586,63.5643692016602,-0.03463747
-86.2546005249023,64.8500671386719,-0.04891407
-86.3770141601562,64.921875,-0.04070617
-86.8767166137695,65.2046737670898,-0.00220134
-87.0041580200195,65.2742538452148,0.01309641
-87.1326065063477,65.3433837890625,-0.00477885
-94.747314453125,68.1505355834961,0.02946539
-96.1353607177734,68.4671630859375,-0.00769457
-99.6675033569336,69.0827407836914,-0.07560631
-100.019340515137,69.1304244995117,-0.08930786
-101.925468444824,69.3486480712891,-0.07131007
-102.600936889648,69.4100112915039,-0.03293889
-102.767906188965,69.4239044189453,-0.02520929
-102.934051513672,69.4372253417969,-0.01783982
-103.099334716797,69.4499816894531,-0.01217508
-75.5016632080078,-72.5687026977539,-0.06254639
-75.5008926391602,-71.8620986938477,-0.19135774
-75.5008316040039,-71.7890930175781,-0.19235278
-75.5007781982422,-71.7156524658203,-0.19131957
-75.5007247924805,-71.6417770385742,-0.18795063
-75.5006713867188,-71.5674743652344,-0.19101461
-75.5004196166992,-71.1124877929688,-0.25815346
-75.5002975463867,-70.800407409668,-0.09057146
-75.500129699707,-70.1550979614258,-0.23823626
-75.5000686645508,-69.7374572753906,-0.20999601
-75.5,-50.5382614135742,-0.21373041
-75.5,-50.3791007995605,-0.21390928
-75.5,-50.2194061279297,-0.21551872
-75.5,-49.7371025085449,-0.2148161
-75.5,-49.5752601623535,-0.21819231
-75.5,-49.4128799438477,-0.21826323
-75.5,-49.2499580383301,-0.21599811
-75.5,-48.0943870544434,-0.20849355
-75.5,-47.0827598571777,-0.19878948
-75.5,-46.3974609375,-0.20106936
-75.5,-15.0730667114258,-0.15417751
-75.5,10.687479019165,-0.15876332
-75.5,19.8411273956299,0.08151158
-75.5,20.7789363861084,0.1293181
-75.5,21.0124778747559,0.13084608
-75.5002212524414,24.2368679046631,0.16653231
-75.5490112304688,35.212158203125,0.00374466
-75.560661315918,35.9794578552246,-0.00255468
-75.5638656616211,36.1694717407227,-0.02062494
-75.5856704711914,37.2943382263184,0.00396038
-75.5897598266602,37.4792823791504,0.01327944
-77.9647064208984,55.2566909790039,-0.04375739
-80.1847534179688,59.558032989502,-0.11136669
-80.3208618164062,59.7510719299316,-0.11126298
-82.6426162719727,62.3815040588379,-0.11493426
-83.3095169067383,62.9687805175781,-0.11387676
-84.1270751953125,63.6165390014648,-0.02182059
-86.3180236816406,65.0500106811523,-0.03757173
-86.9548110961914,65.4012832641602,-0.00497901
-94.6287155151367,68.2175750732422,0.03732951
-96.0283050537109,68.5352172851562,-0.00048323
-99.5911865234375,69.1527633666992,-0.07726638
-101.177543640137,69.3484573364258,-0.0866822
-101.870178222656,69.4195327758789,-0.06755395
-102.382827758789,69.4665908813477,-0.04159254
-102.720855712891,69.4950408935547,-0.02673746
-102.888656616211,69.5084075927734,-0.01981321
-103.055595397949,69.5212020874023,-0.01376657
-75.2520751953125,-72.5687408447266,-0.06230991
-75.2511901855469,-71.934700012207,-0.1710515
-75.2507781982422,-71.4927520751953,-0.15202406
-75.2504806518555,-71.0351409912109,-0.24728606
-75.2503356933594,-70.7212905883789,-0.08867868
-75.2501678466797,-70.1550979614258,-0.22161368
-75.2500915527344,-69.7374649047852,-0.17274892
-75.25,-51.3260345458984,-0.21716531
-75.25,-50.6968841552734,-0.21789898
-75.25,-50.0591773986816,-0.2186315
-75.25,-49.8984069824219,-0.21885301
-75.25,-47.9271392822266,-0.21057805
-75.25,-46.9122505187988,-0.18832888
-75.25,-46.7411994934082,-0.17317948
-75.25,-46.2247772216797,-0.22177207
-75.25,-15.3143272399902,-0.14145493
-75.25,10.9330415725708,-0.17719023
-75.25,19.8411273956299,0.07752431
-75.25,20.7789363861084,0.11782511
-75.2500534057617,23.0956344604492,0.19266501
-75.2501754760742,24.0096454620361,0.17313173
-75.2502746582031,24.4636745452881,0.17783498
-75.3019561767578,35.4074897766113,-0.02500894
-75.3048248291016,35.5997695922852,-0.01972847
-75.3078079223633,35.7913246154785,-0.03344632
-75.3443603515625,37.6671714782715,-0.0224329
-75.348747253418,37.8507881164551,-0.00675072
-77.7699813842773,55.3988723754883,-0.05153303
-80.0285263061523,59.6950569152832,-0.10788903
-80.1669387817383,59.8878898620605,-0.10630803
-82.4341201782227,62.4299392700195,-0.12906672
-83.0068435668945,62.9360504150391,-0.1265206
-83.9286422729492,63.6688575744629,-0.02724933
-86.2612380981445,65.178337097168,-0.03190436
-86.9077529907227,65.5284881591797,-0.001
-94.3353042602539,68.2422485351562,0.04770764
-95.9207000732422,68.6035537719727,0.00403822
-99.1552810668945,69.1725921630859,-0.06670596
-99.3349761962891,69.1981658935547,-0.07775726
-100.939193725586,69.4001083374023,-0.08342645
-101.291076660156,69.4381790161133,-0.08912714
-101.987846374512,69.5070877075195,-0.0588711
-102.160400390625,69.5228271484375,-0.06114346
-102.503288269043,69.5525360107422,-0.03961498
-75.0026397705078,-72.6371231079102,-0.0639082
-75.0014343261719,-71.9347305297852,-0.17820123
-75.0008697509766,-71.417594909668,-0.16565639
-75.0005798339844,-71.03515625,-0.21465582
-75.0003662109375,-70.6417388916016,-0.07148752
-75.0001983642578,-70.1551055908203,-0.20287972
-75.0001068115234,-69.7374649047852,-0.16789983
-75,-52.2538108825684,-0.24615543
-75,-52.1005058288574,-0.2197504
-75,-51.9466743469238,-0.208688
-75,-51.481990814209,-0.20937716
-75,-51.169548034668,-0.19534764
-75,-51.0125274658203,-0.20148298
-75,-50.8549728393555,-0.20555551
-75,-50.5382614135742,-0.21524852
-75,-50.3791007995605,-0.24408387
-75,-50.2194061279297,-0.21973533
-75,-49.8984069824219,-0.20706719
-75,-47.759349822998,-0.19686694
-75,-46.7411994934082,-0.17540218
-75,-46.2247772216797,-0.23691545
-75,-46.0515480041504,-0.23543601
-75,-45.8777732849121,-0.23082394
-75,-15.5553112030029,-0.15679668
-75,11.1784019470215,-0.18895307
-75,19.8411273956299,0.08465977
-75,20.7789363861084,0.12996079
-75.0000381469727,22.8659534454346,0.17198814
-75.0000762939453,23.3248825073242,0.18435565
-75.0002212524414,24.2369613647461,0.17732115
-75.1036758422852,38.03759765625,-0.01483795
-75.1083755493164,38.2198944091797,-0.00233634
-75.1286849975586,38.9419555664062,0.07795648
-75.1341552734375,39.1206893920898,0.07123399
-77.5324935913086,55.428050994873,-0.04249023
-79.8735275268555,59.8323516845703,-0.10053743
-82.2251510620117,62.4784965515137,-0.13278932
-82.8016586303711,62.9861869812012,-0.13003494
-83.7296676635742,63.7213134765625,-0.05025144
-86.2066802978516,65.3068389892578,-0.02898571
-86.7296676635742,65.5869674682617,0.00643325
-94.2141036987305,68.309684753418,0.05371335
-95.8125457763672,68.6721801757812,0.00747042
-98.8934860229492,69.216796875,-0.0626783
-100.87508392334,69.4713592529297,-0.08058036
-101.407020568848,69.5277557373047,-0.07812754
-102.454086303711,69.6243133544922,-0.04458932
-74.7530746459961,-72.6371765136719,-0.06634161
-74.7517852783203,-72.0069122314453,-0.14239768
-74.7510147094727,-71.4176177978516,-0.11999935
-74.7506790161133,-71.0351715087891,-0.18914194
-74.7504272460938,-70.6417541503906,-0.05575196
-74.7502899169922,-70.319091796875,-0.15035158
-74.7502593994141,-70.2373275756836,-0.16771543
-74.7502288818359,-70.1551132202148,-0.18467546
-74.7501449584961,-69.8218841552734,-0.17309961
-74.75,-52.861759185791,-0.218874
-74.75,-52.4065895080566,-0.21835651
-74.75,-51.792308807373,-0.16446593
-74.75,-51.481990814209,-0.1540349
-74.75,-50.6968841552734,-0.1949741
-74.75,-50.5382614135742,-0.20562917
-74.75,-50.3791007995605,-0.21529949
-74.75,-50.2194061279297,-0.21605819
-74.75,-50.0591773986816,-0.21487328
-74.75,-47.759349822998,-0.19537661
-74.75,-47.5910186767578,-0.1885089
-74.75,-46.9122505187988,-0.17893745
-74.75,-45.7034530639648,-0.23204249
-74.75,-15.7960119247437,-0.14480622
-74.75,11.1784019470215,-0.19389421
-74.75,19.8411273956299,0.09663907
-74.75,20.7789363861084,0.13159561
-74.7500534057617,23.0956687927246,0.17487209
-74.8636474609375,38.4056510925293,0.00750379
-74.8686676025391,38.5866470336914,0.01773701
-74.8738403320312,38.7669296264648,0.03348954
-74.8846664428711,39.1253700256348,0.06372664
-77.3386154174805,55.5707588195801,-0.04529898
-78.7992630004883,58.5804634094238,-0.097951
-82.110107421875,62.6130180358887,-0.12826759
-82.5959701538086,63.036449432373,-0.13173554
-83.5301513671875,63.7739028930664,-0.04515128
-86.1543502807617,65.4355163574219,-0.028726
-86.5509414672852,65.6456146240234,0.00317799
-94.2693481445312,68.4202880859375,0.0510266
-95.5229797363281,68.7031860351562,0.01417624
-98.6279067993164,69.260498046875,-0.05523819
-100.990119934082,69.5624160766602,-0.07985991
-101.169097900391,69.5812835693359,-0.08388168
-102.404624938965,69.6964263916016,-0.04452538
-74.5037155151367,-72.7051696777344,-0.06894053
-74.5021743774414,-72.0786819458008,-0.12673939
-74.5020370483398,-72.0069580078125,-0.13701184
-74.5010681152344,-71.3420333862305,-0.12245199
-74.5007095336914,-70.957389831543,-0.17612272
-74.50048828125,-70.6417694091797,-0.04193213
-74.5003662109375,-70.4004287719727,-0.10931606
-74.5001602172852,-69.8218841552734,-0.20313603
-74.5,-53.0124320983887,-0.22801616
-74.5,-52.710563659668,-0.21198669
-74.5,-52.4065895080566,-0.18489664
-74.5,-51.6374168395996,-0.12818892
-74.5,-51.3260345458984,-0.11384858
-74.5,-47.4221420288086,-0.18379589
-74.5,-46.9122505187988,-0.17786926
-74.5,-45.5285873413086,-0.23108835
-74.5,-45.3531761169434,-0.2209275
-74.5,-45.1772193908691,-0.2118884
-74.5,-45.0007171630859,-0.20797092
-74.5,-44.8236694335938,-0.20855602
-74.5,-44.6460762023926,-0.18965272
-74.5,-44.4679374694824,-0.15963006
-74.5,-44.2892570495605,-0.14647084
-74.5,-43.2057113647461,-0.11840121
-74.5,-43.0232124328613,-0.11943158
-74.5,-15.7960119247437,-0.16052648
-74.5,11.1784019470215,-0.20077165
-74.5,18.4240283966064,0.0604492
-74.5,19.8411273956299,0.11417083
-74.5,20.5450210571289,0.12145194
-74.6351623535156,39.1300659179688,0.05285418
-77.1455459594727,55.7136497497559,-0.04441843
-78.5088272094727,58.5153465270996,-0.09362706
-78.6313018798828,58.7197456359863,-0.09973685
-78.6935501098633,58.8213691711426,-0.0950729
-81.9007720947266,62.6620788574219,-0.1398557
-82.2900924682617,63.0026588439941,-0.13721907
-83.439453125,63.9068222045898,-0.0570174
-83.5498275756836,63.9866104125977,-0.02535147
-86.1042709350586,65.5643692016602,-0.03005455
-86.37158203125,65.7044372558594,-0.00235657
-94.1483306884766,68.4883880615234,0.05035247
-95.2302474975586,68.7335815429688,0.02225421
-98.5434646606445,69.3314361572266,-0.06038103
-101.107620239258,69.6533203125,-0.07591123
-101.287712097168,69.6716384887695,-0.07339431
-101.467231750488,69.689338684082,-0.06926779
-101.646125793457,69.7064437866211,-0.0636298
-101.824378967285,69.7229461669922,-0.06073086
-102.001945495605,69.7388458251953,-0.05980005
-102.354904174805,69.7688751220703,-0.04654084
-74.2541809082031,-72.7052383422852,-0.06642422
-74.2526092529297,-72.150032043457,-0.11473911
-74.2512054443359,-71.3420562744141,-0.11405815
-74.2508010864258,-70.9574127197266,-0.16430763
-74.2505035400391,-70.5617828369141,-0.03888025
-74.2504501342773,-70.481330871582,-0.05811578
-74.2501831054688,-69.821891784668,-0.23672795
-74.25,-53.1625823974609,-0.2190865
-74.25,-52.861759185791,-0.17657892
-74.25,-52.4065895080566,-0.14423845
-74.25,-51.6374168395996,-0.11296406
-74.25,-51.481990814209,-0.1027293
-74.25,-51.3260345458984,-0.1099135
-74.25,-47.2527198791504,-0.18017756
-74.25,-47.0827598571777,-0.18098156
-74.25,-46.9122505187988,-0.17662125
-74.25,-44.1100273132324,-0.14367903
-74.25,-43.3876609802246,-0.15455001
-74.25,-42.8401718139648,-0.1139333
-74.25,-42.6565856933594,-0.11227652
-74.25,-42.4724578857422,-0.10738805
-74.25,-42.287784576416,-0.09614044
-74.25,-42.1025695800781,-0.08489213
-74.25,-41.9168128967285,-0.07610574
-74.25,-16.0364284515381,-0.16807346
-74.25,11.1784019470215,-0.18803023
-74.25,18.1866779327393,0.07349425
-74.25,18.6610488891602,0.07513828
-74.25,19.8411273956299,0.09129218
-74.25,20.3107452392578,0.10286732
-74.2500305175781,22.6358242034912,0.1363474
-74.391357421875,39.3132019042969,0.05255198
-76.9532775878906,55.8567237854004,-0.04480478
-76.9991912841797,55.9694480895996,-0.04519038
-78.1581802368164,58.3459205627441,-0.0931254
-78.2180786132812,58.4493675231934,-0.09285239
-78.5277099609375,58.9608001708984,-0.09791802
-81.7874755859375,62.7972450256348,-0.1394704
-82.0827331542969,63.0528984069824,-0.13410472
-83.2395401000977,63.9599304199219,-0.04430023
-83.3506393432617,64.0399780273438,-0.02819512
-86.0564422607422,65.6933822631836,-0.03374261
-86.327751159668,65.8329849243164,-0.0084671
-93.8467788696289,68.513542175293,0.05223763
-94.5697708129883,68.6825942993164,0.02744732
-95.1173706054688,68.8027725219727,0.01998901
-95.484619140625,68.8797073364258,-0.00161416
-95.668830871582,68.9172210693359,-0.00987573
-95.853385925293,68.9540939331055,-0.02301216
-98.6449813842773,69.4298782348633,-0.07158282
-100.863464355469,69.7066879272461,-0.0788436
-102.127105712891,69.8268814086914,-0.05576696
-102.304908752441,69.8416519165039,-0.05085117
-74.0054626464844,-72.9066619873047,-0.03528032
-74.0051803588867,-72.839958190918,-0.04680039
-74.0049057006836,-72.7728424072266,-0.05854985
-74.0028991699219,-72.1500854492188,-0.11358851
-74.0012359619141,-71.2660369873047,-0.1148359
-74.0008087158203,-70.8791885375977,-0.15528767
-74.0002059936523,-69.821907043457,-0.22368335
-74,-53.4613075256348,-0.20392196
-74,-53.1625823974609,-0.16288187
-74,-52.861759185791,-0.15241357
-74,-52.558837890625,-0.12151795
-74,-52.4065895080566,-0.11184759
-74,-44.1100273132324,-0.15969827
-74,-43.3876609802246,-0.17038623
-74,-41.7305107116699,-0.07305185
-74,-41.3562889099121,-0.06119787
-74,-41.1683616638184,-0.05526949
-74,-40.9798965454102,-0.04893095
-74,-40.7908935546875,-0.05013261
-74,-40.6013488769531,-0.04843766
-74,-40.4112663269043,-0.03937187
-74,-16.276554107666,-0.15152334
-74,11.4235544204712,-0.20128638
-74,17.9490070343018,0.07029587
-74,18.6610488891602,0.08714836
-74,20.0761108398438,0.08498923
-74.0000152587891,22.4052124023438,0.13422138
-74.0000381469727,22.8660068511963,0.14832564
-74.1477432250977,39.495922088623,0.05513804
-74.1538009643555,39.6730804443359,0.05394663
-76.8085403442383,56.1125640869141,-0.04486706
-77.8085556030273,58.1739044189453,-0.07142836
-77.8674545288086,58.2784080505371,-0.07521706
-78.3629531860352,59.1004829406738,-0.09253155
-80.4724273681641,61.7863616943359,-0.1233117
-81.6758270263672,62.9326705932617,-0.1437195
-81.7748565673828,63.0181541442871,-0.13868295
-82.6018524169922,63.6878852844238,-0.0713056
-82.9282455444336,63.9324531555176,-0.04435682
-86.0108871459961,65.8225631713867,-0.03370951
-86.1480102539062,65.8923568725586,0.00844404
-93.7230606079102,68.5820083618164,0.051848
-94.2688217163086,68.7101745605469,0.03534762
-94.6353759765625,68.7924728393555,0.01315901
-95.1887969970703,68.9111480712891,0.0152304
-95.9323501586914,69.060432434082,-0.02835654
-98.749153137207,69.5281677246094,-0.08895169
-100.799606323242,69.7793045043945,-0.08235111
-73.7560043334961,-72.9067535400391,-0.02836425
-73.7529907226562,-72.0788421630859,-0.12048452
-73.7513580322266,-71.2660751342773,-0.0987491
-73.7508926391602,-70.8792114257812,-0.14824083
-73.7502212524414,-69.8219146728516,-0.2268236
-73.75,-53.6098899841309,-0.19884749
-73.75,-53.3122062683105,-0.15478586
-73.75,-53.0124320983887,-0.12194515
-73.75,-52.710563659668,-0.12418048
-73.75,-45.0007171630859,-0.12889295
-73.75,-44.8236694335938,-0.13728556
-73.75,-44.6460762023926,-0.17693422
-73.75,-44.4679374694824,-0.13385117
-73.75,-44.2892570495605,-0.12884507
-73.75,-43.3876609802246,-0.14419507
-73.75,-41.7305107116699,-0.08086996
-73.75,-41.5436706542969,-0.07528662
-73.75,-40.2206420898438,-0.05923841
-73.75,-40.029483795166,-0.04730743
-73.75,-38.4809226989746,-0.04906827
-73.75,-38.2849540710449,-0.03234842
-73.75,-38.0884552001953,-0.03186825
-73.75,-37.8914260864258,-0.04820953
-73.75,-37.6938667297363,-0.07301974
-73.75,-37.4957809448242,-0.07338819
-73.75,-37.2971687316895,-0.07284817
-73.75,-16.276554107666,-0.15844653
-73.75,11.4235544204712,-0.21232079
-73.75,18.1866779327393,0.06378152
-73.75,18.6610488891602,0.08718482
-73.75,21.0124797821045,0.1063725
-73.7500305175781,22.6358451843262,0.14100538
-73.9105911254883,39.8548316955566,0.06240543
-73.9170227050781,40.0307388305664,0.07508196
-73.9236450195312,40.2059593200684,0.08060855
-73.9304428100586,40.380485534668,0.0851692
-73.9374237060547,40.5543212890625,0.09551421
-76.6187057495117,56.2558708190918,-0.04389512
-76.6667938232422,56.3678894042969,-0.04596631
-76.7154541015625,56.4794921875,-0.04757493
-76.7647018432617,56.5906829833984,-0.04466163
-77.5178985595703,58.104850769043,-0.06100518
-78.1992874145508,59.2404174804688,-0.09452741
-79.9976043701172,61.5582809448242,-0.10753722
-80.0826873779297,61.6501502990723,-0.10342592
-80.1686401367188,61.7416458129883,-0.09505967
-80.3431701660156,61.9234962463379,-0.13312029
-80.431755065918,62.0138549804688,-0.1243416
-82.2905197143555,63.6576118469238,-0.06632352
-82.506477355957,63.8223876953125,-0.06548062
-82.615966796875,63.9041748046875,-0.05176287
-84.8933868408203,65.3786392211914,-0.03427487
-85.0238800048828,65.451904296875,-0.03641096
-85.1554489135742,65.5247116088867,-0.0336732
-85.8295364379883,65.8818588256836,-0.03221505
-85.9676055908203,65.9518890380859,0.01154515
-93.7814788818359,68.6942138671875,0.04664435
-93.9648590087891,68.7370910644531,0.04207992
-94.7037963867188,68.9022521972656,0.00909942
-95.8258361816406,69.1308059692383,-0.02601649
-98.6665496826172,69.6001892089844,-0.09532639
-100.735382080078,69.8522338867188,-0.08895764
-73.5065536499023,-72.9068603515625,-0.02286511
-73.5034713745117,-72.1502227783203,-0.10932192
-73.5032577514648,-72.0789108276367,-0.1162165
-73.5013656616211,-71.1896133422852,-0.0984703
-73.5012588500977,-71.112678527832,-0.11495392
-73.5011596679688,-71.0353088378906,-0.12768696
-73.5010604858398,-70.9574966430664,-0.13464272
-73.5009765625,-70.8792419433594,-0.13703651
-73.500244140625,-69.8219223022461,-0.22734096
-73.5,-53.9054870605469,-0.19546979
-73.5,-53.7579498291016,-0.18704966
-73.5,-53.1625823974609,-0.13504971
-73.5,-53.0124320983887,-0.12745087
-73.5,-52.861759185791,-0.12554856
-73.5,-45.0007171630859,-0.1297156
-73.5,-44.8236694335938,-0.1357927
-73.5,-44.6460762023926,-0.13736686
-73.5,-43.2057113647461,-0.14056133
-73.5,-43.0232124328613,-0.08900179
-73.5,-42.8401718139648,-0.07288581
-73.5,-42.6565856933594,-0.04702094
-73.5,-42.4724578857422,-0.03420217
-73.5,-39.8377876281738,-0.04890926
-73.5,-39.6455535888672,-0.04218659
-73.5,-39.0656394958496,-0.04425017
-73.5,-38.8712692260742,-0.04383239
-73.5,-38.6763610839844,-0.04450184
-73.5,-37.098030090332,-0.06642489
-73.5,-16.276554107666,-0.15752792
-73.5,11.4235544204712,-0.21841146
-73.5,18.1866779327393,0.04995923
-73.5,18.6610488891602,0.0850525
-73.5,18.897741317749,0.09541458
-73.5,19.6057929992676,0.07661268
-73.5,19.8411273956299,0.08050172
-73.5,20.778938293457,0.09574578
-73.5,21.2456321716309,0.12273449
-73.6880569458008,40.5602035522461,0.0798254
-76.5781784057617,56.7337684631348,-0.04305809
-76.6288604736328,56.8444137573242,-0.0449651
-76.6801376342773,56.9546508789062,-0.04929301
-76.7320251464844,57.0644836425781,-0.05062342
-76.7845153808594,57.1739082336426,-0.05106817
-76.8376235961914,57.2829322814941,-0.0536686
-76.8913421630859,57.3915557861328,-0.05586358
-76.9456939697266,57.4997749328613,-0.05681985
-77.0006713867188,57.6075973510742,-0.05781999
-77.0562896728516,57.7150192260742,-0.05818481
-77.1125411987305,57.8220481872559,-0.05672355
-77.16943359375,57.9286804199219,-0.05558814
-77.2269821166992,58.0349159240723,-0.05344617
-77.9702224731445,59.2793960571289,-0.07569966
-78.0367126464844,59.3805999755859,-0.08142509
-79.6939544677734,61.5114212036133,-0.10746017
-80.3053665161133,62.1511497497559,-0.13243707
-81.8721389770508,63.5428657531738,-0.08970214
-81.9782791137695,63.6265182495117,-0.07655189
-84.7050704956055,65.436408996582,-0.0336151
-84.968879699707,65.5829620361328,-0.033095
-85.6475067138672,65.9413070678711,-0.00879703
-85.9266204833984,66.0813674926758,0.00859238
-86.3534927368164,66.2878570556641,0.00464835
-86.4979705810547,66.3557205200195,0.00556996
-86.6435317993164,66.4230880737305,0.01024375
-93.6578903198242,68.7633285522461,0.04472417
-93.8427200317383,68.8063507080078,0.04062398
-94.5875625610352,68.9720840454102,0.00826014
-95.9085388183594,69.237419128418,-0.0423793
-96.0986480712891,69.2727279663086,-0.05265755
-98.3922424316406,69.6456680297852,-0.09948826
-100.858207702637,69.9446792602539,-0.07943372
-73.2567291259766,-72.8402633666992,-0.03156347
-73.254524230957,-72.361686706543,-0.09148404
-73.2542572021484,-72.2916488647461,-0.09803454
-73.2540054321289,-72.2211837768555,-0.1036672
-73.2502593994141,-69.8219375610352,-0.22266314
-73.25,-54.0525093078613,-0.19399088
-73.25,-44.4679374694824,-0.13039675
-73.25,-44.2892570495605,-0.11929718
-73.25,-44.1100273132324,-0.10932468
-73.25,-43.9302520751953,-0.10821144
-73.25,-43.7499351501465,-0.11028093
-73.25,-43.5690727233887,-0.11583691
-73.25,-43.3876609802246,-0.12968915
-73.25,-42.287784576416,-0.05662681
-73.25,-42.1025695800781,-0.05777418
-73.25,-41.9168128967285,-0.05331663
-73.25,-39.4527854919434,-0.0394094
-73.25,-39.2594795227051,-0.04572504
-73.25,-37.098030090332,-0.02552372
-73.25,-36.898365020752,-0.06633304
-73.25,-36.6981773376465,-0.04458847
-73.25,-16.5163860321045,-0.15261737
-73.25,11.4235544204712,-0.21451596
-73.25,17.9490070343018,0.01248761
-73.25,18.6610488891602,0.07654183
-73.25,19.1340980529785,0.0738235
-73.25,19.3701171875,0.06587607
-73.25,20.0761108398438,0.07824913
-73.25,20.778938293457,0.10274078
-73.25,21.2456340789795,0.12892073
-73.2500152587891,22.4052352905273,0.13158851
-73.4386749267578,40.5661010742188,0.06578295
-77.875244140625,59.5210380554199,-0.09103985
-77.9435577392578,59.6217613220215,-0.09318745
-78.7454528808594,60.7047309875488,-0.08178888
-79.5592803955078,61.6496925354004,-0.10734633
-80.1804580688477,62.288703918457,-0.13592476
-81.5593719482422,63.5102882385254,-0.09070102
-84.1259918212891,65.2703704833984,-0.03262274
-84.2549285888672,65.3454666137695,-0.03216766
-84.3849563598633,65.4201202392578,-0.03066854
-84.7816314697266,65.6413650512695,-0.03431678
-85.3259506225586,65.929931640625,-0.02874036
-85.887939453125,66.2109832763672,0.00279342
-86.0311965942383,66.2800521850586,0.00268534
-86.4675827026367,66.4843139648438,0.00731012
-94.4706878662109,69.0421829223633,0.00717919
-95.6110076904297,69.2723617553711,-0.04474906
-96.1860046386719,69.3786849975586,-0.06018484
-98.3070220947266,69.7181854248047,-0.10429805
-100.794960021973,70.0183029174805,-0.08654688
-73.0072402954102,-72.8403854370117,-0.02690732
-73.0051651000977,-72.4314041137695,-0.08064979
-73.0002822875977,-69.8219451904297,-0.2161788
-73.0002517700195,-69.7375335693359,-0.22080653
-73.0002136230469,-69.6526794433594,-0.24562382
-73.0001907348633,-69.5673904418945,-0.22467049
-73,-54.1990127563477,-0.1796721
-73,-43.2057113647461,-0.09940672
-73,-43.0232124328613,-0.09612605
-73,-42.8401718139648,-0.08438942
-73,-42.6565856933594,-0.07118662
-73,-42.4724578857422,-0.07468356
-73,-42.287784576416,-0.06202315
-73,-41.7305107116699,-0.04403534
-73,-36.4974708557129,-0.03568487
-73,-36.2962379455566,-0.0476064
-73,-36.0944862365723,0.09076289
-73,-16.7559223175049,-0.15078102
-73,11.6684951782227,-0.2005351
-73,17.9490070343018,-0.01054038
-73,18.6610488891602,0.05554736
-73,18.897741317749,0.06369975
-73,19.3701171875,0.05903077
-73,20.0761108398438,0.08119872
-73,21.0124797821045,0.1253141
-73.0000076293945,22.1741695404053,0.12688264
-73.0000305175781,22.6358757019043,0.13996912
-73.1892700195312,40.5720138549805,0.04972026
-77.784294128418,59.7623443603516,-0.09309868
-78.4438323974609,60.6509284973145,-0.07677761
-78.5991439819336,60.8442459106445,-0.08437922
-79.4259872436523,61.7882308959961,-0.11205502
-80.0570297241211,62.426513671875,-0.1408076
-81.2457580566406,63.476879119873,-0.09560934
-83.6775741577148,65.1756439208984,-0.05951722
-83.8051452636719,65.2518768310547,-0.03043721
-84.5937042236328,65.6998977661133,-0.03049251
-85.1416091918945,65.9894409179688,-0.02995412
-86.1433563232422,66.4778747558594,0.00319213
-94.353157043457,69.1125259399414,0.00270614
-95.3100814819336,69.3066635131836,-0.04945795
-95.6956100463867,69.3797607421875,-0.06110762
-96.082389831543,69.4502487182617,-0.07210214
-96.6643829345703,69.5510559082031,-0.09515324
-96.8587493896484,69.5833435058594,-0.09724716
-97.0532455444336,69.6149749755859,-0.10211588
-98.2212982177734,69.7909851074219,-0.10901259
-100.921669006348,70.110954284668,-0.07927347
-72.7573471069336,-72.7733840942383,-0.03129589
-72.7558670043945,-72.5007171630859,-0.06318464
-72.7501754760742,-69.4816741943359,-0.19515185
-72.75,-54.3449935913086,-0.16219297
-72.75,-54.1990127563477,-0.15808246
-72.75,-42.1025695800781,-0.05300235
-72.75,-41.9168128967285,-0.04798188
-72.75,-41.7305107116699,-0.04098584
-72.75,-35.8922157287598,-0.07044131
-72.75,-35.6894264221191,-0.07071339
-72.75,-35.4861183166504,-0.09532938
-72.75,-16.7559223175049,-0.16084164
-72.75,11.9132204055786,-0.20706637
-72.75,17.9490070343018,-0.02963093
-72.75,18.6610488891602,0.02627401
-72.75,18.897741317749,0.04196591
-72.75,19.1340980529785,0.0518576
-72.75,20.0761108398438,0.08706883
-72.7500152587891,22.4052505493164,0.13594485
-72.9398498535156,40.577938079834,0.04359372
-72.9622650146484,41.09716796875,0.08297565
-72.9701309204102,41.2688941955566,0.09169141
-77.5556030273438,59.8026542663574,-0.05831168
-78.218620300293,60.6937675476074,-0.07209232
-78.3747711181641,60.8876457214355,-0.0842622
-79.2940826416016,61.9270210266113,-0.11619008
-79.8407363891602,62.4746437072754,-0.14169637
-80.9313354492188,63.4426345825195,-0.10404683
-81.6879577636719,64.033805847168,-0.08729052
-81.8001708984375,64.1166458129883,-0.06501631
-82.980598449707,64.9222412109375,-0.0426731
-83.1045761108398,65.0004730224609,-0.03806198
-83.2296447753906,65.0782699584961,-0.03701018
-83.3558120727539,65.1556396484375,-0.0354649
-84.5412673950195,65.8318939208984,-0.0396865
-84.678581237793,65.9047546386719,-0.04112294
-84.817008972168,65.9771575927734,-0.04767854
-85.3819885253906,66.2620239257812,-0.00317473
-85.8175354003906,66.4706268310547,-0.00055196
-94.4269638061523,69.223388671875,-0.00252712
-95.3937149047852,69.4149780273438,-0.05242453
-95.7830505371094,69.4870300292969,-0.06916655
-96.1735458374023,69.5564575195312,-0.08871172
-96.3691558837891,69.5901870727539,-0.09664139
-97.1533279418945,69.7184982299805,-0.10785217
-97.3496398925781,69.7489318847656,-0.10715376
-98.1350555419922,69.8640747070312,-0.110695
-101.050926208496,70.2034378051758,-0.07710527
-101.241851806641,70.2209930419922,-0.07618938
-101.432159423828,70.2379379272461,-0.08020333
-72.5074157714844,-72.7059631347656,-0.03378695
-72.5070114135742,-72.6380004882812,-0.04201904
-72.5066299438477,-72.5696258544922,-0.04864174
-72.5001831054688,-69.481689453125,-0.17520262
-72.5,-54.4904632568359,-0.18452866
-72.5,-35.282299041748,-0.09675716
-72.5,-16.7559223175049,-0.16365441
-72.5,11.9132204055786,-0.19813552
-72.5,17.9490070343018,-0.03440227
-72.5,19.8411273956299,0.06762892
-72.6977157592773,40.7577819824219,0.04444325
-72.7128982543945,41.1035652160645,0.07597478
-72.7207870483398,41.275447845459,0.08899617
-77.3974380493164,59.9438362121582,-0.06708847
-77.469123840332,60.044261932373,-0.0628038
-77.5415802001953,60.1443099975586,-0.06116719
-77.6148223876953,60.2439842224121,-0.05967869
-77.688850402832,60.3432769775391,-0.05889223
-77.7636795043945,60.4421920776367,-0.05769547
-77.8393096923828,60.5407295227051,-0.05520304
-77.9157485961914,60.6388893127441,-0.04905216
-77.9929962158203,60.7366752624512,-0.03814727
-78.1499633789062,60.9311141967773,-0.0852382
-79.1635665893555,62.0660705566406,-0.12487058
-79.253791809082,62.1581916809082,-0.12329823
-79.5300064086914,62.4322624206543,-0.13808184
-80.7207641601562,63.4938621520996,-0.10113191
-81.4818344116211,64.0869216918945,-0.08632638
-81.5947189331055,64.1700286865234,-0.0710109
-82.5361251831055,64.8199844360352,-0.04886047
-82.6586685180664,64.8993301391602,-0.04694124
-83.9450454711914,65.6688385009766,-0.02201127
-84.0798416137695,65.7433319091797,-0.02324724
-84.2157669067383,65.8173675537109,-0.02468464
-84.3528289794922,65.8909378051758,-0.03665119
-84.4910202026367,65.9640502929688,-0.03498201
-84.6303482055664,66.0366897583008,-0.04048591
-84.7708053588867,66.1088638305664,-0.01893187
-84.9124069213867,66.1805648803711,-0.01255318
-85.0551376342773,66.2517852783203,-0.00264856
-85.3440170288086,66.3927917480469,-0.00127224
-85.4901580810547,66.4625625610352,-0.00311778
-85.6374359130859,66.5318450927734,-0.00358971
-87.3317794799805,67.2606658935547,-0.06676858
-94.3096160888672,69.2943725585938,-0.02388242
-95.4802017211914,69.5231552124023,-0.05936469
-95.8733291625977,69.5941619873047,-0.07346355
-97.4542236328125,69.8517532348633,-0.11459746
-97.6522674560547,69.880973815918,-0.11606801
-97.8503036499023,69.9095458984375,-0.1150788
-101.566207885742,70.3291473388672,-0.09443373
-101.756927490234,70.3449325561523,-0.09739673
-101.946922302246,70.360107421875,-0.10310606
-102.136161804199,70.3746871948242,-0.10567006
-72.2501983642578,-69.4816970825195,-0.17131643
-72.2501678466797,-69.3955307006836,-0.19451763
-72.2501449584961,-69.3089294433594,-0.2059721
-72.2501220703125,-69.2219009399414,-0.21536021
-72.2501068115234,-69.1344299316406,-0.22370833
-72.2500839233398,-69.0465316772461,-0.23112398
-72.25,-54.4904632568359,-0.18023651
-72.25,-35.0779609680176,-0.10111295
-72.25,-34.8731117248535,-0.0890546
-72.25,-34.6677513122559,-0.09163423
-72.25,-34.4618797302246,-0.07409517
-72.25,-34.255500793457,-0.0929794
-72.25,-16.9951572418213,-0.15430961
-72.25,11.9132204055786,-0.12994197
-72.25,12.1577243804932,-0.13472459
-72.25,18.1866779327393,-0.02754357
-72.25,19.8411273956299,0.05879798
-72.4482803344727,40.7638854980469,0.03551385
-72.4635162353516,41.109977722168,0.07528391
-72.4714279174805,41.2820167541504,0.0928889
-78.0048828125,61.0715866088867,-0.07969547
-79.1260833740234,62.2973899841309,-0.13162523
-79.2186584472656,62.3890266418457,-0.13748861
-80.5096130371094,63.5451812744141,-0.10607286
-81.1626205444336,64.0563507080078,-0.09080962
-81.5032501220703,64.3064727783203,-0.0693429
-81.6189270019531,64.389030456543,-0.06414547
-81.7356719970703,64.4711685180664,-0.06072041
-81.8534927368164,64.5528945922852,-0.05747818
-81.9724044799805,64.6341934204102,-0.05547145
-82.092399597168,64.7150802612305,-0.0558279
-82.213493347168,64.7955474853516,-0.05211371
-83.6187896728516,65.6520614624023,-0.02490838
-87.1623001098633,67.3245697021484,-0.0650747
-87.3240966796875,67.3879241943359,-0.06567319
-87.4869995117188,67.4507446289062,-0.06423604
-87.6510009765625,67.5130310058594,-0.06343227
-87.8160858154297,67.5747680664062,-0.06454847
-87.9822616577148,67.6359558105469,-0.06490587
-88.1495056152344,67.6965942382812,-0.06433138
-90.2368240356445,68.3799057006836,-0.06556265
-90.417121887207,68.4330444335938,-0.06466293
-94.1915893554688,69.3656005859375,-0.02148605
-94.3871459960938,69.405517578125,-0.02842563
-94.9765701293945,69.5213241577148,-0.04239176
-95.1738739013672,69.5586090087891,-0.04977824
-95.3715438842773,69.5952377319336,-0.06137509
-95.5695495605469,69.6312026977539,-0.07067433
-97.1621932983398,69.8950805664062,-0.10855895
-97.5615997314453,69.9544143676758,-0.11423729
-102.275833129883,70.4640960693359,-0.12157132
-102.465240478516,70.4775390625,-0.12061921
-72.0000762939453,-68.9582061767578,-0.24314587
-72,-54.4904632568359,-0.15690287
-72,-34.0486145019531,-0.09483213
-72,-33.8412208557129,-0.09832987
-72,-17.2340850830078,-0.1539164
-72,9.70328140258789,-0.21857292
-72,9.94961357116699,-0.22602421
-72,12.4020042419434,-0.09533583
-72,18.1866779327393,-0.03146745
-72,19.8411273956299,0.04898828
-72.1988296508789,40.7700004577637,0.02531377
-72.214111328125,41.1164016723633,0.07627876
-72.222053527832,41.2886009216309,0.09706782
-77.8610305786133,61.2123069763184,-0.0715824
-77.9432983398438,61.3087692260742,-0.07022332
-80.4047393798828,63.6830558776855,-0.10219888
-80.9546127319336,64.1093902587891,-0.08624759
-83.5608520507812,65.7858047485352,-0.01269805
-83.9737854003906,66.0094146728516,-0.00880864
-84.1137390136719,66.0830230712891,-0.0065183
-84.2548446655273,66.1561584472656,-0.00667119
-84.3971099853516,66.2288208007812,-0.02178747
-86.9920425415039,67.3886260986328,-0.06494282
-88.1555023193359,67.822265625,-0.06411698
-88.3260498046875,67.8820037841797,-0.06612986
-90.0881652832031,68.4477386474609,-0.0665331
-90.4523162841797,68.5538024902344,-0.06368878
-94.4675521850586,69.5165405273438,-0.03233355
-94.6656036376953,69.555290222168,-0.03882465
-95.4618377685547,69.7036743164062,-0.07507707
-95.6617660522461,69.7391128540039,-0.07555577
-95.8619766235352,69.7738876342773,-0.08139397
-96.0624542236328,69.8079986572266,-0.07853304
-97.2689743041992,69.9986724853516,-0.11245239
-102.608337402344,70.5662384033203,-0.14199663
-102.797813415527,70.5785675048828,-0.14085715
-103.173980712891,70.6014785766602,-0.11083563
-103.36060333252,70.6120758056641,-0.11699575
-103.546211242676,70.6221160888672,-0.11615561
-71.7500762939453,-68.9582138061523,-0.23240909
-71.75,-54.6354141235352,-0.16221632
-71.75,-33.6333236694336,-0.0870935
-71.75,-33.4249229431152,-0.10011848
-71.75,-33.2160186767578,-0.08923198
-71.75,-33.0066146850586,-0.10187985
-71.75,-32.7967147827148,-0.10033122
-71.75,-32.1640396118164,-0.08989667
-71.75,-31.9521617889404,-0.09176309
-71.75,-31.7397956848145,-0.09170281
-71.75,-31.5269393920898,-0.09036675
-71.75,-31.3135986328125,-0.09112818
-71.75,-31.0997734069824,-0.09877324
-71.75,-30.8854637145996,-0.10848186
-71.75,-30.67067527771,-0.11555491
-71.75,-30.4554080963135,-0.12332072
-71.75,-17.2340850830078,-0.15220245
-71.75,9.45676803588867,-0.20151757
-71.75,10.1957597732544,-0.24316086
-71.75,11.1784019470215,-0.24160796
-71.75,11.4235544204712,-0.22413075
-71.75,12.4020042419434,-0.07589107
-71.75,17.7110137939453,-0.03359586
-71.75,17.9490070343018,-0.03851922
-71.75,19.8411273956299,0.05270771
-71.75,21.7107467651367,0.119152
-71.9569244384766,40.949821472168,0.03602465
-71.9726486206055,41.2951965332031,0.0734688
-77.8019790649414,61.4496459960938,-0.06346553
-77.8864059448242,61.5456390380859,-0.0586816
-77.9717254638672,61.6412506103516,-0.05937355
-78.0579299926758,61.7364883422852,-0.06222471
-78.1450347900391,61.8313446044922,-0.06697843
-78.233039855957,61.9258232116699,-0.074653
-78.3219528198242,62.0199241638184,-0.08104728
-80.1930084228516,63.7348175048828,-0.10766781
-80.4110412597656,63.9071044921875,-0.10366817
-80.5216293334961,63.9926452636719,-0.09779532
-80.6332778930664,64.0777816772461,-0.09086107
-83.5050201416016,65.9197158813477,-0.01651451
-83.6435165405273,65.9945068359375,-0.01519285
-84.2091445922852,66.2889938354492,-0.02119491
-86.8209991455078,67.4528427124023,-0.06211434
-88.3369369506836,68.0073623657227,-0.06715048
-89.938720703125,68.5157623291016,-0.06457882
-90.4902954101562,68.6745300292969,-0.06262257
-96.1613159179688,69.9146957397461,-0.07997224
-96.3638610839844,69.9476013183594,-0.08518857
-100.407325744629,70.4663925170898,-0.11550464
-100.606491088867,70.4854888916016,-0.11825107
-102.944274902344,70.6665649414062,-0.15636124
-103.50959777832,70.6985015869141,-0.13951577
-71.5000686645508,-68.8694610595703,-0.22708699
-71.5,-54.7798500061035,-0.17610761
-71.5,-32.5863189697266,-0.09930398
-71.5,-32.3754272460938,-0.0979884
-71.5,-30.2396640777588,-0.11224336
-71.5,-30.0234451293945,-0.11092746
-71.5,-29.806755065918,-0.10745252
-71.5,-29.5895938873291,-0.1078359
-71.5,-29.3719635009766,-0.11095847
-71.5,-29.1538677215576,-0.12364563
-71.5,-28.9353065490723,-0.12696487
-71.5,-28.7162837982178,-0.12803345
-71.5,-28.4968032836914,-0.12809635
-71.5,-17.7110137939453,-0.15272326
-71.5,-17.4727058410645,-0.14765325
-71.5,9.21007823944092,-0.19593983
-71.5,10.1957597732544,-0.25088516
-71.5,10.4417161941528,-0.27211193
-71.5,10.687479019165,-0.27299311
-71.5,10.9330415725708,-0.25354095
-71.5,11.6684951782227,-0.18823902
-71.5,12.6460552215576,-0.05668542
-71.5,17.4727058410645,-0.01422545
-71.5,20.0761108398438,0.07541118
-71.5,21.4783954620361,0.14653237
-71.5000076293945,21.9426860809326,0.14855695
-71.7232284545898,41.3018035888672,0.06011691
-78.1899566650391,62.1604690551758,-0.07477488
-78.2811813354492,62.2540893554688,-0.08124349
-80.0897674560547,63.8732757568359,-0.10967823
-83.8763885498047,66.276123046875,-0.02279194
-86.6491546630859,67.517204284668,-0.05794625
-88.3504791259766,68.1327514648438,-0.06660056
-89.9727172851562,68.6377105712891,-0.06292418
-90.1579132080078,68.6908264160156,-0.06328129
-90.3440399169922,68.7433319091797,-0.06365061
-96.4674453735352,70.053596496582,-0.09444772
-100.139831542969,70.5222854614258,-0.12352724
-100.742683410645,70.5798263549805,-0.13694046
-103.660980224609,70.7847595214844,-0.15566056
-103.848136901855,70.7937698364258,-0.12836255
-71.2500610351562,-68.7802734375,-0.23709847
-71.25,-54.7798500061035,-0.15369155
-71.25,-28.2768630981445,-0.12526786
-71.25,-28.056468963623,-0.12946474
-71.25,-27.8356227874756,-0.12772322
-71.25,-17.9490070343018,-0.14629115
-71.25,9.21007823944092,-0.19285756
-71.25,9.45676803588867,-0.19742358
-71.25,9.70328140258789,-0.20737044
-71.25,9.94961357116699,-0.22054621
-71.25,11.1784019470215,-0.25976264
-71.25,11.6684951782227,-0.20563535
-71.25,12.4020042419434,-0.07737513
-71.25,17.7110137939453,-0.02807441
-71.25,20.0761108398438,0.08193157
-71.25,21.710750579834,0.14838389
-71.4737930297852,41.3084259033203,0.05484002
-78.1519393920898,62.3947792053223,-0.08985479
-83.6860275268555,66.3362808227539,-0.02319368
-86.6427001953125,67.6459884643555,-0.05631064
-86.8100357055664,67.7097091674805,-0.03079173
-86.9785232543945,67.7728881835938,-0.05701144
-88.1893310546875,68.1994934082031,-0.06249193
-90.1969757080078,68.8123321533203,-0.0634811
-90.3853759765625,68.8644180297852,-0.06430292
-96.5739135742188,70.1594314575195,-0.09916015
-100.274841308594,70.6181030273438,-0.12955848
-100.679862976074,70.6559829711914,-0.13131259
-104.002670288086,70.8793487548828,-0.16265614
-71.0000610351562,-68.7802810668945,-0.23808072
-71,-55.0671844482422,-0.17288548
-71,-54.9237747192383,-0.13621164
-71,-54.7798500061035,-0.12848161
-71,-27.6143245697021,-0.13758153
-71,-27.392578125,-0.13410429
-71,-27.1703872680664,-0.13803619
-71,-26.94775390625,-0.14035767
-71,-17.9490070343018,-0.14967576
-71,11.1784019470215,-0.21987196
-71,11.9132204055786,-0.15544947
-71,12.1577243804932,-0.11643249
-71,17.9490070343018,-0.039618
-71,18.1866779327393,-0.03800918
-71,20.0761108398438,0.06794687
-71.2243347167969,41.315055847168,0.04155367
-77.9300079345703,62.4422874450684,-0.08661395
-83.3502731323242,66.3224105834961,-0.02567777
-86.9791259765625,67.9010925292969,-0.05575535
-87.8498764038086,68.2069473266602,-0.05660451
-90.0491027832031,68.8815155029297,-0.02975456
-90.4295425415039,68.985466003418,-0.06573362
-90.6211395263672,69.036506652832,-0.06635683
-96.6832733154297,70.2651062011719,-0.10331417
-100.412551879883,70.7137222290039,-0.13632654
-104.159599304199,70.9647521972656,-0.16967416
-70.7500534057617,-68.6906661987305,-0.24183503
-70.75,-55.2100830078125,-0.18414326
-70.75,-26.7246780395508,-0.14929285
-70.75,-26.5011653900146,-0.14617887
-70.75,-26.2772159576416,-0.14185523
-70.75,-26.0528354644775,-0.14172961
-70.75,-25.8280220031738,-0.13423613
-70.75,-25.602783203125,-0.12396974
-70.75,-24.924524307251,-0.11989148
-70.75,-24.6975994110107,-0.12408029
-70.75,-24.4702625274658,-0.12556467
-70.75,-24.2425117492676,-0.11280968
-70.75,-24.0143547058105,-0.11666246
-70.75,-23.3274612426758,-0.10009662
-70.75,-23.0976982116699,-0.09782642
-70.75,-18.1866779327393,-0.14694762
-70.75,11.4235544204712,-0.14020413
-70.75,18.1866779327393,-0.04542934
-70.75,19.8411273956299,0.07346751
-70.9831085205078,41.494026184082,0.07738342
-77.8020553588867,62.583553314209,-0.118517
-78.4911880493164,63.2287216186523,-0.13591872
-78.5936584472656,63.3193359375,-0.12880282
-83.1574935913086,66.3825378417969,-0.01939043
-86.982307434082,68.0293502807617,-0.05271936
-87.6858596801758,68.273796081543,-0.0535672
-89.9003982543945,68.9508895874023,-0.06264424
-90.4765548706055,69.1064682006836,-0.06746279
-96.5856475830078,70.3398895263672,-0.10691412
-104.318916320801,71.0499877929688,-0.17488991
-104.50707244873,71.0569381713867,-0.14954674
-70.5000534057617,-68.6906661987305,-0.23986982
-70.5,-55.2100830078125,-0.17697122
-70.5,-25.3771171569824,-0.12553385
-70.5,-25.1510314941406,-0.12985308
-70.5,-23.7857913970947,-0.11185342
-70.5,-23.5568256378174,-0.10916781
-70.5,-22.8675422668457,-0.09340725
-70.5,-22.6369972229004,-0.09075918
-70.5,-19.3701171875,-0.13798584
-70.5,-19.1340980529785,-0.13304792
-70.5,-18.897741317749,-0.13575985
-70.5,-18.6610488891602,-0.13907697
-70.5,-18.4240283966064,-0.1426621
-70.5,11.4235544204712,-0.07901674
-70.5,11.9132204055786,-0.085548
-70.5,18.1866779327393,-0.05194328
-70.5,19.8411273956299,0.09477923
-70.7336273193359,41.5008392333984,0.07800192
-70.7782745361328,42.3535385131836,0.00222469
-70.7878723144531,42.5221366882324,-0.00574651
-77.5795135498047,62.6314506530762,-0.1202283
-78.0691604614258,63.0956344604492,-0.14640572
-78.1700973510742,63.187313079834,-0.13980239
-78.4790420532227,63.4600028991699,-0.13179006
-82.9639358520508,66.4427642822266,-0.01039721
-86.9880828857422,68.1576461791992,-0.04260609
-87.7008895874023,68.4007110595703,-0.05323909
-89.750862121582,69.0204467773438,-0.06461211
-90.3311386108398,69.1766204833984,-0.05609619
-91.9174957275391,69.5651016235352,-0.09202096
-92.1194076538086,69.6107482910156,-0.09369928
-92.3220520019531,69.6557388305664,-0.08128173
-92.5253982543945,69.700065612793,-0.091358
-96.4873733520508,70.4149169921875,-0.10973988
-104.48063659668,71.1350555419922,-0.17175293
-70.2500534057617,-68.690673828125,-0.23705587
-70.25,-55.0671844482422,-0.12956796
-70.25,-22.406063079834,-0.09403588
-70.25,-22.1747455596924,-0.09276061
-70.25,-21.9430446624756,-0.09353877
-70.25,-21.7109680175781,-0.13426754
-70.25,-21.478515625,-0.13231714
-70.25,-21.2456912994385,-0.13189785
-70.25,-21.0124988555908,-0.13295773
-70.25,-20.7789421081543,-0.12090573
-70.25,-20.5450229644775,-0.12887846
-70.25,-20.3107452392578,-0.12431266
-70.25,-20.0761108398438,-0.12683307
-70.25,-19.8411273956299,-0.17420534
-70.25,-19.6057929992676,-0.1320786
-70.25,11.4235544204712,-0.1119509
-70.25,11.6684951782227,-0.09940761
-70.25,12.1577243804932,-0.10819144
-70.25,12.6460552215576,-0.06766445
-70.25,18.1866779327393,-0.04210696
-70.25,19.8411273956299,0.10522698
-70.4841232299805,41.5076599121094,0.0485679
-70.5013656616211,41.8510131835938,0.0714405
-70.5103149414062,42.0217170715332,0.03079852
-70.5194854736328,42.1917762756348,0.00144334
-70.5483551025391,42.6980972290039,-0.01924699
-70.5584487915039,42.865592956543,-0.02077296
-70.5687713623047,43.0324516296387,-0.01794783
-70.5793380737305,43.1986808776855,-0.0116666
-77.2609939575195,62.5851211547852,-0.11870378
-77.7480163574219,63.0526542663574,-0.14875769
-78.2603378295898,63.5105018615723,-0.12846059
-82.7695770263672,66.5030975341797,-0.02214572
-86.1199111938477,67.971076965332,-0.05579521
-86.2928619384766,68.0351791381836,-0.05954298
-86.9964752197266,68.2859802246094,-0.04139875
-87.7185974121094,68.5276412963867,-0.05368308
-87.9019470214844,68.5865936279297,-0.05391562
-89.6004638671875,69.0901794433594,-0.06485128
-90.1848754882812,69.246955871582,-0.06111779
-91.7828216552734,69.6369552612305,-0.10477879
-92.3952713012695,69.7724533081055,-0.08637731
-96.3884506225586,70.4902038574219,-0.11166464
-104.454025268555,71.2134704589844,-0.18387213
-70.0001831054688,-69.2219848632812,-0.23185095
-70.0001602172852,-69.1345062255859,-0.23374419
-70.000129699707,-69.0466003417969,-0.23543769
-70.0001068115234,-68.9582595825195,-0.23517957
-70.0000915527344,-68.8694915771484,-0.23444517
-70.0000686645508,-68.7802963256836,-0.20155019
-70,-55.2100830078125,-0.10713701
-70,-55.0671844482422,-0.10048656
-70,12.1577243804932,-0.13677495
-70,12.4020042419434,-0.10736223
-70,12.8898735046387,-0.03907561
-70,18.4240283966064,0.00869688
-70,19.8411273956299,0.08941672
-70.2346038818359,41.5144882202148,0.04013241
-70.2518844604492,41.8581695556641,0.07789043
-70.3408737182617,43.3729972839355,-0.01381837
-76.942008972168,62.5378837585449,-0.09843181
-77.5262298583984,63.1017837524414,-0.14381265
-78.0410232543945,63.5610504150391,-0.13305363
-82.5744171142578,66.5635299682617,-0.01911947
-85.9452362060547,68.0367660522461,-0.05156523
-86.2945709228516,68.1648864746094,-0.04552597
-86.4710311889648,68.2281036376953,-0.06170034
-86.8274993896484,68.3528442382812,-0.04748549
-87.9247055053711,68.7131729125977,-0.05283398
-89.4492111206055,69.1600952148438,-0.0631482
-90.2358551025391,69.3686752319336,-0.07384772
-90.8356170654297,69.5184173583984,-0.07645718
-91.0372924804688,69.5670394897461,-0.08402873
-91.2398147583008,69.6150207519531,-0.09067612
-91.4431686401367,69.6623382568359,-0.09746235
-91.6473159790039,69.7090072631836,-0.10604741
-92.2643356323242,69.8450469970703,-0.10466452
-96.2888641357422,70.5657272338867,-0.11360491
-104.427238464355,71.2921829223633,-0.18666794
-69.7501907348633,-69.2219924926758,-0.23092492
-69.75,-55.3524703979492,-0.10715186
-69.75,11.9132204055786,-0.18929681
-69.75,12.6460552215576,-0.06693938
-69.75,18.4240283966064,0.01356551
-69.75,19.3701171875,0.07806645
-69.75,19.6057929992676,0.08641053
-69.9850540161133,41.5213241577148,0.00883358
-70.011360168457,42.0363731384277,-0.01343521
-70.1026763916016,43.5470581054688,-0.01482179
-70.1140365600586,43.7117691040039,0.0027644
-76.6225814819336,62.4897308349609,-0.11265191
-77.4052200317383,63.2438774108887,-0.14686599
-77.5076217651367,63.3364067077637,-0.14229404
-77.6110610961914,63.4285469055176,-0.13732184
-77.7155532836914,63.5202941894531,-0.135426
-82.3784484863281,66.6240539550781,-0.00754133
-85.9448623657227,68.1671676635742,-0.05289378
-86.4776458740234,68.3575286865234,-0.05624532
-87.9501876831055,68.8397445678711,-0.05068176
-88.1393737792969,68.8973617553711,-0.05015984
-89.49365234375,69.2834777832031,-0.06923089
-90.2897186279297,69.4903335571289,-0.07902628
-90.491081237793,69.5404434204102,-0.0797253
-91.3053207397461,69.7344055175781,-0.09789775
-91.717414855957,69.8274536132812,-0.10546687
-92.1325759887695,69.9178466796875,-0.10801439
-96.188606262207,70.6415023803711,-0.1164921
-96.4054946899414,70.672737121582,-0.11775748
-96.6224975585938,70.7032852172852,-0.1175854
-104.204460144043,71.3640975952148,-0.20198232
-69.5002746582031,-69.3956680297852,-0.22278017
-69.5002365112305,-69.3090515136719,-0.2264633
-69.5,-55.4943466186523,-0.12804533
-69.5,11.6684951782227,-0.14324608
-69.5,18.1866779327393,-0.00893264
-69.5,19.3701171875,0.08133352
-69.7440567016602,41.7006607055664,0.00843149
-69.7528381347656,41.8725051879883,-0.01172184
-69.86474609375,43.7208709716797,-0.01652843
-76.3027420043945,62.4406623840332,-0.11253353
-77.2855911254883,63.3861961364746,-0.13488044
-77.389518737793,63.4786224365234,-0.13470137
-77.494499206543,63.5706558227539,-0.13325015
-77.9251174926758,63.9348526000977,-0.13162327
-82.1816558837891,66.6846694946289,-0.00760115
-85.9470367431641,68.2976150512695,-0.05120528
-88.1699905395508,69.0235443115234,-0.04530242
-88.362663269043,69.0801620483398,-0.05741032
-88.5564193725586,69.1361618041992,-0.06005444
-88.7512512207031,69.1915435791016,-0.0633009
-88.9471282958984,69.2462997436523,-0.06531501
-89.1440582275391,69.3004379272461,-0.06859358
-91.373779296875,69.8537063598633,-0.10042549
-92.2102127075195,70.0352249145508,-0.10302455
-96.7439804077148,70.8095550537109,-0.11918364
-104.175369262695,71.4433517456055,-0.20450001
-69.2505111694336,-69.7378005981445,-0.18478387
-69.2504425048828,-69.6529235839844,-0.19698073
-69.2503890991211,-69.5676116943359,-0.20760135
-69.2503356933594,-69.4818649291992,-0.2136218
-69.25,-67.6771469116211,-0.28046796
-69.25,-67.5825347900391,-0.28895155
-69.25,-67.4875106811523,-0.29604774
-69.25,-55.4943466186523,-0.11818994
-69.25,-52.558837890625,-0.12409026
-69.25,-52.4065895080566,-0.09720121
-69.25,-52.2538108825684,-0.08074275
-69.25,11.6684951782227,-0.14423398
-69.25,12.1577243804932,-0.12754517
-69.25,18.1866779327393,-0.00539826
-69.25,19.1340980529785,0.01842463
-69.6154251098633,43.7299842834473,-0.02714897
-75.9824981689453,62.3906669616699,-0.11213411
-76.9596099853516,63.3429222106934,-0.1337753
-77.3793640136719,63.7129859924316,-0.13083652
-77.5956726074219,63.8956565856934,-0.13207509
-77.8163452148438,64.0767364501953,-0.13404987
-78.1556701660156,64.3453598022461,-0.122631
-78.2710189819336,64.4340972900391,-0.12236901
-81.9840240478516,66.7453765869141,-0.00749909
-85.7719192504883,68.3641815185547,-0.05145853
-91.8665313720703,70.0640411376953,-0.09606569
-92.0783309936523,70.1086044311523,-0.10850418
-96.6477203369141,70.8861999511719,-0.12295543
-104.34578704834,71.5300369262695,-0.19954138
-69.0005264282227,-69.7378234863281,-0.18162745
-69.0004577636719,-69.652946472168,-0.19312125
-69,-67.771354675293,-0.26684508
-69,-67.39208984375,-0.2951174
-69,-67.296272277832,-0.29775721
-69,-55.4943466186523,-0.12248848
-69,-52.558837890625,-0.09578806
-69,-52.2538108825684,-0.07478959
-69,-51.6374168395996,-0.03154678
-69,-51.481990814209,-0.02954087
-69,-51.3260345458984,-0.03289252
-69,-51.169548034668,-0.04122267
-69,-51.0125274658203,-0.04505631
-69,-50.8549728393555,-0.05699236
-69,-50.6968841552734,-0.05832791
-69,-50.5382614135742,-0.04803239
-69,11.6684951782227,-0.15103389
-69,11.9132204055786,-0.14716833
-69,12.4020042419434,-0.11196633
-69,18.1866779327393,0.0023876
-69,19.1340980529785,0.0539907
-69.3777542114258,43.903751373291,-0.03482745
-75.6618957519531,62.3397407531738,-0.11082805
-76.6331405639648,63.2987213134766,-0.13445566
-77.0505294799805,63.6714973449707,-0.13103146
-77.4851455688477,64.0379791259766,-0.13476116
-77.8227081298828,64.3086700439453,-0.11504862
-78.1704177856445,64.5757217407227,-0.10930138
-78.2886123657227,64.6639175415039,-0.10235987
-81.9370040893555,66.8824081420898,-0.00025209
-85.7768859863281,68.4950408935547,-0.04788976
-91.5196228027344,70.0920181274414,-0.10554512
-96.55078125,70.9630889892578,-0.12837408
-98.7734375,71.2277145385742,-0.11118969
-98.9946670532227,71.2504272460938,-0.11100642
-99.2155532836914,71.2724609375,-0.1151561
-104.318260192871,71.6098937988281,-0.20290821
-68.7504119873047,-69.5676498413086,-0.1934795
-68.750358581543,-69.4819030761719,-0.20190467
-68.7503051757812,-69.3957138061523,-0.20941166
-68.75,-67.771354675293,-0.26245458
-68.75,-67.2000579833984,-0.29586278
-68.75,-67.1034622192383,-0.29785829
-68.75,-67.006477355957,-0.29605678
-68.75,-55.4943466186523,-0.11956967
-68.75,-52.558837890625,-0.11446753
-68.75,-52.4065895080566,-0.11647842
-68.75,-51.9466743469238,-0.08680633
-68.75,-51.792308807373,-0.07503335
-68.75,-50.3791007995605,-0.05703636
-68.75,11.4235544204712,-0.15406594
-68.75,12.1577243804932,-0.17152306
-68.75,17.9490070343018,-0.01248361
-68.75,19.1340980529785,0.05668992
-69.1283874511719,43.9130668640137,-0.0424528
-75.4329833984375,62.3861694335938,-0.09197354
-76.5115737915039,63.4421081542969,-0.13412957
-76.6158447265625,63.5357856750488,-0.13355627
-76.7211837768555,63.6290740966797,-0.13469666
-77.489128112793,64.2710342407227,-0.12209726
-78.1912994384766,64.8056182861328,-0.09000303
-78.3123931884766,64.8932876586914,-0.08917619
-81.7385101318359,66.9435424804688,0.00289813
-85.7844390869141,68.6259460449219,-0.04742103
-91.3828811645508,70.165412902832,-0.094162
-96.6775436401367,71.0699005126953,-0.12305415
-98.4711074829102,71.2825393676758,-0.10937355
-99.3629379272461,71.3724517822266,-0.11345181
-104.493003845215,71.6967010498047,-0.19364461
-68.5002670288086,-69.3091125488281,-0.21658049
-68.5002288818359,-69.2220611572266,-0.22853442
-68.5001907348633,-69.1345748901367,-0.22390285
-68.5,-67.771354675293,-0.25814057
-68.5,-66.9086227416992,-0.29104748
-68.5,-66.8103713989258,-0.2873703
-68.5,-55.4943466186523,-0.1225587
-68.5,-52.710563659668,-0.14353598
-68.5,-52.2538108825684,-0.1286947
-68.5,-52.1005058288574,-0.11477752
-68.5,-50.3791007995605,-0.06922456
-68.5,11.4235544204712,-0.16560138
-68.5,12.1577243804932,-0.12992327
-68.5,18.1866779327393,0.01085136
-68.5,18.897741317749,0.04922189
-68.8909759521484,44.0867919921875,-0.03887501
-68.9032363891602,44.2505950927734,-0.00282228
-69.3051834106445,48.1549072265625,0.04813732
-69.3254699707031,48.3037338256836,0.04988355
-75.1111068725586,62.334041595459,-0.10792992
-77.1549606323242,64.2324676513672,-0.12808645
-78.2184295654297,65.0350570678711,-0.08389219
-81.5391540527344,67.0047607421875,0.00874052
-85.7946014404297,68.7568817138672,-0.04838556
-91.4609756469727,70.2847900390625,-0.09805881
-91.6774978637695,70.3299102783203,-0.11098428
-91.894775390625,70.3743515014648,-0.09884815
-96.5810699462891,71.1473922729492,-0.12891016
-98.1641082763672,71.3367080688477,-0.11264697
-99.5132598876953,71.4722213745117,-0.11576083
-104.467086791992,71.7771453857422,-0.2032261
-68.2501678466797,-69.0466690063477,-0.23024154
-68.25,-67.6771469116211,-0.25868523
-68.25,-67.5825347900391,-0.26384765
-68.25,-66.7117309570312,-0.28576886
-68.25,-55.6357154846191,-0.14582027
-68.25,-55.3524703979492,-0.10888429
-68.25,-53.1625823974609,-0.15905344
-68.25,-53.0124320983887,-0.15395935
-68.25,-52.861759185791,-0.16070544
-68.25,-50.2194061279297,-0.05580166
-68.25,10.687479019165,-0.18313865
-68.25,10.9330415725708,-0.18557172
-68.25,11.1784019470215,-0.16645828
-68.25,11.9132204055786,-0.14932311
-68.25,12.4020042419434,-0.12028456
-68.25,18.4240283966064,-0.001
-68.25,18.6610488891602,0.06588273
-68.6538467407227,44.2602958679199,-0.02900632
-69.0565643310547,48.1698303222656,0.0458472
-69.0975799560547,48.467399597168,0.05144177
-69.1186294555664,48.6153717041016,0.04961238
-74.7889251708984,62.2809715270996,-0.10180521
-76.8202285766602,64.1929473876953,-0.13664077
-78.0014572143555,65.0896148681641,-0.08440513
-81.3389205932617,67.066047668457,0.00307153
-85.6191635131836,68.8246688842773,-0.04849679
-91.9806213378906,70.4926300048828,-0.10536559
-92.2009735107422,70.5358810424805,-0.09850952
-96.48388671875,71.2251205444336,-0.13857813
-98.080192565918,71.4153060913086,-0.11113444
-99.4410095214844,71.5514450073242,-0.11091278
-104.646209716797,71.8640594482422,-0.20335302
-68.0001678466797,-69.0466766357422,-0.23271889
-68,-67.5825347900391,-0.26209692
-68,-66.6126937866211,-0.27936536
-68,-55.7765731811523,-0.15751173
-68,-55.4943466186523,-0.12824525
-68,-55.3524703979492,-0.10396762
-68,-53.4613075256348,-0.17469171
-68,-53.3122062683105,-0.16920463
-68,-50.0591773986816,-0.05761773
-68,10.687479019165,-0.18374424
-68,12.1577243804932,-0.1537878
-68.404411315918,44.2700004577637,-0.05460065
-68.8282470703125,48.334041595459,0.04728256
-68.8915100097656,48.7786483764648,0.05363015
-74.5576324462891,62.3268699645996,-0.09958726
-76.5972442626953,64.2446670532227,-0.12151971
-77.7837448120117,65.1442184448242,-0.08236005
-81.2938842773438,67.2042541503906,0.0039975
-85.2546310424805,68.8285751342773,-0.03846007
-92.2922286987305,70.6535263061523,-0.10792972
-92.5155944824219,70.6955795288086,-0.106916
-96.3859939575195,71.3030776977539,-0.135863
-97.9956512451172,71.494140625,-0.10910398
-99.5957107543945,71.6513442993164,-0.11112563
-104.827911376953,71.9507751464844,-0.19701893
-67.7501449584961,-68.9583435058594,-0.23537947
-67.75,-67.7713623046875,-0.25606897
-67.75,-67.6771469116211,-0.25689271
-67.75,-67.5825347900391,-0.26054912
-67.75,-66.6126937866211,-0.27796213
-67.75,-55.6357154846191,-0.12713661
-67.75,-55.3524703979492,-0.09663693
-67.75,-53.7579498291016,-0.17141102
-67.75,-53.6098899841309,-0.1643495
-67.75,-49.8984069824219,-0.03503422
-67.75,10.687479019165,-0.18413956
-68.1549377441406,44.2797088623047,-0.05505968
-68.6002883911133,48.4981651306152,0.02001848
-68.6647720336914,48.9418563842773,0.05343838
-74.3257827758789,62.3727798461914,-0.09733196
-74.5117721557617,62.5720634460449,-0.12401894
-76.3735656738281,64.2964019775391,-0.11708028
-77.5652770996094,65.1988525390625,-0.06765823
-77.691047668457,65.2868270874023,-0.06688462
-81.2509536743164,67.3425903320312,0.01329851
-85.0760803222656,68.896354675293,-0.03892333
-92.6122894287109,70.8125762939453,-0.11378128
-92.838623046875,70.8534164428711,-0.10304475
-96.2873764038086,71.3812637329102,-0.12128703
-97.6788482666016,71.5478973388672,-0.11438016
-97.9104690551758,71.5732192993164,-0.11029955
-98.1418991088867,71.5978469848633,-0.10863452
-99.7533874511719,71.7510147094727,-0.10907199
-99.9819107055664,71.7701873779297,-0.11466904
-104.805519104004,72.0321044921875,-0.20095767
-67.5001449584961,-68.9583511352539,-0.23851994
-67.5001220703125,-68.8695755004883,-0.24139476
-67.5000991821289,-68.7803649902344,-0.24790536
-67.5,-67.8651580810547,-0.25815913
-67.5,-66.6126937866211,-0.27996869
-67.5,-55.7765731811523,-0.1614012
-67.5,-55.3524703979492,-0.0955518
-67.5,-53.9054870605469,-0.16630356
-67.5,-49.7371025085449,-0.06072241
-67.5,-49.5752601623535,-0.05231884
-67.5,-49.4128799438477,-0.05392994
-67.5,-49.2499580383301,-0.04976983
-67.5,-49.086498260498,-0.04608118
-67.5,-46.3974609375,-0.08665537
-67.5,-46.2247772216797,-0.08780065
-67.5,-46.0515480041504,-0.0900448
-67.5,10.687479019165,-0.18469439
-67.9054260253906,44.2894172668457,-0.0487474
-68.372688293457,48.6622085571289,0.02292582
-68.4161224365234,48.9579277038574,0.02767754
-74.093376159668,62.4186935424805,-0.10629431
-74.1862182617188,62.5188179016113,-0.1192333
-74.3748931884766,62.7179260253906,-0.0917655
-76.1492004394531,64.3481597900391,-0.10834937
-77.5999526977539,65.4296264648438,-0.06414632
-81.2101440429688,67.4810485839844,0.01721288
-85.0869445800781,69.0287399291992,-0.03896734
-85.278678894043,69.092658996582,-0.03947211
-85.4717254638672,69.1559829711914,-0.0389629
-92.7121047973633,70.9294281005859,-0.10974573
-95.7206649780273,71.3982162475586,-0.13162123
-95.9542770385742,71.4292984008789,-0.13009952
-97.3573379516602,71.6009521484375,-0.11832243
-100.144065856934,71.8690567016602,-0.10971406
-100.373497009277,71.8869857788086,-0.11508359
-104.991714477539,72.1189117431641,-0.19463175
-67.2500839233398,-68.6907424926758,-0.2515251
-67.2500610351562,-68.6006851196289,-0.25045813
-67.2500457763672,-68.5102081298828,-0.25764403
-67.2500381469727,-68.4193115234375,-0.25978004
-67.2500305175781,-68.3279876708984,-0.2600156
-67.2500228881836,-68.2362518310547,-0.26098096
-67.2500152587891,-68.1441040039062,-0.25678675
-67.2500076293945,-68.0515365600586,-0.26259872
-67.2500076293945,-67.9585494995117,-0.26308601
-67.2500076293945,-67.8651580810547,-0.25714153
-67.25,-66.7117309570312,-0.28034815
-67.25,-66.3131942749023,-0.2815172
-67.25,-55.9169235229492,-0.15297755
-67.25,-55.6357154846191,-0.17633425
-67.25,-55.3524703979492,-0.11061847
-67.25,-54.0525093078613,-0.1581265
-67.25,-48.9225006103516,-0.05810223
-67.25,-46.5696029663086,-0.08702525
-67.25,-45.8777732849121,-0.09194073
-67.25,-45.7034530639648,-0.09496162
-67.25,10.687479019165,-0.18960741
-67.25,17.9490070343018,-0.00194082
-67.25,18.1866779327393,0.01345574
-67.25,18.4240283966064,0.04878212
-67.6685028076172,44.4632797241211,-0.05593142
-68.1238784790039,48.6778182983398,0.02417126
-68.1897048950195,49.1212997436523,0.02974469
-73.8604125976562,62.4646110534668,-0.11527958
-73.9535827636719,62.5650291442871,-0.12062379
-74.1429443359375,62.7647247314453,-0.12806456
-75.9241333007812,64.3999404907227,-0.0925366
-77.3810729980469,65.4849014282227,-0.0685774
-81.1714630126953,67.6196212768555,0.02731921
-81.3355407714844,67.6953048706055,0.02750393
-81.5010070800781,67.7704849243164,0.01869978
-81.6678619384766,67.8451461791992,0.03210111
-81.8361053466797,67.9192886352539,0.03409989
-82.0057373046875,67.992919921875,0.02999348
-85.4901962280273,69.2877197265625,-0.04056213
-92.8150634765625,71.0461273193359,-0.11242802
-95.6167526245117,71.4765625,-0.12060328
-97.031135559082,71.6532821655273,-0.11127556
-100.540084838867,71.9850387573242,-0.11507763
-104.971061706543,72.2008056640625,-0.19493643
-67,-66.8103713989258,-0.27853794
-67,-66.4134292602539,-0.28541353
-67,-66.2125549316406,-0.2749265
-67,-66.1115188598633,-0.2778664
-67,-55.7765731811523,-0.21434786
-67,-55.2100830078125,-0.22425832
-67,-55.0671844482422,-0.18692187
-67,-54.0525093078613,-0.21907356
-67,-48.7579574584961,-0.06557465
-67,-46.7411994934082,-0.08547284
-67,-45.5285873413086,-0.0979246
-67,-45.3531761169434,-0.10555318
-67,10.687479019165,-0.20442528
-67,11.9132204055786,-0.18111077
-67,17.7110137939453,0.01083594
-67,18.6610488891602,0.07003825
-67.4189300537109,44.4731788635254,-0.05308345
-67.8965911865234,48.8420143127441,0.02943948
-67.94091796875,49.1376037597656,0.03152996
-73.5343780517578,62.4094429016113,-0.11358145
-73.8148803710938,62.7115707397461,-0.13086442
-75.698356628418,64.4517288208008,-0.0788175
-77.03271484375,65.451774597168,-0.08401689
-81.9806518554688,68.1304016113281,0.02993229
-82.1539993286133,68.203254699707,0.03292263
-82.3287582397461,68.2755661010742,0.03880962
-85.5113525390625,69.4194564819336,-0.04261029
-87.3513488769531,69.9552764892578,-0.05954811
-92.6884613037109,71.1227111816406,-0.11904322
-95.7494659423828,71.5865020751953,-0.1309612
-96.9380340576172,71.7326812744141,-0.12237367
-100.477363586426,72.0660781860352,-0.09573291
-100.709663391113,72.0828552246094,-0.10498883
-100.941276550293,72.0989837646484,-0.11159218
-104.950248718262,72.2829666137695,-0.19588178
-66.75,-66.8103713989258,-0.27991766
-66.75,-66.4134292602539,-0.28932709
-66.75,-66.0100784301758,-0.27426921
-66.75,-55.0671844482422,-0.23801887
-66.75,-54.1990127563477,-0.20926812
-66.75,-48.5928802490234,-0.06691079
-66.75,-46.9122505187988,-0.09697631
-66.75,-45.3531761169434,-0.11656088
-66.75,10.687479019165,-0.20329389
-66.75,11.6684951782227,-0.18672473
-66.75,12.1577243804932,-0.16643958
-66.75,17.7110137939453,0.026793
-66.75,18.6610488891602,0.06518617
-67.182258605957,44.6470222473145,-0.06151627
-67.6476516723633,48.857852935791,0.03055076
-67.7148132324219,49.3011436462402,0.02821453
-73.1173248291016,62.251163482666,-0.10838124
-73.2081451416016,62.3533020019531,-0.11534116
-75.357292175293,64.4098815917969,-0.10861935
-75.4718704223633,64.5035247802734,-0.07644323
-76.683723449707,65.4176559448242,-0.09049851
-82.3106689453125,68.4126205444336,0.05138152
-85.5352096557617,69.5512008666992,-0.04398806
-86.9755020141602,69.9697036743164,-0.05378628
-87.3982391357422,70.0835571289062,-0.0579793
-88.0412445068359,70.2494659423828,-0.06658275
-88.2578811645508,70.3034515380859,-0.07003238
-88.4756393432617,70.3567733764648,-0.07381858
-88.6944961547852,70.4094314575195,-0.0785477
-88.914436340332,70.4614105224609,-0.08561752
-92.7954177856445,71.2396240234375,-0.1227083
-95.645881652832,71.6654281616211,-0.1231555
-96.6044540405273,71.7843704223633,-0.11413975
-101.115234375,72.1959838867188,-0.09694513
-101.347465515137,72.2108840942383,-0.10579919
-101.578903198242,72.2251358032227,-0.1207466
-101.809501647949,72.2387466430664,-0.13080225
-105.142951965332,72.3701400756836,-0.18927878
-66.5,-66.8103713989258,-0.23058724
-66.5,-66.7117309570312,-0.28193006
-66.5,-66.6126937866211,-0.28187734
-66.5,-66.3131942749023,-0.27863457
-66.5,-66.2125549316406,-0.28161354
-66.5,-66.1115188598633,-0.28005047
-66.5,-55.0671844482422,-0.2359938
-66.5,-54.3449935913086,-0.19730263
-66.5,-48.4272575378418,-0.06972319
-66.5,-46.9122505187988,-0.09185165
-66.5,-45.1772193908691,-0.11463642
-66.5,10.687479019165,-0.18056716
-66.5,11.9132204055786,-0.20980746
-66.5,17.7110137939453,0.03602534
-66.5,18.6610488891602,0.05993196
-66.9458465576172,44.8206596374512,-0.05872914
-66.959358215332,44.9836196899414,-0.0475339
-67.4206619262695,49.0222015380859,0.03413933
-67.4658813476562,49.3176689147949,0.0218868
-72.7916107177734,62.1933784484863,-0.11370226
-75.0158081054688,64.3670501708984,-0.12526417
-76.3341369628906,65.3825531005859,-0.13421408
-82.1154022216797,68.4779663085938,0.04743362
-85.5617980957031,69.6829452514648,-0.03995797
-86.5971069335938,69.9831314086914,-0.05129269
-87.2334747314453,70.1556015014648,-0.0557125
-87.6637878417969,70.267333984375,-0.06265317
-88.9822998046875,70.5866088867188,-0.07451381
-89.2058639526367,70.6374588012695,-0.07668949
-92.9055862426758,71.3563766479492,-0.12397631
-93.1430358886719,71.3952789306641,-0.10722106
-95.5414962768555,71.7445678710938,-0.1246904
-96.5079040527344,71.8640823364258,-0.11509276
-101.990333557129,72.3337936401367,-0.16796472
-105.12393951416,72.4528579711914,-0.1877934
-66.25,-66.5132598876953,-0.26573893
-66.25,-66.4134292602539,-0.26732655
-66.25,-65.8059768676758,-0.26841234
-66.25,-65.7033157348633,-0.26715724
-66.25,-65.6002502441406,-0.26560882
-66.25,-55.0671844482422,-0.20562524
-66.25,-54.4904632568359,-0.19565903
-66.25,-48.2610931396484,-0.11780559
-66.25,-46.9122505187988,-0.12649764
-66.25,-45.0007171630859,-0.12503446
-66.25,10.687479019165,-0.17967928
-66.25,17.7110137939453,0.03719936
-66.25,18.6610488891602,0.06091971
-66.7097015380859,44.9940986633301,-0.06018377
-67.1715850830078,49.038257598877,0.02677275
-67.2400817871094,49.4813766479492,0.02222623
-72.2898101806641,61.9265327453613,-0.1070581
-72.3772964477539,62.03076171875,-0.11073134
-72.4657440185547,62.1346168518066,-0.11775653
-74.6739273071289,64.3232345581055,-0.12145405
-75.9839782714844,65.3464508056641,-0.08245761
-81.7400665283203,68.4707794189453,0.06055363
-85.5911331176758,69.8146896362305,-0.04498793
-86.2162246704102,69.9955596923828,-0.05086052
-86.4271850585938,70.0545806884766,-0.05094589
-86.6394119262695,70.1129531860352,-0.05046555
-86.8529052734375,70.1706924438477,-0.05303753
-87.2835922241211,70.2842102050781,-0.05908556
-89.2793579101562,70.7621078491211,-0.08249864
-89.5065307617188,70.8118057250977,-0.07897407
-93.2588043212891,71.5113220214844,-0.11524349
-95.4362945556641,71.8239212036133,-0.13898114
-96.4105911254883,71.9440155029297,-0.11498821
-102.174125671387,72.428596496582,-0.14705376
-105.104774475098,72.5358276367188,-0.1876272
-66,-66.3131942749023,-0.26879304
-66,-65.9082336425781,-0.28499291
-66,-65.4967651367188,-0.27058345
-66,-55.0671844482422,-0.19927307
-66,-54.4904632568359,-0.2072995
-66,-48.0943870544434,-0.11755323
-66,-46.9122505187988,-0.12373343
-66,-45.0007171630859,-0.11505975
-66,10.4417161941528,-0.18171612
-66,17.9490070343018,0.05452941
-66,18.6610488891602,0.0725871
-66.3710784912109,43.8487968444824,-0.03416334
-66.3829650878906,44.0156784057617,-0.03848105
-66.3951263427734,44.1819686889648,-0.03774032
-66.4075469970703,44.3476638793945,-0.03958375
-66.4600067138672,45.0045700073242,-0.06440853
-66.9224090576172,49.0543022155762,0.02663316
-67.0146331787109,49.6450271606445,0.01884524
-67.0386657714844,49.7914199829102,0.01452999
-71.4643783569336,61.2281761169434,-0.10057777
-71.545539855957,61.3353271484375,-0.10041333
-71.6276092529297,61.4421005249023,-0.09440459
-71.8794174194336,61.7601776123047,-0.10698292
-71.9652328491211,61.8654518127441,-0.10898778
-74.4440078735352,64.374153137207,-0.1107093
-75.7590103149414,65.400634765625,-0.07079865
-81.5417785644531,68.5359802246094,0.06480128
-85.2079162597656,69.8234481811523,-0.04435261
-85.8329010009766,70.006965637207,-0.0512137
-86.4697494506836,70.1847686767578,-0.05201226
-86.6846008300781,70.2427444458008,-0.05478113
-86.9007110595703,70.3000717163086,-0.0571144
-89.5857086181641,70.9358825683594,-0.08459792
-93.3778228759766,71.6271896362305,-0.12682556
-93.6205062866211,71.6642761230469,-0.12557295
-95.3302536010742,71.9034805297852,-0.12838592
-96.3125,72.024169921875,-0.11536857
-102.126594543457,72.5112380981445,-0.10826577
-102.360908508301,72.5231475830078,-0.13126105
-105.304176330566,72.6233520507812,-0.18144871
-65.75,-66.2125549316406,-0.26244576
-65.75,-65.8059768676758,-0.25372328
-65.75,-65.3928756713867,-0.2758772
-65.75,-55.0671844482422,-0.20160916
-65.75,-54.6354141235352,-0.19307357
-65.75,-47.9271392822266,-0.12478118
-65.75,-47.759349822998,-0.13763451
-65.75,-47.5910186767578,-0.15230971
-65.75,-47.4221420288086,-0.1596794
-65.75,-47.2527198791504,-0.1554709
-65.75,-47.0827598571777,-0.14460193
-65.75,-45.1772193908691,-0.10027407
-65.75,10.4417161941528,-0.1908207
-65.75,17.9490070343018,0.05839841
-65.75,18.4240283966064,0.0792223
-66.1096267700195,43.6902732849121,-0.03853159
-66.1704711914062,44.5226593017578,-0.04445555
-66.2102737426758,45.0150413513184,-0.06314779
-66.6956558227539,49.2190284729004,0.02760109
-66.8140029907227,49.9547462463379,0.01133188
-71.143913269043,61.162109375,-0.10133264
-71.4712982177734,61.5911293029785,-0.10304426
-71.5554656982422,61.6974487304688,-0.10469018
-74.327278137207,64.5206832885742,-0.03754884
-75.4070434570312,65.3632354736328,-0.06447066
-81.3424453735352,68.6012420654297,0.07248184
-85.0293273925781,69.8938522338867,-0.04487641
-85.4471817016602,70.017333984375,-0.04857846
-89.4356460571289,71.011100769043,-0.08392835
-93.7451553344727,71.779411315918,-0.13763238
-93.9906387329102,71.8152084350586,-0.13599415
-94.2365264892578,71.8502807617188,-0.13383796
-95.4707107543945,72.0146636962891,-0.1179232
-96.4614028930664,72.1330337524414,-0.11967334
-102.550682067871,72.6174468994141,-0.1334695
-105.28687286377,72.7068634033203,-0.18058663
-65.5,-66.1115188598633,-0.24308979
-65.5,-66.0100784301758,-0.24917883
-65.5,-65.7033157348633,-0.26058543
-65.5,-65.6002502441406,-0.26661247
-65.5,-65.4967651367188,-0.27547076
-65.5,-54.9237747192383,-0.22780928
-65.5,-54.6354141235352,-0.20099963
-65.5,-45.0007171630859,-0.11697842
-65.5,-44.8236694335938,-0.12263823
-65.5,-44.6460762023926,-0.12464915
-65.5,10.1957597732544,-0.19449244
-65.5,10.9330415725708,-0.20606061
-65.5,18.1866779327393,0.0650996
-65.848388671875,43.5307769775391,-0.02283932
-65.8597717285156,43.69921875,-0.0312574
-65.9336547851562,44.6974449157715,-0.04436944
-65.9743347167969,45.1886672973633,-0.05172666
-66.4463272094727,49.2352828979492,0.02596347
-66.5896987915039,50.1180229187012,-0.00135055
-69.4068603515625,58.8461036682129,-0.03404931
-69.4700698852539,58.9621734619141,-0.04334274
-70.8234252929688,61.0950546264648,-0.10132096
-74.096321105957,64.5718765258789,-0.02691735
-75.1799926757812,65.417121887207,-0.04605733
-81.1420440673828,68.6665649414062,0.07740192
-84.6414947509766,69.9014129638672,-0.04329812
-84.849609375,69.96435546875,-0.04654658
-85.0591201782227,70.0266723632812,-0.04768332
-85.2700042724609,70.0883560180664,-0.04549621
-89.0515518188477,71.0367889404297,-0.07561639
-94.1209335327148,71.9295883178711,-0.14290187
-95.3649597167969,72.0947875976562,-0.1194198
-96.3637542724609,72.213752746582,-0.11985823
-102.743461608887,72.7114944458008,-0.14190496
-105.269432067871,72.7906265258789,-0.17936335
-65.25,-65.9082336425781,-0.25019355
-65.25,-54.9237747192383,-0.21970941
-65.25,-54.6354141235352,-0.2126201
-65.25,-44.4679374694824,-0.12770036
-65.25,-44.2892570495605,-0.13391461
-65.25,-44.1100273132324,-0.13165723
-65.25,-43.9302520751953,-0.13054527
-65.25,-43.7499351501465,-0.13197344
-65.25,10.1957597732544,-0.19517436
-65.25,10.687479019165,-0.20885398
-65.25,11.1784019470215,-0.21630141
-65.5873565673828,43.3703193664551,0.04824533
-65.6970901489258,44.8720245361328,-0.04931856
-65.7245178222656,45.1993179321289,-0.05239159
-66.1969146728516,49.2515258789062,0.02422909
-66.3404312133789,50.1356735229492,-0.00435222
-69.1621780395508,58.8814544677734,-0.05129322
-69.2896270751953,59.1137771606445,-0.07984714
-69.3544998168945,59.2293586730957,-0.08843923
-69.4201431274414,59.3445625305176,-0.09078348
-69.4865798950195,59.4593772888184,-0.08921883
-69.5537948608398,59.5738143920898,-0.04045443
-69.7602767944336,59.9148368835449,-0.05595163
-69.8307342529297,60.0277519226074,-0.05739952
-70.5820236206055,61.1361656188965,-0.10063565
-73.4130249023438,64.2358093261719,-0.15487836
-73.5241470336914,64.3332061767578,-0.12500179
-73.7499389648438,64.5268402099609,-0.04984667
-74.9521408081055,65.4710006713867,-0.02444181
-81.1233901977539,68.8056640625,0.07698975
-81.3077239990234,68.8788452148438,0.07240648
-81.4935531616211,68.9514770507812,0.07312098
-83.8398818969727,69.7784118652344,-0.03634035
-84.0449523925781,69.8434753417969,-0.04157195
-84.25146484375,69.9079208374023,-0.04399626
-84.4594039916992,69.9717483520508,-0.044411
-88.6642150878906,71.0614624023438,-0.06591107
-89.3678741455078,71.2111663818359,-0.08610457
-89.6044998168945,71.2596588134766,-0.08438636
-89.8421173095703,71.3074417114258,-0.08976658
-90.0807037353516,71.3545150756836,-0.09539707
-94.0044097900391,72.0090942382812,-0.14463529
-95.2583465576172,72.1751098632812,-0.13431431
-96.2652969360352,72.294677734375,-0.12146667
-101.008895874023,72.7057113647461,-0.14409853
-101.25333404541,72.7204284667969,-0.14589552
-102.701393127441,72.7950592041016,-0.13551225
-105.251838684082,72.8746490478516,-0.17630706
-105.475715637207,72.8784637451172,-0.17557986
-65,-65.9082336425781,-0.24758805
-65,-54.7798500061035,-0.21780691
-65,-43.5690727233887,-0.13039252
-65,-43.3876609802246,-0.12365739
-65,-42.1025695800781,-0.12176237
-65,-41.9168128967285,-0.12002
-65,-41.7305107116699,-0.11997163
-65,-41.5436706542969,-0.12046365
-65,-41.3562889099121,-0.12044368
-65,-41.1683616638184,-0.12175284
-65,-40.9798965454102,-0.1242634
-65,10.1957597732544,-0.19435171
-65,10.9330415725708,-0.20482941
-65,17.7110137939453,0.1109309
-65,18.4240283966064,0.10621581
-65.3485565185547,43.5482902526855,0.05573038
-65.4472122192383,44.8822784423828,-0.0481769
-65.4746475219727,45.2099647521973,-0.04692028
-65.9474029541016,49.2677574157715,0.02453953
-66.0910568237305,50.1533050537109,-0.00212333
-68.9171295166016,58.9167671203613,-0.0770667
-69.3777236938477,59.7251815795898,-0.10468468
-69.4466934204102,59.8391456604004,-0.10095326
-69.5870895385742,60.0659294128418,-0.09265379
-70.3401184082031,61.17724609375,-0.10458848
-72.6391525268555,63.7914237976074,-0.14919527
-72.7448501586914,63.8910675048828,-0.14876408
-72.8516845703125,63.9903259277344,-0.1417618
-72.9596633911133,64.0891952514648,-0.13180473
-73.0688018798828,64.1876754760742,-0.11136081
-73.4032592773438,64.4807891845703,-0.04032047
-73.5171203613281,64.5777053833008,-0.0208868
-74.5971527099609,65.4319763183594,-0.00628509
-79.3225860595703,68.1860198974609,-0.0056081
-81.2938385009766,69.0177536010742,0.0733219
-82.0562057495117,69.3038024902344,0.07922665
-82.2505722045898,69.3738861083984,0.05549753
-82.4464492797852,69.4433975219727,0.08116731
-83.2449111938477,69.7155456542969,-0.0352228
-83.4482345581055,69.7820892333984,-0.0366384
-83.8592910766602,69.9133605957031,-0.04785136
-84.067008972168,69.9780731201172,-0.04830771
-87.8092041015625,70.9799728393555,-0.04783366
-88.0408706665039,71.0328903198242,-0.05161017
-88.2736968994141,71.0851211547852,-0.05560816
-88.7427444458008,71.1874847412109,-0.06155087
-88.9789123535156,71.2376174926758,-0.0668059
-90.1751937866211,71.4776306152344,-0.09881689
-93.8869476318359,72.0887908935547,-0.14520088
-95.4044342041016,72.2867889404297,-0.11935964
-96.1660232543945,72.3758163452148,-0.12263686
-100.703338623047,72.7735595703125,-0.12523808
-101.443313598633,72.8179550170898,-0.13459562
-102.658966064453,72.8788757324219,-0.13502412
-105.006546020508,72.9545288085938,-0.18172876
-105.460205078125,72.9627532958984,-0.16998655
-105.684837341309,72.9660568237305,-0.17621257
-64.75,-65.9082336425781,-0.24783064
-64.75,-65.8059768676758,-0.25204829
-64.75,-54.7798500061035,-0.18800709
-64.75,-43.2057113647461,-0.12246439
-64.75,-42.8401718139648,-0.11393421
-64.75,-42.6565856933594,-0.1127707
-64.75,-42.1025695800781,-0.11882212
-64.75,-40.9798965454102,-0.12165222
-64.75,10.1957597732544,-0.19877463
-64.75,17.4727058410645,0.08789402
-64.75,17.9490070343018,0.10593104
-64.75,18.1866779327393,0.11652097
-64.75,18.6610488891602,0.106624
-65.0985946655273,43.5570335388184,0.05186597
-65.2108688354492,45.0568466186523,-0.04524664
-65.238899230957,45.3837776184082,-0.03443335
-65.4886016845703,47.7643814086914,0.06346667
-65.5078964233398,47.9187164306641,0.05904394
-65.6978073120117,49.2839698791504,0.02390379
-65.8415756225586,50.1709213256836,-0.00027946
-68.6717071533203,58.9520492553711,-0.10827032
-69.4146118164062,60.2171859741211,-0.10746095
-69.4870452880859,60.3299217224121,-0.09419585
-69.5603256225586,60.4422798156738,-0.09704351
-69.6344680786133,60.5542640686035,-0.09619151
-69.9397430419922,60.9984436035156,-0.10839613
-70.0182800292969,61.1085548400879,-0.11338262
-71.5948791503906,63.0265655517578,-0.12867092
-71.6920700073242,63.1295585632324,-0.13262741
-71.7903289794922,63.2321739196777,-0.13911686
-71.8896636962891,63.3344078063965,-0.1422799
-72.2979965209961,63.7395401000977,-0.13303896
-74.3672180175781,65.4855346679688,0.00814271
-77.0072555541992,67.1830062866211,-0.00543095
-77.1602783203125,67.2678909301758,-0.00913429
-77.3147506713867,67.3523178100586,-0.01046464
-78.9411239624023,68.1701049804688,0.02370803
-79.2844696044922,68.3276977539062,0.01139593
-81.2822952270508,69.1567306518555,0.07080803
-81.4731292724609,69.2288131713867,0.07480246
-81.6654891967773,69.3003311157227,0.07463674
-82.4501724243164,69.5806350708008,0.06401941
-82.8516159057617,69.7172698974609,-0.03298616
-83.4650268554688,69.917724609375,-0.04605926
-87.6468353271484,71.0545806884766,-0.03352928
-87.8800430297852,71.1077423095703,-0.04159286
-88.1144256591797,71.1602096557617,-0.04794191
-88.349967956543,71.2119750976562,-0.05363694
-90.2729339599609,71.6006088256836,-0.10191062
-93.7685241699219,72.1686706542969,-0.14547164
-95.2980880737305,72.3676681518555,-0.12310799
-96.3220138549805,72.4855117797852,-0.12568466
-100.642478942871,72.8570251464844,-0.12022172
-101.63646697998,72.9152145385742,-0.13125781
-102.616165161133,72.9629287719727,-0.13850366
-104.755172729492,73.034049987793,-0.18316258
-105.671447753906,73.0506210327148,-0.17266008
-105.896812438965,73.0534057617188,-0.17778868
-64.5,-65.7033157348633,-0.26515783
-64.5,-54.9237747192383,-0.22202074
-64.5,-54.6354141235352,-0.20166084
-64.5,-43.0232124328613,-0.11772808
-64.5,-42.6565856933594,-0.11395319
-64.5,-42.287784576416,-0.12167726
-64.5,-40.9798965454102,-0.12078367
-64.5,10.4417161941528,-0.19595542
-64.5,10.9330415725708,-0.17286805
-64.5,17.7110137939453,0.10324305
-64.5,18.1866779327393,0.12140963
-64.5,18.6610488891602,0.10184553
-64.8600006103516,43.7349395751953,0.04717935
-64.9747848510742,45.2312240600586,-0.02870244
-65.0034103393555,45.5574111938477,-0.02404215
-65.23876953125,47.7783317565918,0.05746754
-65.2580795288086,47.9328842163086,0.05116451
-65.448112487793,49.300163269043,0.02604459
-65.5919876098633,50.1885185241699,-0.00527904
-68.1786422729492,58.5146026611328,-0.03814524
-68.2393341064453,58.633358001709,-0.07234533
-68.3007736206055,58.7517204284668,-0.10290063
-68.3629684448242,58.8696975708008,-0.11522881
-69.4657211303711,60.7054214477539,-0.1233706
-69.6964950561523,61.0388679504395,-0.1125398
-70.8842315673828,62.5504951477051,-0.11658783
-70.9764404296875,62.6556663513184,-0.11812199
-71.0696792602539,62.7604598999023,-0.11963297
-71.1639556884766,62.8648796081543,-0.12117745
-71.2592849731445,62.968921661377,-0.12484354
-71.7519607543945,63.4834785461426,-0.13391731
-71.9566879272461,63.6866455078125,-0.11860232
-74.1364669799805,65.5390701293945,0.0224377
-76.6342620849609,67.1566314697266,0.03271636
-77.2518157958984,67.4964447021484,-0.01905137
-77.4098968505859,67.5802307128906,-0.01254425
-78.9004211425781,68.3123168945312,0.01430734
-82.4564208984375,69.7179107666016,-0.01491269
-82.8631057739258,69.8539123535156,-0.03668191
-83.0687255859375,69.9210052490234,-0.03727812
-83.2758483886719,69.9874954223633,-0.04112186
-90.1274108886719,71.6778869628906,-0.10151638
-93.6491241455078,72.2487335205078,-0.14495006
-95.4487457275391,72.4794769287109,-0.12140971
-96.2231674194336,72.5671997070312,-0.12493937
-100.581077575684,72.9407196044922,-0.11798358
-101.584159851074,72.9992370605469,-0.12633505
-102.57299041748,73.0472183227539,-0.14191816
-104.732574462891,73.1187591552734,-0.182748
-105.885566711426,73.1382293701172,-0.1746053
-106.111656188965,73.1405029296875,-0.18204551
-106.33617401123,73.1422576904297,-0.1820184
-64.25,-65.6002502441406,-0.25212903
-64.25,-65.4967651367188,-0.26836431
-64.25,-65.3928756713867,-0.27646647
-64.25,-65.2885665893555,-0.27247604
-64.25,-65.1838531494141,-0.26890496
-64.25,-65.0787124633789,-0.27303319
-64.25,-64.7608032226562,-0.27297559
-64.25,-64.6539916992188,-0.26244696
-64.25,-64.546760559082,-0.26282396
-64.25,-54.9237747192383,-0.22048856
-64.25,-54.6354141235352,-0.21311663
-64.25,-42.8401718139648,-0.11628426
-64.25,-42.287784576416,-0.11849892
-64.25,-41.1683616638184,-0.11968647
-64.25,10.4417161941528,-0.18418377
-64.25,10.687479019165,-0.17427055
-64.25,11.1784019470215,-0.2184099
-64.25,18.4240283966064,0.14137952
-64.6216354370117,43.9126129150391,0.0393887
-64.7247772216797,45.2418403625488,-0.02175443
-64.7389450073242,45.4054107666016,-0.02591294
-64.7534103393555,45.5684204101562,-0.025088
-64.9150619506836,47.1678199768066,0.04502364
-64.9330062866211,47.3247375488281,0.03654996
-64.9888687133789,47.7922668457031,0.04738366
-65.0278549194336,48.1012802124023,0.02479164
-65.1983261108398,49.3163414001465,0.02119449
-65.3422927856445,50.2060966491699,-0.00795725
-67.8719940185547,58.4292526245117,-0.03708395
-69.2977066040039,60.8567428588867,-0.1193363
-69.3747863769531,60.9681816101074,-0.11815858
-70.5518035888672,62.4891510009766,-0.10110628
-71.5131683349609,63.5306625366211,-0.10550719
-71.6152572631836,63.6327323913574,-0.08613612
-73.7785720825195,65.4983825683594,0.03842627
-74.1614532470703,65.7797622680664,0.04065954
-74.2917327880859,65.8727340698242,0.04129319
-74.4233474731445,65.9652786254883,0.03984064
-74.5563201904297,66.0574035644531,0.04346859
-76.4118576049805,67.2156066894531,0.05391406
-77.3509140014648,67.7243194580078,-0.01825115
-78.8617630004883,68.4546356201172,0.03275793
-82.2615203857422,69.7866287231445,0.05878974
-82.4652099609375,69.8552093505859,0.01639973
-89.9807586669922,71.7553100585938,-0.1012653
-93.5287322998047,72.328971862793,-0.14560047
-95.6028366088867,72.5910491943359,-0.121027
-96.3838577270508,72.677001953125,-0.12779868
-100.519134521484,73.0246429443359,-0.11599595
-101.782333374023,73.0965423583984,-0.12866196
-102.032348632812,73.1089248657227,-0.13110618
-102.281394958496,73.1206588745117,-0.13756963
-104.709770202637,73.2037124633789,-0.18093089
-106.102592468262,73.2255859375,-0.1602899
-106.554565429688,73.2285995483398,-0.16399627
-64,-64.9731597900391,-0.27230235
-64,-64.8671951293945,-0.2724332
-64,-64.4391021728516,-0.25730979
-64,-54.9237747192383,-0.2203655
-64,-54.6354141235352,-0.21680292
-64,-42.8401718139648,-0.11544643
-64,-42.1025695800781,-0.12301303
-64,-41.1683616638184,-0.12314721
-64,10.4417161941528,-0.16200623
-64,10.687479019165,-0.1653524
-64,11.1784019470215,-0.15045168
-64.3834991455078,44.0900611877441,0.03400201
-64.5802612304688,46.3870468139648,0.10519308
-64.5965728759766,46.5469093322754,0.10119055
-64.6132049560547,46.7062187194824,0.08763568
-64.6301651000977,46.8649826049805,0.07075917
-64.6474456787109,47.0232009887695,0.05974892
-64.7012939453125,47.4946022033691,0.02032699
-64.7199249267578,47.6506614685059,0.02203479
-64.7778930664062,48.1156349182129,0.01841626
-64.9484405517578,49.3324966430664,0.01482892
-65.0924911499023,50.2236480712891,-0.01212776
-67.5655364990234,58.342903137207,-0.02821112
-70.3099746704102,62.5333137512207,-0.12271495
-73.5457458496094,65.5515670776367,0.05746213
-73.6724700927734,65.6460800170898,0.05712504
-73.8005142211914,65.7401809692383,0.06535772
-74.4608840942383,66.2044296264648,0.04645224
-76.0365524291992,67.187858581543,0.06866904
-77.2937622070312,67.868537902832,-0.01279775
-78.4739456176758,68.4387130737305,0.03451357
-78.8251571655273,68.5970611572266,0.02229541
-79.3637619018555,68.8306732177734,0.07790595
-81.8622055053711,69.7859420776367,0.07193895
-90.0830230712891,71.8788833618164,-0.10394295
-93.4073333740234,72.4094009399414,-0.14542829
-95.7603988647461,72.7023849487305,-0.12121275
-96.5480117797852,72.7865600585938,-0.12556672
-96.8105316162109,72.8131332397461,-0.12358182
-97.0729675292969,72.8389663696289,-0.1236254
-97.3352813720703,72.8640594482422,-0.12385686
-100.713188171387,73.1246109008789,-0.11984206
-104.447257995605,73.2832641601562,-0.1758328
-106.322532653809,73.3126907348633,-0.1540717
-106.775840759277,73.314697265625,-0.16110454
-107,73.31494140625,-0.15816938
-107.224159240723,73.314697265625,-0.15481951
-63.75,-64.9731597900391,-0.27174064
-63.75,-64.8671951293945,-0.272479
-63.75,-64.3310241699219,-0.25664844
-63.75,-54.7798500061035,-0.23444514
-63.75,-42.8401718139648,-0.12396449
-63.75,-42.1025695800781,-0.12091926
-63.75,-41.3562889099121,-0.12596702
-63.75,10.687479019165,-0.18849865
-63.75,10.9330415725708,-0.13686432
-64.1455993652344,44.2672843933105,0.02861922
-64.158073425293,44.4346733093262,0.02746107
-64.3141784667969,46.2384223937988,0.12012219
-64.3464889526367,46.5591087341309,0.12725678
-64.3631286621094,46.7186279296875,0.11004014
-64.3800888061523,46.8776016235352,0.07984583
-64.5478973388672,48.2841262817383,0.00444092
-64.6758270263672,49.1981048583984,0.02261233
-64.8425827026367,50.2411766052246,-0.0180679
-67.3180618286133,58.3763236999512,-0.04174428
-68.3623657226562,60.2562217712402,-0.14965814
-68.4345016479492,60.3704872131348,-0.14682351
-70.1593856811523,62.6838645935059,-0.12263618
-74.230224609375,66.2597274780273,0.06173848
-75.8115844726562,67.2465209960938,0.07947668
-77.2384567260742,68.0128860473633,-0.0002172
-78.4346618652344,68.5816650390625,0.03507978
-78.7906188964844,68.7395858764648,0.03522177
-78.9709854125977,68.817756652832,0.06409412
-79.3364868164062,68.9725036621094,0.07009155
-81.2599716186523,69.7132110595703,0.07056937
-81.4610977172852,69.7841415405273,0.07123137
-81.6638259887695,69.8544921875,0.06929993
-90.1886291503906,72.0023040771484,-0.10614366
-93.2849044799805,72.4899978637695,-0.13345806
-95.9214477539062,72.8134841918945,-0.1223073
-96.9802932739258,72.9218368530273,-0.11814478
-97.2448272705078,72.9470672607422,-0.12273003
-100.652450561523,73.2090835571289,-0.11886189
-100.910575866699,73.2243041992188,-0.11788307
-101.167907714844,73.2388381958008,-0.12098371
-104.421699523926,73.3686676025391,-0.17400866
-106.545402526855,73.399528503418,-0.13152677
-106.773536682129,73.4002914428711,-0.15843251
-63.5,-64.2225189208984,-0.26146008
-63.5,-42.6565856933594,-0.1246208
-63.5,-42.4724578857422,-0.12149699
-63.5,-42.287784576416,-0.11936002
-63.5,-41.3562889099121,-0.12966278
-63.5,10.687479019165,-0.15289037
-63.9079322814941,44.4442901611328,0.02422387
-64.0640335083008,46.2501945495605,0.13106143
-64.0800323486328,46.411018371582,0.13897841
-64.1472396850586,47.0488395690918,0.05272369
-64.2977905273438,48.2986602783203,0.00229899
-64.4034881591797,49.0627212524414,0.01698441
-64.518684387207,49.8139686584473,0.00443283
-64.5925674438477,50.2586784362793,-0.02322126
-67.0702362060547,58.4096946716309,-0.06332084
-68.0446929931641,60.1792068481445,-0.14371364
-68.261474609375,60.522876739502,-0.15061091
-69.9165725708008,62.7282257080078,-0.12540068
-74.1357574462891,66.4071960449219,0.04508386
-75.5856246948242,67.30517578125,0.10234058
-77.0181121826172,68.0742950439453,-0.00668808
-78.3974151611328,68.724723815918,0.03304466
-78.758171081543,68.882194519043,0.06402437
-79.3113784790039,69.1144180297852,0.06655201
-80.2657089233398,69.4905090332031,0.05976812
-80.46142578125,69.5640487670898,0.06452243
-80.8577117919922,69.7094116210938,0.06550216
-90.0420608520508,72.0806045532227,-0.10555036
-93.4255981445312,72.6066970825195,-0.14874377
-93.6902389526367,72.6418762207031,-0.15186336
-95.8190994262695,72.8959732055664,-0.12037818
-96.6199111938477,72.9788055419922,-0.12598228
-97.153564453125,73.0302886962891,-0.12215848
-97.4201889038086,73.0549087524414,-0.13433814
-97.6866149902344,73.0788040161133,-0.13236435
-97.9528045654297,73.1019515991211,-0.13205939
-101.370170593262,73.337646484375,-0.13375484
-104.39591217041,73.4542999267578,-0.17216477
-107,73.4863662719727,-0.15499224
-63.25,-64.2225189208984,-0.26208711
-63.25,-41.3562889099121,-0.1084763
-63.25,10.9330415725708,-0.14169433
-63.25,18.1866779327393,0.13704935
-63.6577491760254,44.4538955688477,0.02330063
-63.782772064209,45.9382438659668,0.09441962
-63.7981491088867,46.1003761291504,0.09656732
-63.813835144043,46.2619514465332,0.11378341
-63.8627891540527,46.7433929443359,0.07070926
-63.879753112793,46.9027824401855,0.04957764
-64.0680084228516,48.4672470092773,0.00136597
-64.0887832641602,48.6207962036133,0.001
-64.1099166870117,48.7738304138184,0.00317777
-64.1314315795898,48.9263496398926,0.00413672
-64.2447128295898,49.6812744140625,0.00466088
-64.2927703857422,49.9797134399414,0.00694049
-64.3424377441406,50.2761573791504,-0.02546073
-66.881721496582,58.5639495849609,-0.100073
-67.8693923950195,60.3320045471191,-0.14422693
-68.0149917602539,60.5613174438477,-0.14505666
-69.3995819091797,62.4503288269043,-0.12373435
-69.48974609375,62.55810546875,-0.13371906
-69.5809326171875,62.6655082702637,-0.14269105
-73.9037399291992,66.4627532958984,0.05149163
-75.3586578369141,67.3638076782227,0.10950358
-76.9642562866211,68.2190628051758,0.00341639
-78.5442123413086,68.9466552734375,0.06213903
-79.0999526977539,69.1797866821289,0.05055718
-79.8637847900391,69.4829788208008,0.05128836
-80.4538269042969,69.7044830322266,0.04967962
-80.855354309082,69.8492736816406,0.05507948
-81.0585556030273,69.9207992553711,0.06458553
-81.2633895874023,69.9917297363281,0.06309994
-89.8942947387695,72.1590423583984,-0.10987011
-93.5698318481445,72.7231903076172,-0.14916837
-95.9849624633789,73.0071640014648,-0.12008205
-96.5233154296875,73.0619354248047,-0.12685305
-97.3303680419922,73.1384658813477,-0.12977935
-97.8675537109375,73.1857681274414,-0.1280553
-101.575798034668,73.4361724853516,-0.12791403
-104.36988067627,73.5401763916016,-0.17120247
-107,73.5724411010742,-0.15843163
-63,-64.4391021728516,-0.25579398
-63,-64.3310241699219,-0.25973544
-63,-41.1683616638184,-0.11227227
-63,10.9330415725708,-0.13223117
-63,17.2340850830078,0.06555882
-63,17.9490070343018,0.12724514
-63,18.4240283966064,0.1445801
-63.4075241088867,44.4634819030762,0.02185877
-63.5325241088867,45.9495811462402,0.08443701
-63.5478973388672,46.1119079589844,0.07092156
-63.5958938598633,46.5956039428711,0.07533616
-63.9710235595703,49.5475921630859,0.00013796
-64.0425186157227,49.9966926574707,0.00054506
-64.0671615600586,50.1453971862793,-0.0197523
-66.6332626342773,58.5974960327148,-0.10088551
-66.693733215332,58.7183227539062,-0.13250324
-67.6947021484375,60.4849433898926,-0.14411089
-69.0657043457031,62.3852500915527,-0.12245663
-73.6707992553711,66.5182723999023,0.05703486
-75.1306762695312,67.4224243164062,0.10873753
-76.7424240112305,68.2807693481445,0.00348375
-78.5135192871094,69.0896835327148,0.06963538
-78.887336730957,69.2451705932617,0.04178301
-79.6547546386719,69.5495681762695,0.05028792
-80.2476654052734,69.77197265625,0.05028343
-80.8554229736328,69.9891891479492,0.05244912
-81.0613021850586,70.0604095458984,0.05797726
-90.0045394897461,72.2830429077148,-0.11049374
-92.3763427734375,72.6578903198242,-0.13170949
-92.6435165405273,72.6957397460938,-0.13341353
-92.9112701416016,72.7328186035156,-0.1280992
-93.1795654296875,72.7691268920898,-0.14549224
-95.8829956054688,73.0901947021484,-0.11979786
-96.6972274780273,73.1716690063477,-0.12577751
-96.9685440063477,73.1973266601562,-0.12691581
-97.5107345581055,73.2463836669922,-0.13037618
-101.522964477539,73.5216445922852,-0.1210009
-104.592620849609,73.6320571899414,-0.16958589
-106.76651763916,73.6584930419922,-0.15651241
-62.75,-64.4391021728516,-0.25471896
-62.75,-64.3310241699219,-0.25865853
-62.75,-64.2225189208984,-0.25472898
-62.75,-63.0004806518555,-0.28494242
-62.75,-41.1683616638184,-0.11761403
-62.75,10.9330415725708,-0.14208968
-62.75,16.9951572418213,0.06370967
-62.75,17.4727058410645,0.09879422
-62.75,18.1866779327393,0.1371388
-63.1699981689453,44.640625,0.0165574
-63.2671546936035,45.7978134155273,0.0689512
-63.2975883483887,46.1234245300293,0.05891843
-63.3292655944824,46.4468421936035,0.06934837
-63.6976280212402,49.4129180908203,-0.00300731
-63.7921714782715,50.0136451721191,-0.00979354
-63.8168106079102,50.1625785827637,-0.02285328
-66.5062637329102,58.8728179931641,-0.13989288
-68.6444702148438,62.2096672058105,-0.10929722
-68.7319259643555,62.319149017334,-0.08048542
-73.4369201660156,66.5737609863281,0.06362598
-75.0564270019531,67.5692825317383,0.12796902
-76.5194702148438,68.3424758911133,0.0042839
-78.2980270385742,69.1544647216797,0.05181159
-78.8637619018555,69.3878021240234,0.03142565
-79.4444961547852,69.6161880493164,0.04891716
-79.8399963378906,69.7656326293945,0.04235414
-80.2421798706055,69.9127883911133,0.04854033
-80.4457778930664,69.9854888916016,0.04826512
-90.1182250976562,72.4068832397461,-0.11208064
-91.9769439697266,72.6999588012695,-0.12838545
-95.7800979614258,73.1734085083008,-0.11854914
-97.4215698242188,73.3304748535156,-0.12606078
-101.204429626465,73.5938415527344,-0.1133757
-104.818572998047,73.7236480712891,-0.1684634
-105.803970336914,73.7387542724609,-0.17033103
-106.046463012695,73.7411346435547,-0.1662766
-106.287338256836,73.7429656982422,-0.16229753
-106.526573181152,73.7442626953125,-0.15972224
-62.5,-64.1135864257812,-0.25007455
-62.5,-63.3389854431152,-0.26790793
-62.5,-63.1137542724609,-0.27516131
-62.5,-62.8867607116699,-0.28777117
-62.5,-40.9798965454102,-0.1107134
-62.5,10.1957597732544,-0.17657333
-62.5,10.4417161941528,-0.13884669
-62.5,10.9330415725708,-0.15357101
-62.5,17.2340850830078,0.08579752
-62.9196891784668,44.6503677368164,0.02279061
-63.0168037414551,45.808910369873,0.06606148
-63.0472297668457,46.1349220275879,0.04837039
-63.0788917541504,46.4587440490723,0.06732142
-63.4245300292969,49.2772598266602,-0.01204823
-63.5174865722656,49.8809013366699,0.01055528
-63.5663566589355,50.1797294616699,-0.02227855
-66.257209777832,58.9068069458008,-0.13414896
-68.3116760253906,62.1418762207031,-0.10737755
-73.3423767089844,66.7222137451172,0.07413263
-74.9837646484375,67.7162780761719,0.13791622
-76.1258392333984,68.3198699951172,0.0062569
-76.8138580322266,68.6540679931641,0.03531444
-78.0813293457031,69.2192611694336,0.03968366
-78.4584808349609,69.3759765625,0.02060715
-78.8423690795898,69.5305099487305,0.04973424
-79.4308319091797,69.7581405639648,0.05185305
-79.6303634643555,69.832878112793,0.04045321
-79.8315887451172,69.9070510864258,0.04543376
-84.9159698486328,71.4433898925781,-0.11434579
-85.1560134887695,71.5023422241211,-0.11903366
-85.3975296020508,71.5605926513672,-0.12594122
-85.640495300293,71.6181488037109,-0.13347377
-85.8848876953125,71.6750030517578,-0.13873701
-89.9705047607422,72.4861907958984,-0.11472563
-91.8429260253906,72.7807846069336,-0.12932579
-95.6762466430664,73.2568130493164,-0.11652325
-97.0559005737305,73.3903350830078,-0.12563085
-101.148124694824,73.6796798706055,-0.11134169
-105.047752380371,73.8149490356445,-0.16418402
-105.297325134277,73.8190383911133,-0.16418719
-105.545379638672,73.8225479125977,-0.16283997
-62.25,-64.6539916992188,-0.24365898
-62.25,-64.546760559082,-0.24253163
-62.25,-64.4391021728516,-0.24241274
-62.25,-64.0042266845703,-0.24757498
-62.25,-63.4509468078613,-0.25947981
-62.25,-63.2265892028809,-0.27668738
-62.25,-63.0004806518555,-0.28879564
-62.25,-40.7908935546875,-0.13060601
-62.25,-40.6013488769531,-0.14207776
-62.25,-40.4112663269043,-0.1471176
-62.25,-40.2206420898438,-0.14417043
-62.25,-40.029483795166,-0.13096979
-62.25,-39.2594795227051,-0.11382026
-62.25,-39.0656394958496,-0.10164211
-62.25,9.94961357116699,-0.12901389
-62.25,10.4417161941528,-0.12392722
-62.25,10.9330415725708,-0.16522255
-62.6693344116211,44.6600952148438,0.02454493
-62.7664031982422,45.8199844360352,0.06563839
-62.7814521789551,45.9834671020508,0.05704242
-62.8284606933594,46.4706230163574,0.06654178
-63.151725769043,49.1406097412109,-0.01304318
-63.2669296264648,49.8975601196289,-0.00281303
-63.3157920837402,50.196849822998,-0.01649441
-66.0077743530273,58.9407386779785,-0.12139502
-68.0647659301758,62.1838684082031,-0.10655736
-73.1070327758789,66.7779312133789,0.08014587
-74.7537612915039,67.7754364013672,0.14548974
-74.9127197265625,67.8634033203125,0.14602515
-75.0732574462891,67.9508972167969,0.1602104
-75.8999938964844,68.3812255859375,0.01646648
-76.4155426025391,68.6335678100586,0.04308514
-76.7674865722656,68.7992935180664,0.04010333
-77.4913864135742,69.1245727539062,0.03143323
-78.0519714355469,69.3629989624023,0.03314461
-78.4341735839844,69.5192489624023,0.05681676
-78.8231735229492,69.6732940673828,0.04706918
-79.218994140625,69.8250961303711,0.05008183
-84.7335739135742,71.517707824707,-0.11219336
-84.9750747680664,71.5769348144531,-0.11677463
-85.2180633544922,71.6354598999023,-0.12289294
-85.462532043457,71.6932907104492,-0.13037031
-85.9558029174805,71.8068313598633,-0.13459196
-86.2045669555664,71.8625411987305,-0.14437233
-89.8215255737305,72.5656280517578,-0.11993584
-91.7077331542969,72.8617630004883,-0.13149016
-95.8496780395508,73.3687896728516,-0.11538263
-96.9626922607422,73.4746856689453,-0.12370344
-101.091278076172,73.7657318115234,-0.12507769
-62,-64.6539916992188,-0.24425405
-62,-64.3310241699219,-0.24030081
-62,-64.2225189208984,-0.24083291
-62,-64.1135864257812,-0.24477403
-62,-63.3389854431152,-0.27092789
-62,-39.8377876281738,-0.13899278
-62,-39.6455535888672,-0.13762764
-62,-39.4527854919434,-0.12894322
-62,-39.0656394958496,-0.09412759
-62,9.94961357116699,-0.16162277
-62,10.687479019165,-0.15087649
-62,12.1577243804932,-0.04311081
-62,16.0364284515381,0.0183529
-62,16.276554107666,0.01721431
-62,16.9951572418213,0.08269315
-62,17.7110137939453,0.12764685
-62.4319343566895,44.8373680114746,0.02141607
-62.5159492492676,45.8310432434082,0.06900541
-62.5309906005859,45.9947204589844,0.07085729
-62.5779724121094,46.482479095459,0.06351575
-62.9011001586914,49.1561012268066,-0.01823111
-62.9924507141113,49.7635650634766,-0.00392145
-63.0651206970215,50.2139320373535,-0.01670615
-65.820182800293,59.0957832336426,-0.12892643
-65.8831634521484,59.2165794372559,-0.14351969
-67.7314300537109,62.1146850585938,-0.10330008
-73.013313293457,66.9268035888672,0.09289141
-74.3647689819336,67.7458267211914,0.1524216
-74.8432922363281,68.0106582641602,0.15864908
-75.005989074707,68.0979995727539,0.15039799
-75.3362426757812,68.2712478637695,0.04449043
-75.5038070678711,68.3571472167969,0.04550233
-76.1905136108398,68.6958541870117,0.04957112
-76.723014831543,68.9446182250977,0.04005617
-77.0864334106445,69.1078872680664,0.03386086
-77.4566268920898,69.2690658569336,0.03313464
-78.0247192382812,69.5068130493164,0.05272906
-78.6082534790039,69.7396469116211,0.0453896
-78.8062057495117,69.8161392211914,0.04903107
-85.5306549072266,71.8259124755859,-0.12710553
-85.7795562744141,71.8826065063477,-0.13564389
-86.2816390991211,71.9938354492188,-0.14181818
-89.6712799072266,72.6451873779297,-0.12360788
-91.5713424682617,72.9428939819336,-0.13333804
-95.7461853027344,73.4527206420898,-0.11389414
-96.8685989379883,73.5592346191406,-0.12280678
-99.1041717529297,73.7359085083008,-0.12109899
-100.760391235352,73.8375549316406,-0.10828852
-61.9208869934082,-74.7843856811523,-0.08259289
-61.9143753051758,-74.718864440918,-0.08312806
-61.9080429077148,-74.6530914306641,-0.08402431
-61.9018859863281,-74.5870590209961,-0.0831105
-61.8959007263184,-74.5207672119141,-0.08234703
-61.890079498291,-74.4542083740234,-0.08153821
-61.75,-64.546760559082,-0.24618864
-61.75,-64.4391021728516,-0.24408458
-61.75,-39.0656394958496,-0.0935331
-61.75,9.94961357116699,-0.2156846
-61.75,10.1957597732544,-0.23496931
-61.75,11.9132204055786,-0.05339146
-61.75,12.4020042419434,-0.00963656
-61.75,15.7960119247437,0.01707872
-61.75,16.5163860321045,0.03210573
-61.75,16.7559223175049,0.07010163
-61.75,17.2340850830078,0.10798949
-61.75,17.4727058410645,0.12684318
-61.75,17.9490070343018,0.13118665
-62.1814880371094,44.8472442626953,0.02006026
-62.2654418945312,45.8420753479004,0.07230295
-62.2958106994629,46.1692810058594,0.06137933
-62.3274269104004,46.494312286377,0.05876781
-62.6285209655762,49.0182113647461,-0.00591451
-62.74169921875,49.7799263000488,-0.00484084
-62.8143424987793,50.2309837341309,-0.01818122
-65.6968765258789,59.3716354370117,-0.14333549
-67.3982849121094,62.0444717407227,-0.1067779
-68.5834274291992,63.4687080383301,-0.07123859
-68.6820983886719,63.5756721496582,-0.07698113
-68.7818908691406,63.6822662353516,-0.07136734
-72.9209365844727,67.0758285522461,0.10013552
-73.9752349853516,67.715087890625,0.13984185
-74.6122131347656,68.0703887939453,0.15064376
-74.9403686523438,68.2452239990234,0.14638805
-75.1068954467773,68.3319320678711,0.1010043
-75.2750625610352,68.4181518554688,0.06626773
-75.4448776245117,68.5038833618164,0.05746335
-75.9643173217773,68.7581176757812,0.05529283
-76.6804656982422,69.0900421142578,0.05681592
-76.8637542724609,69.1717376708984,0.04292491
-77.4239044189453,69.4136428833008,0.03702795
-77.8059616088867,69.5722351074219,0.05021993
-78.1949462890625,69.7286376953125,0.032324
-78.5908889770508,69.8828125,0.04978446
-85.8538436889648,72.0147094726562,-0.13419388
-86.3619537353516,72.1250381469727,-0.14205736
-89.7903671264648,72.7699584960938,-0.12020123
-91.4337310791016,73.024169921875,-0.1354238
-95.9246826171875,73.5647735595703,-0.11598592
-96.7735900878906,73.6439666748047,-0.12094342
-98.4669876098633,73.7817611694336,-0.11519865
-98.7480621337891,73.8020935058594,-0.10870795
-99.028678894043,73.8216857910156,-0.10565461
-99.3087844848633,73.8405456542969,-0.10366285
-99.5883255004883,73.8586730957031,-0.10619415
-100.423095703125,73.9087066650391,-0.10771238
-61.6688804626465,-74.7861175537109,-0.08914826
-61.6328506469727,-74.3888931274414,-0.08488697
-61.6274261474609,-74.32177734375,-0.08450568
-61.6221580505371,-74.25439453125,-0.0836898
-61.5009689331055,-69.4049606323242,-0.08642079
-61.5008277893066,-69.3173446655273,-0.08855077
-61.5,-64.3310241699219,-0.25072212
-61.5,-62.7726020812988,-0.29609214
-61.5,-39.0656394958496,-0.09908423
-61.5,9.94961357116699,-0.22319026
-61.5,10.4417161941528,-0.2021173
-61.5,10.687479019165,-0.14767131
-61.5,12.1577243804932,-0.01159592
-61.5,13.1334543228149,-0.04446511
-61.5,15.5553112030029,0.00120755
-61.5,16.0364284515381,-0.00490769
-61.5,16.5163860321045,0.03498842
-61.5,16.9951572418213,0.09448435
-61.5,17.7110137939453,0.1304685
-61.9442520141602,45.0244827270508,0.02318612
-62.0148811340332,45.853084564209,0.074251
-62.0608673095703,46.3436737060547,0.0596863
-62.1614112854004,47.3103141784668,0.02968121
-62.3777236938477,49.0334129333496,-0.00483692
-62.4674415588379,49.6446800231934,0.00022122
-62.5634536743164,50.2479934692383,-0.02095598
-65.4464340209961,59.4062042236328,-0.12328868
-65.5110778808594,59.5268058776855,-0.14340532
-65.5765151977539,59.6470260620117,-0.14953954
-65.6427612304688,59.7668762207031,-0.14454113
-67.0653457641602,61.9732284545898,-0.11275732
-68.0464401245117,63.1897430419922,-0.08531024
-68.1419448852539,63.2981185913086,-0.07739424
-68.2385482788086,63.4061279296875,-0.07489011
-68.3362655639648,63.5137672424316,-0.07454181
-68.4350891113281,63.6210327148438,-0.07382445
-68.5350494384766,63.7279243469238,-0.07268491
-72.683479309082,67.1320266723633,0.10170385
-73.585205078125,67.6832122802734,0.12011607
-74.3800354003906,68.1300811767578,0.1536593
-74.7093048095703,68.3055572509766,0.17234076
-75.3876876831055,68.6507263183594,0.04630445
-75.7369384765625,68.8203582763672,0.05968103
-76.2735366821289,69.0710296630859,0.05516728
-76.6398468017578,69.2355651855469,0.05475098
-77.2022705078125,69.4784240722656,0.05017676
-77.780387878418,69.716438293457,0.04538524
-78.5757598876953,70.0260391235352,0.03690881
-85.6763916015625,72.0909194946289,-0.1335409
-86.1877288818359,72.2017974853516,-0.13910711
-89.6394424438477,72.8500137329102,-0.12397029
-91.2948837280273,73.1055908203125,-0.14048175
-95.8215789794922,73.6492309570312,-0.11431741
-96.962890625,73.7538909912109,-0.12355076
-98.1017913818359,73.8462905883789,-0.11756775
-98.3857650756836,73.8675003051758,-0.10832225
-99.5171051025391,73.9448776245117,-0.105881
-99.7985610961914,73.9623870849609,-0.10900797
-100.079360961914,73.9791641235352,-0.10749919
-61.4369926452637,-74.9831085205078,-0.07498825
-61.430103302002,-74.9182662963867,-0.07594326
-61.423397064209,-74.8531723022461,-0.07996967
-61.3707008361816,-74.2557983398438,-0.08515294
-61.252498626709,-70.0083312988281,-0.0746096
-61.2522087097168,-69.923210144043,-0.0741852
-61.2519454956055,-69.8377304077148,-0.09101146
-61.2517051696777,-69.7518997192383,-0.07517402
-61.2514877319336,-69.6657180786133,-0.0741129
-61.251293182373,-69.5791702270508,-0.07706424
-61.2511138916016,-69.4922714233398,-0.07751663
-61.2506942749023,-69.2294082641602,-0.08430507
-61.2505836486816,-69.1410598754883,-0.08481738
-61.2504844665527,-69.0523529052734,-0.08681196
-61.25,-64.3310241699219,-0.25098368
-61.25,-62.8867607116699,-0.29594917
-61.25,-62.6580009460449,-0.29406396
-61.25,-39.0656394958496,-0.1027936
-61.25,9.70328140258789,-0.18209405
-61.25,9.94961357116699,-0.16889595
-61.25,10.9330415725708,-0.1497524
-61.25,12.8898735046387,-0.03455354
-61.25,13.3767938613892,-0.05437378
-61.25,13.8627319335938,-0.03562992
-61.25,14.5897264480591,-0.01654619
-61.25,14.8315315246582,-0.0095653
-61.25,15.3143272399902,0.02005915
-61.25,15.7960119247437,-0.02217768
-61.25,16.276554107666,0.03512042
-61.6937065124512,45.0345077514648,0.0178759
-61.7495651245117,45.6992530822754,0.06902146
-61.8931159973145,47.1631355285645,0.02557924
-61.9285736083984,47.4825706481934,0.02171814
-62.1268348693848,49.0485801696777,-0.00023903
-62.1935005187988,49.5084495544434,0.01094944
-62.3124580383301,50.264965057373,-0.01649979
-65.4591369628906,59.9219665527344,-0.13560381
-66.7326431274414,61.9009475708008,-0.11913504
-67.6101608276367,63.0153541564941,-0.10483891
-67.7036361694336,63.1247711181641,-0.10572873
-67.9905776977539,63.4508094787598,-0.08008904
-72.4450073242188,67.1881790161133,0.10241452
-73.3493804931641,67.7412719726562,0.12146654
-73.8229370117188,68.0117416381836,0.14500132
-73.984016418457,68.1009750366211,0.17884279
-74.644775390625,68.4531936645508,0.19980386
-75.157844543457,68.7123031616211,0.0456125
-75.5083541870117,68.8825759887695,0.05723606
-75.8657073974609,69.0508346557617,0.04592186
-76.6011734008789,69.3811798095703,0.05445003
-76.7893981933594,69.4624557495117,0.04023635
-76.979377746582,69.5431976318359,0.04320058
-77.1711120605469,69.6233978271484,0.0453155
-77.7569351196289,69.8607177734375,0.03454746
-78.562873840332,70.1693267822266,0.05637357
-78.7688140869141,70.2450485229492,0.05921565
-78.9765319824219,70.320182800293,0.05734629
-79.18603515625,70.3947372436523,0.10053067
-85.7540817260742,72.2232894897461,-0.13104182
-86.2715530395508,72.3332595825195,-0.1368522
-89.487190246582,72.9301910400391,-0.12641835
-91.1547698974609,73.1871490478516,-0.14186044
-95.7174682617188,73.7338714599609,-0.11505955
-97.156005859375,73.8635406494141,-0.12253071
-97.4433441162109,73.8871536254883,-0.12226362
-97.7304534912109,73.9100112915039,-0.11928499
-98.0172653198242,73.9321060180664,-0.11086111
-98.8754425048828,73.9938583374023,-0.1078939
-99.1605834960938,74.0129470825195,-0.10712706
-61.1847229003906,-74.9849090576172,-0.09643261
-61.1142463684082,-74.1894683837891,-0.08317852
-61.1094055175781,-74.1214752197266,-0.08338962
-61.1047172546387,-74.05322265625,-0.09983315
-61.100170135498,-73.9846954345703,-0.08344424
-61.0721893310547,-73.4972839355469,-0.08471564
-61.0687103271484,-73.4265289306641,-0.08202448
-61.0653533935547,-73.3554916381836,-0.08060029
-61.0621147155762,-73.2841644287109,-0.08042214
-61.0031204223633,-70.1776504516602,-0.07349278
-61.0027809143066,-70.0932159423828,-0.06708913
-61.0003967285156,-68.9633102416992,-0.08740684
-61.0003242492676,-68.8738632202148,-0.09285488
-61,-64.2225189208984,-0.24715519
-61,-64.1135864257812,-0.25016113
-61,-63.7842102050781,-0.26605864
-61,-63.6735572814941,-0.26832679
-61,-63.0004806518555,-0.30544448
-61,-62.7726020812988,-0.29395261
-61,-62.5429534912109,-0.28103805
-61,-52.1005058288574,-0.24859132
-61,-51.9466743469238,-0.2041083
-61,-39.0656394958496,-0.10940795
-61,9.70328140258789,-0.17696114
-61,9.94961357116699,-0.16580832
-61,10.9330415725708,-0.15102106
-61,11.1784019470215,-0.11037504
-61,13.1334543228149,-0.09359039
-61,13.6198883056641,-0.05277399
-61,14.1053228378296,-0.06283772
-61,14.3476552963257,-0.02323673
-61,15.0730667114258,-0.01634477
-61,15.5553112030029,-0.02175006
-61.4431114196777,45.044506072998,0.01394681
-61.4989128112793,45.710018157959,0.06963356
-61.5136032104492,45.8750305175781,0.07095665
-61.5285987854004,46.0394973754883,0.06852074
-61.5438957214355,46.2034225463867,0.0670818
-61.6598777770996,47.3358917236328,0.00862405
-61.8758583068848,49.0637092590332,0.00507451
-61.9424781799316,49.5242500305176,0.00105563
-62.0367736816406,50.13134765625,-0.00576777
-65.2080307006836,59.9575080871582,-0.13487036
-66.4001922607422,61.82763671875,-0.12626772
-67.1770553588867,62.8382148742676,-0.11183652
-67.2685089111328,62.9486694335938,-0.10915426
-67.6450576782227,63.3867950439453,-0.05467214
-67.7419357299805,63.4954071044922,-0.09085407
-72.3527679443359,67.3378677368164,0.10495773
-72.5015640258789,67.431037902832,0.1106234
-72.6519241333008,67.5237655639648,0.11679756
-72.8038558959961,67.6160507202148,0.12371786
-73.2691879272461,67.8902130126953,0.11477101
-73.4275207519531,67.9806900024414,0.1357758
-73.9123001098633,68.2493438720703,0.17605787
-74.0771942138672,68.3379592895508,0.17662368
-74.2437515258789,68.4261016845703,0.17980181
-74.411979675293,68.5137634277344,0.19564353
-74.9268112182617,68.7738418579102,0.03947961
-75.1018295288086,68.8595504760742,0.05052637
-75.6372299194336,69.1136627197266,0.04694229
-75.8191680908203,69.1973419189453,0.05839183
-76.0028533935547,69.280517578125,0.0610651
-76.1882934570312,69.363166809082,0.06166565
-77.1420059204102,69.7684478759766,0.04179364
-77.3380889892578,69.8478775024414,0.04184583
-77.7356262207031,70.0050735473633,0.03514064
-78.3454055786133,70.2366333007812,0.069479
-78.5522689819336,70.3126678466797,0.07368937
-78.7609252929688,70.3881225585938,0.08589577
-78.9713897705078,70.4629898071289,0.09724164
-85.3172302246094,72.2435913085938,-0.12939799
-86.0961380004883,72.4104614257812,-0.13605532
-89.3335876464844,73.0104904174805,-0.12888129
-91.0133743286133,73.2688446044922,-0.14227605
-95.6123428344727,73.8186874389648,-0.12135644
-97.6425552368164,73.9958801269531,-0.11395273
-98.5094909667969,74.0602798461914,-0.11009951
-60.932445526123,-74.9866943359375,-0.07915627
-60.8445816040039,-73.9170913696289,-0.09069837
-60.8403701782227,-73.8479843139648,-0.09065979
-60.8212966918945,-73.4982833862305,-0.08491281
-60.8113441467285,-73.2850723266602,-0.07947764
-60.7569847106934,-70.8408813476562,-0.0463209
-60.7563629150391,-70.7591857910156,-0.03837013
-60.7557830810547,-70.6771545410156,-0.03357743
-60.7542762756348,-70.4290084838867,-0.07565808
-60.7538452148438,-70.3456115722656,-0.07511166
-60.7534484863281,-70.2618637084961,-0.07141709
-60.7502593994141,-68.7840728759766,-0.09299662
-60.7500114440918,-67.8655166625977,-0.10158743
-60.7500038146973,-67.771598815918,-0.10239287
-60.7500038146973,-67.6772994995117,-0.10328796
-60.75,-67.5826187133789,-0.10451266
-60.75,-67.487548828125,-0.10582327
-60.75,-67.3921051025391,-0.10639921
-60.75,-67.296272277832,-0.10625445
-60.75,-67.2000579833984,-0.10740142
-60.75,-67.1034622192383,-0.1033435
-60.75,-66.6126937866211,-0.10918295
-60.75,-66.5132598876953,-0.10564419
-60.75,-66.4134292602539,-0.10688466
-60.75,-66.3131942749023,-0.1129547
-60.75,-66.2125549316406,-0.1162143
-60.75,-64.0042266845703,-0.24694375
-60.75,-63.8944358825684,-0.25421538
-60.75,-63.5624694824219,-0.27617419
-60.75,-63.1137542724609,-0.30089104
-60.75,-62.8867607116699,-0.30330256
-60.75,-62.6580009460449,-0.28766715
-60.75,-62.4274597167969,-0.27986298
-60.75,-52.2538108825684,-0.24872456
-60.75,-51.792308807373,-0.18819694
-60.75,-39.0656394958496,-0.12086199
-60.75,8.71618556976318,-0.10681653
-60.75,8.96321582794189,-0.07963877
-60.75,9.21007823944092,-0.16461182
-60.75,9.45676803588867,-0.18404936
-60.75,10.1957597732544,-0.16879571
-60.75,10.4417161941528,-0.19528027
-60.75,10.687479019165,-0.18119667
-60.75,10.9330415725708,-0.16853843
-60.75,11.4235544204712,-0.05285924
-60.75,13.8627319335938,-0.05088051
-60.75,14.5897264480591,-0.0268824
-60.75,14.8315315246582,-0.01978218
-61.2059745788574,45.2218742370605,0.0101604
-61.2197608947754,45.3887176513672,0.01087732
-61.3087387084961,46.3783302307129,0.05546615
-61.646598815918,49.2330360412598,0.02149488
-61.6687812805176,49.3867721557617,0.01433172
-61.7855758666992,50.148006439209,-0.00646412
-65.0244903564453,60.1129150390625,-0.12926088
-65.0933227539062,60.2324905395508,-0.11387234
-66.0680160522461,61.7532844543457,-0.13944614
-66.1494445800781,61.8676986694336,-0.12781389
-66.7471237182617,62.658332824707,-0.12299615
-66.8365707397461,62.7698173522949,-0.12172834
-67.204948425293,63.2120819091797,-0.10787145
-67.2997360229492,63.3217315673828,-0.10304794
-72.7189254760742,67.7655181884766,0.12413517
-72.8744812011719,67.8572235107422,0.1234168
-73.0316543579102,67.948486328125,0.1357267
-73.5129852294922,68.2194976806641,0.16966476
-77.7164840698242,70.1494903564453,0.06362187
-77.9206237792969,70.2269973754883,0.0657303
-85.1354675292969,72.3200378417969,-0.13059107
-85.3952331542969,72.3766708374023,-0.13594792
-85.6565093994141,72.4325790405273,-0.13658802
-86.1835174560547,72.5421676635742,-0.13739895
-86.4491882324219,72.5958557128906,-0.13880754
-89.458122253418,73.1361694335938,-0.12691239
-90.8706665039062,73.3506774902344,-0.14313619
-95.5061721801758,73.903678894043,-0.11524262
-97.5537796020508,74.0819396972656,-0.11761527
-98.1371841430664,74.1259002685547,-0.11272038
-60.7011299133301,-75.1818542480469,-0.07499283
-60.6939582824707,-75.1176300048828,-0.07458963
-60.6869659423828,-75.0531616210938,-0.07726675
-60.5852088928223,-73.7797164916992,-0.09600176
-60.5813140869141,-73.7100219726562,-0.09415295
-60.5775527954102,-73.6400527954102,-0.09193138
-60.5739135742188,-73.5698013305664,-0.0902929
-60.5605735778809,-73.2859725952148,-0.07907993
-60.5097999572754,-71.1645584106445,-0.04791116
-60.5090026855469,-71.0841903686523,-0.04373331
-60.5082550048828,-71.0034942626953,-0.04276108
-60.5075531005859,-70.9224548339844,-0.04318161
-60.5051765441895,-70.5949478149414,-0.05085269
-60.5046806335449,-70.5122222900391,-0.05659082
-60.5002059936523,-68.6939086914062,-0.09141209
-60.5000114440918,-67.8655242919922,-0.09993272
-60.5,-67.006477355957,-0.10049787
-60.5,-66.9086227416992,-0.0989111
-60.5,-66.8103713989258,-0.09736449
-60.5,-66.7117309570312,-0.10076071
-60.5,-66.1115188598633,-0.12517843
-60.5,-66.0100784301758,-0.12407492
-60.5,-65.9082336425781,-0.12445985
-60.5,-64.0042266845703,-0.23850315
-60.5,-63.7842102050781,-0.25287534
-60.5,-63.6735572814941,-0.2669259
-60.5,-63.0004806518555,-0.29721167
-60.5,-62.6580009460449,-0.28654026
-60.5,-62.4274597167969,-0.27180756
-60.5,-52.2538108825684,-0.24675615
-60.5,-51.792308807373,-0.18950145
-60.5,-51.6374168395996,-0.17368894
-60.5,-51.481990814209,-0.17436547
-60.5,-39.0656394958496,-0.13124339
-60.5,8.71618556976318,-0.11686923
-60.5,11.1784019470215,-0.09808439
-60.9690437316895,45.3990440368652,0.00261661
-61.073802947998,46.5530738830566,0.04728302
-61.0900077819824,46.7157859802246,0.05329464
-61.510139465332,50.0131340026855,-0.00336037
-64.9111099243164,60.3879165649414,-0.12333587
-65.6565475463867,61.5624656677246,-0.138424
-65.7361297607422,61.6778984069824,-0.14384336
-65.8981552124023,61.9076728820801,-0.15099243
-65.9806213378906,62.0220108032227,-0.14170635
-66.1484985351562,62.2495918273926,-0.14471333
-66.2339324951172,62.3628349304199,-0.1381604
-66.3203811645508,62.4757118225098,-0.13215708
-66.407844543457,62.5882225036621,-0.12853434
-66.7681198120117,63.034610748291,-0.06413628
-66.86083984375,63.1452941894531,-0.11902543
-72.9522705078125,68.0978240966797,0.1430248
-73.1131820678711,68.1884841918945,0.15538445
-85.7409515380859,72.5651092529297,-0.13860399
-86.5430755615234,72.7269744873047,-0.14064408
-89.3037414550781,73.2169494628906,-0.12893818
-90.7266311645508,73.4326400756836,-0.14409498
-95.3989410400391,73.9888381958008,-0.11719405
-97.7585144042969,74.1906890869141,-0.10963418
-60.4485626220703,-75.1837005615234,-0.07699175
-60.3097953796387,-73.2868576049805,-0.08470657
-60.2768898010254,-72.2561645507812,-0.08209052
-60.2752113342285,-72.1802749633789,-0.06468193
-60.2736129760742,-72.1040725708008,-0.0594218
-60.2720909118652,-72.0275573730469,-0.05532587
-60.270637512207,-71.9507217407227,-0.05703168
-60.2692565917969,-71.8735809326172,-0.05587654
-60.2679443359375,-71.7961196899414,-0.05492215
-60.2667007446289,-71.7183380126953,-0.05409981
-60.2655220031738,-71.6402359008789,-0.05137191
-60.2644004821777,-71.5618133544922,-0.04836547
-60.2633438110352,-71.4830703735352,-0.0458877
-60.2623443603516,-71.4039993286133,-0.05433336
-60.261402130127,-71.3246002197266,-0.04526862
-60.2605094909668,-71.2448806762695,-0.04531299
-60.2502021789551,-68.6939239501953,-0.09490821
-60.2500114440918,-67.8655242919922,-0.09884359
-60.25,-65.8059768676758,-0.13106213
-60.25,-65.7033157348633,-0.13095035
-60.25,-65.6002502441406,-0.12904844
-60.25,-65.4967651367188,-0.12659256
-60.25,-63.8944358825684,-0.24138193
-60.25,-62.7726020812988,-0.29591395
-60.25,-62.4274597167969,-0.26491459
-60.25,-52.1005058288574,-0.23938343
-60.25,-51.3260345458984,-0.13923305
-60.25,-39.0656394958496,-0.13498145
-60.25,8.71618556976318,-0.13333552
-60.7323188781738,45.5760231018066,-0.00701517
-60.8555908203125,46.8900337219238,0.02675092
-61.2587509155273,50.029483795166,-0.0059478
-64.729362487793,60.54345703125,-0.13566165
-65.2481307983398,61.3689270019531,-0.14979211
-65.3258819580078,61.4853820800781,-0.1503731
-65.4841842651367,61.7172012329102,-0.14126998
-65.5647659301758,61.8325614929199,-0.15281655
-65.8123397827148,62.1764526367188,-0.1459639
-66.4252471923828,62.9661026000977,-0.11818949
-85.828727722168,72.6975326538086,-0.13942475
-86.6404037475586,72.8579788208008,-0.1426767
-89.1479568481445,73.2978439331055,-0.12991652
-90.5812454223633,73.5147323608398,-0.1447682
-94.9931793212891,74.0452270507812,-0.12213562
-60.2104988098145,-75.3134002685547,-0.07690573
-60.2031478881836,-75.2495803833008,-0.07728479
-60.0590171813965,-73.2877349853516,-0.08931118
-60.0382041931152,-72.7057266235352,-0.0759938
-60.0360412597656,-72.6316452026367,-0.07808634
-60.0339698791504,-72.557258605957,-0.07492712
-60.0319862365723,-72.4825744628906,-0.06611578
-60.0300903320312,-72.407585144043,-0.05908552
-60.0282745361328,-72.3322906494141,-0.06386772
-60.0001564025879,-68.603385925293,-0.10234947
-60.0000114440918,-67.8655242919922,-0.09880378
-60,-65.4967651367188,-0.13064365
-60,-63.7842102050781,-0.24672389
-60,-62.7726020812988,-0.29317046
-60,-62.4274597167969,-0.24762391
-60,-52.1005058288574,-0.23472178
-60,-51.3260345458984,-0.13026588
-60,-38.8712692260742,-0.14022885
-60,8.71618556976318,-0.1506113
-60.4814872741699,45.5864868164062,-0.01099196
-60.621395111084,47.0641250610352,-0.00500677
-61.0072593688965,50.045783996582,-0.00846951
-63.9353332519531,59.6119499206543,-0.14757835
-64.0001068115234,59.7342338562012,-0.14552802
-64.0656814575195,59.856143951416,-0.14022879
-64.132080078125,59.9776802062988,-0.13407847
-64.1993026733398,60.0988426208496,-0.14195429
-64.2673492431641,60.2196350097656,-0.14199954
-64.3362426757812,60.3400573730469,-0.14025314
-64.4059906005859,60.4601058959961,-0.13580189
-64.9186935424805,61.290153503418,-0.14971384
-65.2317047119141,61.7564086914062,-0.14149563
-66.1733932495117,63.008544921875,-0.12032328
-85.9199066162109,72.8298492431641,-0.14041586
-86.4659957885742,72.9366149902344,-0.14240419
-88.9907379150391,73.3788452148438,-0.13120607
-90.4344863891602,73.5969467163086,-0.1451598
-94.5815353393555,74.1006240844727,-0.12801091
-59.9577140808105,-75.3152694702148,-0.07850965
-59.8053092956543,-73.2168426513672,-0.0882262
-59.802490234375,-73.1447906494141,-0.08634014
-59.7997741699219,-73.0724563598633,-0.08578817
-59.7971649169922,-72.9998321533203,-0.08560489
-59.7946510314941,-72.9269104003906,-0.08546598
-59.7922401428223,-72.8536987304688,-0.08483865
-59.7899208068848,-72.7801895141602,-0.07907002
-59.7501220703125,-68.5124664306641,-0.10366989
-59.7500915527344,-68.4211654663086,-0.10131895
-59.7500686645508,-68.3294982910156,-0.10231462
-59.7500495910645,-68.2374496459961,-0.10222773
-59.7500343322754,-68.1450347900391,-0.10213521
-59.7500228881836,-68.0522384643555,-0.10284247
-59.7500152587891,-67.9590759277344,-0.10192754
-59.75,-65.3928756713867,-0.12777282
-59.75,-65.2885665893555,-0.12356003
-59.75,-63.7842102050781,-0.24633218
-59.75,-62.6580009460449,-0.30089163
-59.75,-62.4274597167969,-0.23762643
-59.75,-52.2538108825684,-0.21776088
-59.75,-52.1005058288574,-0.18475081
-59.75,-51.3260345458984,-0.12962794
-59.75,-38.8712692260742,-0.13658445
-59.75,8.46899127960205,-0.1628185
-59.75,13.1334543228149,-0.12791712
-60.2306022644043,45.596923828125,-0.01666868
-60.3050994873047,46.424129486084,-0.07525281
-60.3209228515625,46.5879707336426,-0.06496221
-60.3535194396973,46.9140663146973,-0.02656595
-60.7556610107422,50.0620384216309,-0.0070748
-63.4925231933594,59.276008605957,-0.16723498
-63.5549125671387,59.3996963500977,-0.16428947
-63.6180877685547,59.523006439209,-0.16115713
-64.6655578613281,61.3281097412109,-0.15648151
-65.0593490600586,61.9114608764648,-0.15408979
-65.740364074707,62.8259162902832,-0.13906064
-65.8301086425781,62.9385871887207,-0.13675477
-85.7404327392578,72.9080047607422,-0.14167791
-86.2900619506836,73.0153274536133,-0.14261779
-88.8320541381836,73.4599609375,-0.13185928
-90.2863159179688,73.6792907714844,-0.14599675
-93.8624038696289,74.123291015625,-0.13668574
-94.1640396118164,74.1550140380859,-0.13724684
-97.4916839599609,74.4509582519531,-0.12087006
-59.7197647094727,-75.4441909790039,-0.0627772
-59.7122497558594,-75.3807678222656,-0.07205962
-59.5,-65.2885665893555,-0.12949783
-59.5,-64.9731597900391,-0.12651888
-59.5,-64.8671951293945,-0.12627941
-59.5,-63.7842102050781,-0.23916127
-59.5,-62.5429534912109,-0.28269754
-59.5,-62.3115158081055,-0.24344372
-59.5,-52.4065895080566,-0.22662255
-59.5,-51.3260345458984,-0.12489691
-59.5,-38.8712692260742,-0.13710587
-59.5,8.46899127960205,-0.17260903
-59.5,12.8898735046387,-0.15693737
-59.5,13.3767938613892,-0.10886954
-59.9939384460449,45.7740325927734,-0.02929081
-60.0385589599609,46.2709312438965,-0.07961835
-60.0859565734863,46.7630462646484,-0.05344445
-60.5039596557617,50.0782470703125,-0.00545031
-63.0563735961914,58.9349212646484,-0.17286315
-63.1164398193359,59.0600166320801,-0.16951994
-63.1772689819336,59.1847343444824,-0.1641926
-64.4888153076172,61.4836540222168,-0.1620925
-64.5666427612305,61.6009750366211,-0.1584995
-64.6454086303711,61.7179374694824,-0.16766393
-64.7251358032227,61.8345336914062,-0.16230209
-65.1383819580078,62.4120674133301,-0.14839476
-65.2240295410156,62.5264854431152,-0.15543337
-65.3106994628906,62.6405410766602,-0.14124153
-65.3983993530273,62.7542343139648,-0.13367239
-85.5594100952148,72.9862289428711,-0.13899443
-86.1125793457031,73.094123840332,-0.14417828
-88.6718902587891,73.5411758422852,-0.13351086
-90.1367263793945,73.7617492675781,-0.14877277
-92.2271423339844,74.0365447998047,-0.18107727
-92.5287628173828,74.0725479125977,-0.17184227
-93.1337432861328,74.14208984375,-0.15611881
-93.43701171875,74.1756362915039,-0.15040914
-97.095947265625,74.515007019043,-0.1240504
-97.7055130004883,74.5603637695312,-0.1203116
-107,74.8909530639648,-0.10873001
-107.269081115723,74.8906784057617,-0.1073071
-59.4667510986328,-75.4460830688477,-0.0655893
-59.25,-65.1838531494141,-0.13040456
-59.25,-65.0787124633789,-0.13277003
-59.25,-64.7608032226562,-0.12770785
-59.25,-63.6735572814941,-0.24009114
-59.25,-62.4274597167969,-0.2721579
-59.25,-62.195125579834,-0.25074992
-59.25,-52.2538108825684,-0.18697136
-59.25,-51.3260345458984,-0.12155558
-59.25,-38.8712692260742,-0.15039973
-59.25,8.22163867950439,-0.17678927
-59.25,13.1334543228149,-0.12940642
-59.7574768066406,45.9509544372559,-0.05626828
-59.7723236083984,46.1167793273926,-0.08140163
-60.2521514892578,50.0944023132324,-0.00404849
-62.3486595153809,57.9503936767578,-0.13086677
-62.4028549194336,58.0788230895996,-0.15935287
-62.4577560424805,58.2068672180176,-0.16946667
-62.513370513916,58.3345222473145,-0.17305893
-62.5697059631348,58.4617958068848,-0.17302607
-62.626766204834,58.5886878967285,-0.1722462
-62.6845626831055,58.7151947021484,-0.17096897
-62.7430992126465,58.8413200378418,-0.16580239
-64.7997360229492,62.3373603820801,-0.151036
-67.8258056640625,65.6306610107422,-0.02186487
-67.94580078125,65.7346572875977,-0.00867913
-85.6543884277344,73.119140625,-0.14328313
-85.9335250854492,73.1729888916016,-0.14465635
-88.5102233886719,73.6224975585938,-0.13422183
-89.9856872558594,73.8443298339844,-0.15349358
-91.4861602783203,74.0458526611328,-0.18458755
-91.7887573242188,74.0837097167969,-0.17587215
-92.7006988525391,74.1923446655273,-0.15969713
-95.4617919921875,74.4740524291992,-0.11961526
-95.7697601318359,74.5012817382812,-0.12016648
-97.3090591430664,74.6253814697266,-0.1252899
-104.204711914062,74.9511184692383,-0.10803152
-104.49146270752,74.9568481445312,-0.10606553
-106.17911529541,74.9780578613281,-0.11055323
-106.454528808594,74.9794845581055,-0.10802723
-106.728172302246,74.9803314208984,-0.10842043
-59.2288780212402,-75.5742263793945,-0.06606532
-59.2212142944336,-75.5112075805664,-0.06528358
-59,-64.6539916992188,-0.12835986
-59,-63.6735572814941,-0.22624507
-59,-63.5624694824219,-0.24461736
-59,-62.4274597167969,-0.27152901
-59,-62.0782852172852,-0.24982236
-59,-52.1005058288574,-0.10591053
-59,-51.3260345458984,-0.13834892
-59,-38.8712692260742,-0.15343652
-59,7.97413206100464,-0.18825783
-60.0002365112305,50.1105079650879,0.00833552
-61.4066543579102,56.1372451782227,-0.01267672
-61.4516334533691,56.2714881896973,-0.02665587
-61.4972229003906,56.4053268432617,-0.04747074
-61.5434341430664,56.538761138916,-0.06714338
-61.5902709960938,56.6717910766602,-0.08625408
-61.6377449035645,56.8044204711914,-0.10019002
-61.7840194702148,57.1999206542969,-0.14291163
-61.8340873718262,57.3309593200684,-0.15245839
-62.0410842895508,57.8511962890625,-0.14362475
-64.5451507568359,62.3773307800293,-0.15812094
-64.7155380249023,62.6077041625977,-0.09446628
-64.8022613525391,62.7223510742188,-0.11614566
-64.8900299072266,62.8366355895996,-0.14080514
-67.5734329223633,65.6797332763672,-0.08618195
-67.6935806274414,65.7840423583984,-0.06430318
-85.4719314575195,73.1977844238281,-0.14274031
-85.7528610229492,73.2519226074219,-0.14436806
-88.053337097168,73.6568756103516,-0.13161278
-89.8331680297852,73.9270248413086,-0.15767494
-90.4351348876953,74.0105667114258,-0.19281976
-90.737548828125,74.0511093139648,-0.17483467
-91.0408554077148,74.0908355712891,-0.16944187
-95.0424728393555,74.532341003418,-0.11820455
-95.9742279052734,74.6145553588867,-0.11630771
-103.885566711426,75.0343627929688,-0.11291794
-104.754287719727,75.0516662597656,-0.10458684
-105.890800476074,75.0658721923828,-0.11048418
-58.9756240844727,-75.5761413574219,-0.066842
-58.75,-64.546760559082,-0.12738918
-58.75,-63.4509468078613,-0.23074271
-58.75,-62.3115158081055,-0.26261357
-58.75,-61.960994720459,-0.24621014
-58.75,-52.1005058288574,-0.11288659
-58.75,-51.169548034668,-0.18757395
-58.75,-38.6763610839844,-0.17238058
-58.75,7.72647523880005,-0.16399558
-59.4172592163086,47.6108322143555,-0.02845381
-59.4352531433105,47.7718276977539,-0.02094092
-59.4535865783691,47.932315826416,-0.01289956
-59.7721290588379,50.2796173095703,-0.00826778
-61.0647659301758,55.8931579589844,-0.04395427
-61.1084861755371,56.0284690856934,-0.04427668
-61.3836784362793,56.831844329834,-0.14656834
-61.5298271179199,57.2281303405762,-0.15453781
-61.630542755127,57.4903411865234,-0.16349592
-61.6819076538086,57.6208610534668,-0.16510143
-61.7339515686035,57.7509880065918,-0.16858792
-64.3746795654297,62.5328521728516,-0.13835487
-64.7237701416016,62.991886138916,-0.15810632
-64.8136749267578,63.1057434082031,-0.15337584
-64.904655456543,63.21923828125,-0.15062528
-66.5156860351562,64.9856872558594,-0.16468212
-66.6266860961914,65.0929641723633,-0.1629915
-66.7389831542969,65.1998596191406,-0.16164647
-66.8525695800781,65.3063812255859,-0.15352066
-66.9674758911133,65.4125289916992,-0.15781579
-67.0837097167969,65.5182952880859,-0.15798828
-67.2012786865234,65.6236877441406,-0.15561998
-67.4404830932617,65.8333206176758,-0.13166417
-80.4959259033203,72.1693115234375,-0.10742077
-80.7463912963867,72.2369003295898,-0.10864897
-85.287841796875,73.276496887207,-0.1434141
-85.5705718994141,73.3309326171875,-0.14509779
-87.8865051269531,73.7381210327148,-0.1278749
-89.9818725585938,74.0522537231445,-0.1851842
-94.3041915893555,74.5595779418945,-0.12864045
-94.6168975830078,74.5896148681641,-0.12932046
-94.9298400878906,74.6188278198242,-0.1206644
-95.2429733276367,74.6472244262695,-0.12108521
-95.5562362670898,74.6748046875,-0.120809
-98.9941787719727,74.9249801635742,-0.11001986
-99.3045043945312,74.942985534668,-0.1037334
-99.6142044067383,74.9602279663086,-0.09254039
-99.9232330322266,74.9766998291016,-0.0843196
-100.231536865234,74.9924163818359,-0.08900307
-103.558944702148,75.1170501708984,-0.11465456
-105.021003723145,75.146125793457,-0.10852935
-105.879508972168,75.1559143066406,-0.11226622
-58.7223587036133,-75.5780181884766,-0.06735041
-58.5,-64.546760559082,-0.12843622
-58.5,-63.4509468078613,-0.21008658
-58.5,-62.3115158081055,-0.2621643
-58.5,-61.960994720459,-0.2596694
-58.5,-51.9466743469238,-0.17705309
-58.5,-51.169548034668,-0.20449135
-58.5,-38.6763610839844,-0.17008428
-58.5,7.47867298126221,-0.215727
-59.1481170654297,47.4617347717285,-0.05658523
-59.2206420898438,48.1055183410645,-0.01230579
-59.5442352294922,50.4486351013184,-0.0074274
-60.7676887512207,55.7827110290527,-0.08310465
-61.1773490905762,56.9919319152832,-0.16483947
-61.2260131835938,57.1242866516113,-0.11841317
-64.6489868164062,63.2610511779785,-0.16185449
-66.04248046875,64.8160705566406,-0.16494854
-66.1510238647461,64.9244003295898,-0.16951384
-67.1865005493164,65.8824920654297,-0.15883871
-80.2827911376953,72.242431640625,-0.10814147
-80.534538269043,72.3103485107422,-0.10978926
-85.1021041870117,73.3552703857422,-0.14279868
-85.3866348266602,73.4099960327148,-0.14349774
-87.4215927124023,73.7710647583008,-0.13851695
-93.8700866699219,74.6147842407227,-0.12862848
-95.7637634277344,74.7887420654297,-0.1219146
-96.0798263549805,74.8148574829102,-0.12184399
-98.2882690429688,74.9750289916992,-0.12142064
-98.6024932861328,74.9947280883789,-0.1149796
-100.475433349609,75.0965881347656,-0.08508748
-103.524383544922,75.2070159912109,-0.11643174
-105.000946044922,75.2363052368164,-0.10885033
-105.580711364746,75.2434997558594,-0.11347168
-58.4842796325684,-75.705436706543,-0.0664321
-58.4765892028809,-75.6427688598633,-0.06819371
-58.25,-64.4391021728516,-0.12553778
-58.25,-63.3389854431152,-0.21251762
-58.25,-62.195125579834,-0.25192981
-58.25,-61.8432502746582,-0.24439718
-58.25,-51.9466743469238,-0.19206616
-58.25,-51.3260345458984,-0.20728895
-58.25,-38.6763610839844,-0.17056271
-58.25,-34.4618797302246,-0.04784235
-58.25,-34.255500793457,-0.03883752
-58.25,6.98265075683594,-0.13658501
-58.25,7.2307300567627,-0.13020898
-58.8965644836426,47.4741020202637,-0.06586015
-58.9878921508789,48.2785797119141,-0.01184498
-59.3165550231934,50.617561340332,-0.01086782
-60.5134925842285,55.8079071044922,-0.11455705
-64.4847793579102,63.4164733886719,-0.15041948
-65.0609436035156,64.0912780761719,-0.03122497
-65.1610107421875,64.2024765014648,-0.04599985
-65.7866897583008,64.8620071411133,-0.17151541
-67.0535583496094,66.0364151000977,-0.16334119
-67.1768798828125,66.1408996582031,-0.16249316
-67.3016204833984,66.245002746582,-0.15399804
-80.067985534668,72.3155517578125,-0.11045757
-80.5760192871094,72.4513549804688,-0.12911524
-84.629997253418,73.378303527832,-0.14361214
-85.2010116577148,73.489128112793,-0.14177207
-87.2494888305664,73.8522109985352,-0.13439495
-93.4298477172852,74.6689147949219,-0.13259273
-96.2944030761719,74.9278335571289,-0.11702545
-96.6131286621094,74.9524841308594,-0.12354989
-97.8861923217773,75.0429840087891,-0.12754525
-100.723571777344,75.2004013061523,-0.08385668
-103.790596008301,75.3044281005859,-0.12187663
-104.685432434082,75.3221054077148,-0.11179309
-105.566261291504,75.3339385986328,-0.11677552
-58.2307586669922,-75.7073364257812,-0.07533392
-58,-64.4391021728516,-0.12456956
-58,-63.3389854431152,-0.2102338
-58,-62.195125579834,-0.2520956
-58,-61.8432502746582,-0.24211446
-58,-51.792308807373,-0.20089499
-58,-51.3260345458984,-0.22584157
-58,-38.4809226989746,-0.1885141
-58,-34.6677513122559,-0.05163763
-58,-34.255500793457,-0.0302828
-58,6.98265075683594,-0.09873271
-58.6449432373047,47.4864273071289,-0.06363197
-58.7553405761719,48.4515037536621,-0.00867621
-58.774959564209,48.6105880737305,0.00015919
-58.7949333190918,48.7691764831543,-0.001
-59.0640754699707,50.634105682373,-0.01086434
-60.0930633544922,55.2829704284668,-0.06749326
-60.1336936950684,55.4210968017578,-0.09025255
-60.1749000549316,55.5588150024414,-0.12196427
-60.216682434082,55.696117401123,-0.1561308
-64.3210372924805,63.5720138549805,-0.1177179
-64.4153671264648,63.6853218078613,-0.10084009
-64.5108184814453,63.7982711791992,-0.08994732
-64.607421875,63.9108581542969,-0.0805747
-64.7051696777344,64.0230865478516,-0.07418169
-65.0054550170898,64.3575897216797,-0.09735143
-65.1079406738281,64.4683685302734,-0.13365945
-65.2116317749023,64.5787811279297,-0.14333641
-65.3165512084961,64.6888275146484,-0.15897802
-65.4227142333984,64.7985076904297,-0.1638339
-67.1725234985352,66.39892578125,-0.15698988
-79.8515014648438,72.3886642456055,-0.10968536
-80.3620910644531,72.5251312255859,-0.1303909
-84.4390869140625,73.4568786621094,-0.14469688
-85.0136871337891,73.5683135986328,-0.13840103
-86.7765579223633,73.8836822509766,-0.13554774
-91.7118759155273,74.5810012817383,-0.10285567
-93.3028869628906,74.7550735473633,-0.1287087
-96.8347625732422,75.0644836425781,-0.12347268
-97.7977752685547,75.1315994262695,-0.12604767
-100.66145324707,75.2900848388672,-0.07988344
-103.758209228516,75.3948516845703,-0.11679377
-104.661949157715,75.4126586914062,-0.11561176
-105.551643371582,75.4245758056641,-0.11899084
-57.9772262573242,-75.7091979980469,-0.06876463
-57.75,-64.4391021728516,-0.12254275
-57.75,-63.8944358825684,-0.11516106
-57.75,-63.7842102050781,-0.11670284
-57.75,-63.6735572814941,-0.11758895
-57.75,-63.2265892028809,-0.21246598
-57.75,-62.0782852172852,-0.24316135
-57.75,-61.8432502746582,-0.23540073
-57.75,-51.6374168395996,-0.20214299
-57.75,-51.481990814209,-0.19378247
-57.75,-38.2849540710449,-0.2009643
-57.75,-34.8731117248535,-0.06169335
-57.75,-34.4618797302246,-0.0409285
-57.75,6.73443984985352,-0.17481994
-58.393253326416,47.498706817627,-0.06254681
-58.5632019042969,48.9413871765137,0.00318356
-58.8364334106445,50.8031044006348,-0.00636188
-58.8618011474609,50.9551467895508,0.00791244
-59.8386306762695,55.3069839477539,-0.09571461
-66.5413436889648,66.1348037719727,-0.16795558
-66.6648941040039,66.2399215698242,-0.16593492
-66.7898788452148,66.3446655273438,-0.16508145
-66.9162979125977,66.4490127563477,-0.15904572
-79.1283645629883,72.3218994140625,-0.1048891
-79.3798065185547,72.3921813964844,-0.1063315
-80.4060745239258,72.6664428710938,-0.11438437
-84.2464294433594,73.5355072021484,-0.14418306
-84.8246307373047,73.6475524902344,-0.1414799
-86.0011978149414,73.8621826171875,-0.13661412
-86.2993545532227,73.9138412475586,-0.13352074
-89.9862060546875,74.4699249267578,-0.10808253
-90.3012390136719,74.5108642578125,-0.10629998
-90.6172561645508,74.5509567260742,-0.10484763
-90.9342041015625,74.590217590332,-0.10330496
-91.2520294189453,74.6286239624023,-0.08979908
-91.8901290893555,74.7029190063477,-0.10446672
-92.2102813720703,74.7388000488281,-0.10481695
-93.1745452880859,74.8413696289062,-0.12744489
-96.736701965332,75.1528091430664,-0.12149544
-97.7083511352539,75.2203750610352,-0.12922897
-100.598609924316,75.3799667358398,-0.07833241
-102.488792419434,75.4519348144531,-0.08296029
-104.031173706055,75.4921264648438,-0.11417192
-104.335441589355,75.4981002807617,-0.11733825
-105.536849975586,75.5154190063477,-0.11884525
-57.7236785888672,-75.7110290527344,-0.07792915
-57.5,-64.546760559082,-0.11978993
-57.5,-63.8944358825684,-0.1149042
-57.5,-63.6735572814941,-0.11948746
-57.5,-63.2265892028809,-0.18431339
-57.5,-61.960994720459,-0.23369473
-57.5,-38.0884552001953,-0.21479305
-57.5,-37.8914260864258,-0.22718061
-57.5,-34.8731117248535,-0.05902241
-57.5,-34.6677513122559,-0.05321587
-57.5,6.48610210418701,-0.13182891
-58.1414947509766,47.5109367370605,-0.06976986
-58.331657409668,49.1134719848633,-0.0038666
-58.3526420593262,49.2709999084473,0.00232509
-58.3739967346191,49.4280395507812,0.00672151
-58.6347160339355,51.1238098144531,-0.00493084
-59.5440368652344,55.1918678283691,-0.1532761
-66.0408325195312,65.9717788696289,-0.17276355
-66.1616439819336,66.0779876708984,-0.17185049
-78.906005859375,72.3943176269531,-0.10633362
-80.1900024414062,72.7405548095703,-0.13103231
-83.7637710571289,73.5566635131836,-0.1482038
-84.9273223876953,73.7819900512695,-0.14065486
-85.2225494384766,73.8363494873047,-0.13976801
-85.5194396972656,73.8899154663086,-0.14863831
-89.514892578125,74.5119857788086,-0.105392
-92.3961029052734,74.8598251342773,-0.10855073
-93.3699645996094,74.9605102539062,-0.1297184
-96.6375122070312,75.2413024902344,-0.11671791
-97.9441299438477,75.3303756713867,-0.11910243
-100.535026550293,75.4700317382812,-0.07638595
-101.493927001953,75.5096206665039,-0.07533406
-101.811553955078,75.5213165283203,-0.07480056
-102.128082275391,75.5322799682617,-0.09642404
-102.757606506348,75.5520248413086,-0.08347275
-105.22095489502,75.6030731201172,-0.12095207
-57.4850654602051,-75.837760925293,-0.06481065
-57.4775085449219,-75.7754135131836,-0.0678461
-57.25,-64.546760559082,-0.11968148
-57.25,-64.0042266845703,-0.11207759
-57.25,-63.6735572814941,-0.11850771
-57.25,-63.1137542724609,-0.21560185
-57.25,-37.6938667297363,-0.230561
-57.25,-36.0944862365723,-0.20610195
-57.25,-35.8922157287598,-0.17058138
-57.25,-35.6894264221191,-0.15688016
-57.25,-35.0779609680176,-0.07878226
-57.25,-34.6677513122559,-0.04485327
-57.25,6.23764181137085,-0.15609182
-57.8896675109863,47.5231246948242,-0.07829432
-58.1432838439941,49.5994453430176,0.00279421
-58.381721496582,51.1408309936523,-0.00898637
-59.2892227172852,55.2154579162598,-0.15821112
-64.8644332885742,65.1543731689453,-0.17049326
-64.9745101928711,65.2638778686523,-0.18179929
-65.0858840942383,65.3730087280273,-0.18759227
-65.1985778808594,65.4817733764648,-0.17799778
-65.3126068115234,65.5901718139648,-0.19322119
-65.4279708862305,65.6981964111328,-0.1888216
-65.5447006225586,65.8058471679688,-0.18655364
-65.6628036499023,65.9131240844727,-0.18238259
-78.6819000244141,72.4667129516602,-0.10700854
-79.4497375488281,72.6775512695312,-0.12300998
-79.7098999023438,72.7464599609375,-0.12308884
-79.9721527099609,72.8146591186523,-0.1272272
-80.2364883422852,72.8821563720703,-0.12929008
-80.5028991699219,72.9489440917969,-0.11877567
-83.565788269043,73.6350555419922,-0.14716687
-88.0928573608398,74.4183197021484,-0.1071197
-88.4067535400391,74.463981628418,-0.10750059
-89.038330078125,74.5527801513672,-0.10775948
-92.2596206665039,74.9459533691406,-0.10777776
-93.2414703369141,75.0472869873047,-0.12647741
-96.2071228027344,75.3054733276367,-0.10545982
-96.8671188354492,75.3536148071289,-0.12147629
-97.8555908203125,75.4196395874023,-0.11850966
-100.146179199219,75.5454559326172,-0.08676201
-100.794334411621,75.574333190918,-0.07797981
-101.117057800293,75.5876235961914,-0.07779481
-102.714805603027,75.6428604125977,-0.08365678
-105.202758789062,75.6942901611328,-0.12225421
-57.2312507629395,-75.839599609375,-0.06807343
-57,-64.546760559082,-0.1092936
-57,-64.3310241699219,-0.10562329
-57,-64.2225189208984,-0.10722373
-57,-64.1135864257812,-0.11304367
-57,-63.6735572814941,-0.11888758
-57,-63.1137542724609,-0.2113172
-57,-37.4957809448242,-0.22883679
-57,-36.2962379455566,-0.27647343
-57,-35.4861183166504,-0.15752614
-57,-35.282299041748,-0.12141182
-57,-34.6677513122559,-0.03326526
-57,5.98906373977661,-0.23330107
-57.6377716064453,47.5352592468262,-0.08557511
-57.9127464294434,49.7707290649414,-0.00023907
-57.9351387023926,49.9267425537109,-0.01475249
-58.128604888916,51.157787322998,-0.00238446
-58.9949607849121,55.099006652832,-0.15419188
-64.4958953857422,65.0897979736328,-0.18257887
-78.711051940918,72.6103973388672,-0.12553252
-78.9682159423828,72.681022644043,-0.1254437
-80.2859497070312,73.0237197875977,-0.13013736
-80.5558166503906,73.0901260375977,-0.12314243
-83.3659896850586,73.7134780883789,-0.14331269
-87.2947845458984,74.4068756103516,-0.10877469
-87.6081771850586,74.4544906616211,-0.11115086
-88.5565948486328,74.5922927856445,-0.10694144
-88.8753356933594,74.6365432739258,-0.10837467
-92.4509735107422,75.0670547485352,-0.11139145
-93.4426193237305,75.1664810180664,-0.12670888
-96.1026763916016,75.3941192626953,-0.10683046
-96.435676574707,75.4187698364258,-0.11807175
-97.1013031005859,75.465576171875,-0.12363804
-97.4337997436523,75.4877395629883,-0.13296083
-100.077980041504,75.6357803344727,-0.08356291
-100.405578613281,75.6507110595703,-0.08363585
-102.671485900879,75.7338943481445,-0.07740842
-102.990585327148,75.7428207397461,-0.08880827
-103.308364868164,75.7510299682617,-0.09360507
-103.62476348877,75.7585296630859,-0.09832939
-105.184341430664,75.7857055664062,-0.11883488
-56.9774208068848,-75.8414077758789,-0.07026374
-56.75,-64.4391021728516,-0.11744714
-56.75,-63.5624694824219,-0.11887114
-56.75,-63.4509468078613,-0.12491443
-56.75,-63.3389854431152,-0.12909679
-56.75,-63.2265892028809,-0.13810796
-56.75,-37.2971687316895,-0.21837658
-56.75,-37.098030090332,-0.21218811
-56.75,-36.2962379455566,-0.29617857
-56.75,-34.8731117248535,-0.05508456
-56.75,5.98906373977661,-0.2028801
-57.3858032226562,47.5473480224609,-0.09038681
-57.7051086425781,50.0976448059082,-0.01435099
-57.7282218933105,50.2529182434082,-0.01474857
-57.9013404846191,51.3266677856445,-0.00018272
-58.6631469726562,54.8405380249023,-0.11671481
-58.7011871337891,54.981559753418,-0.14868166
-64.1278228759766,65.0241012573242,-0.18091755
-78.4845733642578,72.6830825805664,-0.1301088
-78.7429428100586,72.7540664672852,-0.13032644
-80.3384323120117,73.1652450561523,-0.12348129
-80.6117935180664,73.2312698364258,-0.12818396
-80.8872528076172,73.2965621948242,-0.13563911
-81.164794921875,73.3611221313477,-0.14467232
-82.8727416992188,73.7326812744141,-0.142127
-86.8045654296875,74.4405899047852,-0.11171186
-88.3895416259766,74.6758728027344,-0.10780617
-88.7106170654297,74.7203979492188,-0.10949353
-92.6468276977539,75.187873840332,-0.11053513
-93.3139801025391,75.2537384033203,-0.12164362
-95.9970169067383,75.4829177856445,-0.10692503
-97.0045928955078,75.5548706054688,-0.12174861
-97.3401184082031,75.5771865844727,-0.13181676
-103.90852355957,75.8567886352539,-0.10448055
-105.475898742676,75.8807754516602,-0.12558206
-56.7384414672852,-75.9674072265625,-0.06485827
-56.7309303283691,-75.905403137207,-0.06723296
-56.5,-63.3389854431152,-0.14633423
-56.5,-63.2265892028809,-0.17458028
-56.5,-63.1137542724609,-0.20131363
-56.5,-63.0004806518555,-0.19200802
-56.5,-36.898365020752,-0.22942665
-56.5,-36.6981773376465,-0.26399832
-56.5,-36.4974708557129,-0.27420906
-56.5,-34.8731117248535,-0.06319124
-56.5,5.98906373977661,-0.20529473
-57.1337699890137,47.5593872070312,-0.08859175
-57.4986915588379,50.4234428405762,0.01004794
-57.5225372314453,50.5779876708984,-0.00606728
-57.6479110717773,51.3437004089355,-0.00469259
-58.4079132080078,54.8631172180176,-0.13600865
-63.7602386474609,64.9572906494141,-0.18361328
-77.998908996582,72.6837310791016,-0.13294191
-78.5158386230469,72.8270721435547,-0.11405489
-80.9499053955078,73.4372482299805,-0.14026055
-81.2310256958008,73.5014038085938,-0.14433512
-82.3761444091797,73.7504730224609,-0.13933107
-85.9965744018555,74.4222564697266,-0.11344136
-86.3097305297852,74.4729537963867,-0.11541042
-92.5111541748047,75.2748184204102,-0.10836717
-93.5210189819336,75.3729782104492,-0.10572448
-93.8586196899414,75.4039688110352,-0.1148063
-95.8900985717773,75.5718688964844,-0.10409411
-96.5679626464844,75.6210174560547,-0.11614577
-97.2453155517578,75.6668014526367,-0.12949328
-103.876914978027,75.9484329223633,-0.10076552
-104.196754455566,75.9546356201172,-0.10888905
-105.460189819336,75.9726104736328,-0.12732044
-107,75.9803924560547,-0.12689851
-107.304206848145,75.9800872802734,-0.12675406
-56.4843330383301,-75.9692077636719,-0.06790044
-56.25,-63.5624694824219,-0.14013686
-56.25,-63.4509468078613,-0.14957184
-56.25,-62.8867607116699,-0.19045332
-56.25,-35.0779609680176,-0.10707029
-56.25,5.98906373977661,-0.22998758
-56.881664276123,47.5713691711426,-0.09304014
-57.2935028076172,50.7481498718262,0.00019409
-57.3943557739258,51.3606605529785,0.02288854
-58.1524696350098,54.8856010437012,-0.12058801
-63.3931694030762,64.8893585205078,-0.20373958
-67.9141006469727,68.5920486450195,-0.12483354
-68.0721282958984,68.6906204223633,-0.12082197
-68.2319488525391,68.7887573242188,-0.11841564
-74.3841247558594,71.6743927001953,-0.12331311
-74.6112365722656,71.7556991577148,-0.12650477
-77.7676010131836,72.7560043334961,-0.12333757
-78.026123046875,72.828369140625,-0.12131217
-80.7331085205078,73.5133743286133,-0.14225981
-81.0157470703125,73.5778732299805,-0.1398623
-81.3004989624023,73.6416244506836,-0.14071836
-81.5873565673828,73.7046127319336,-0.1402006
-81.8762817382812,73.7668380737305,-0.15059775
-85.4967422485352,74.4521026611328,-0.11676581
-92.7127914428711,75.3956985473633,-0.10545513
-94.0735855102539,75.5222396850586,-0.11142782
-95.0980529785156,75.6080627441406,-0.11115641
-95.43994140625,75.6349411010742,-0.10988973
-96.123908996582,75.6861419677734,-0.12486971
-97.4907836914062,75.7783737182617,-0.13180859
-104.489501953125,76.0520782470703,-0.11468668
-105.759117126465,76.0674819946289,-0.13059427
-106.072143554688,76.0696868896484,-0.13262171
-106.383331298828,76.0712432861328,-0.13141847
-106.69263458252,76.0721740722656,-0.12822076
-56.2302093505859,-75.9709854125977,-0.07132074
-56,-63.6735572814941,-0.13856536
-56,-63.1137542724609,-0.16340827
-56,-63.0004806518555,-0.16389713
-56,-35.0779609680176,-0.11772477
-56,5.98906373977661,-0.20272709
-56.6294937133789,47.5833015441895,-0.09088906
-57.0646286010742,50.9182090759277,-0.01259348
-57.0895614624023,51.0717811584473,-0.01190789
-57.1406707763672,51.3775482177734,-0.02582832
-57.715934753418,54.1930084228516,-0.12127608
-57.7510604858398,54.3368453979492,-0.14413957
-57.8595771789551,54.7658271789551,-0.13697315
-63.2351875305176,65.0456619262695,-0.18221075
-63.3413581848145,65.1578063964844,-0.1710344
-67.4966049194336,68.5478286743164,-0.1249899
-67.9712677001953,68.8445739746094,-0.11994632
-73.4675827026367,71.4930038452148,-0.11769708
-73.6887588500977,71.5764389038086,-0.11788872
-73.9121627807617,71.659294128418,-0.14065541
-74.3656845092773,71.8232269287109,-0.12640472
-77.2770309448242,72.7548217773438,-0.13114916
-77.5344314575195,72.8282241821289,-0.12953992
-81.084831237793,73.7184295654297,-0.14873304
-84.6804046630859,74.4267425537109,-0.12259635
-84.9925689697266,74.4805450439453,-0.12241807
-92.5767974853516,75.4831161499023,-0.10218769
-94.2932891845703,75.6401977539062,-0.10573749
-94.6377716064453,75.6689987182617,-0.10300655
-97.3967971801758,75.8684616088867,-0.13275234
-102.159561157227,76.089973449707,-0.12873752
-102.492797851562,76.0999145507812,-0.12233466
-104.463638305664,76.1441955566406,-0.11249692
-55.9907875061035,-76.0962448120117,-0.06025655
-55.9833526611328,-76.0345916748047,-0.06498966
-55.75,-63.5624694824219,-0.13713879
-55.75,-63.1137542724609,-0.16038325
-55.75,-34.8731117248535,-0.09978068
-55.75,5.98906373977661,-0.19933664
-56.3772506713867,47.5951805114746,-0.08503288
-56.8611717224121,51.2414855957031,-0.01317195
-56.8868637084961,51.3943557739258,-0.03284889
-57.4605369567871,54.214111328125,-0.12756868
-57.4955673217773,54.3581848144531,-0.14596331
-57.6038055419922,54.7878723144531,-0.130789
-63.185001373291,65.3141555786133,-0.19116734
-63.2937088012695,65.4258880615234,-0.18988663
-63.403736114502,65.5372543334961,-0.19052077
-66.6254577636719,68.1994934082031,-0.12288786
-66.7750015258789,68.3008728027344,-0.12286995
-66.9262847900391,68.4018249511719,-0.12350037
-67.0793228149414,68.5023651123047,-0.12497463
-67.8713684082031,68.9986343383789,-0.1192742
-68.035270690918,69.0965805053711,-0.1213309
-73.2174072265625,71.5589904785156,-0.13773491
-74.1183929443359,71.8906707763672,-0.14206932
-74.817985534668,72.1331634521484,-0.15712312
-76.2791442871094,72.6013107299805,-0.16188034
-76.5307464599609,72.6770858764648,-0.15805215
-76.7846527099609,72.752197265625,-0.15317783
-77.0408630371094,72.8266372680664,-0.15337628
-80.8671951293945,73.7952346801758,-0.14603591
-84.1718063354492,74.4526290893555,-0.12352203
-92.439208984375,75.5706481933594,-0.09903677
-94.1703109741211,75.7288208007812,-0.09689725
-94.8655548095703,75.7859573364258,-0.09683166
-97.3016510009766,75.9587097167969,-0.13305122
-102.110160827637,76.1818695068359,-0.1288881
-102.446708679199,76.1918869018555,-0.12827507
-104.437438964844,76.2365036010742,-0.1154804
-55.7363700866699,-76.0980072021484,-0.065921
-55.5,-63.4509468078613,-0.13644399
-55.5,-63.1137542724609,-0.15844174
-55.5,-61.2476921081543,-0.20964249
-55.5,-61.1272048950195,-0.19900299
-55.5,-34.8731117248535,-0.09300692
-55.5,5.98906373977661,-0.1869992
-56.0599060058594,46.9457092285156,-0.04658283
-56.1249389648438,47.607006072998,-0.09163566
-56.4394760131836,50.1734809875488,-0.16209963
-56.4622573852539,50.3298072814941,-0.16934647
-56.6329307556152,51.4110870361328,-0.01606946
-56.6589622497559,51.5637168884277,-0.09419294
-57.1031951904297,53.7996635437012,-0.12413318
-57.1366081237793,53.945240020752,-0.13956633
-57.1705207824707,54.0903930664062,-0.13336013
-57.2753372192383,54.523307800293,-0.15328149
-57.3113174438477,54.6667747497559,-0.13938756
-63.1390037536621,65.5822906494141,-0.19228977
-65.9225769042969,67.9450378417969,-0.13304776
-66.0671005249023,68.047981262207,-0.12861438
-66.2133178710938,68.1505126953125,-0.12714174
-67.7724380493164,69.1528015136719,-0.12100337
-72.9655380249023,71.6248779296875,-0.13017936
-74.1010284423828,72.0398330688477,-0.14321197
-74.3350219726562,72.1210327148438,-0.14688193
-74.8099365234375,72.2815933227539,-0.15399174
-75.0508804321289,72.3609390258789,-0.1528165
-75.7876892089844,72.5951843261719,-0.15918672
-76.5455169677734,72.8235855102539,-0.15731471
-80.0710067749023,73.7416839599609,-0.14865172
-80.3581695556641,73.8072280883789,-0.14861215
-83.971565246582,74.5331573486328,-0.12357574
-92.2999954223633,75.6583023071289,-0.09713008
-94.0458450317383,75.8175735473633,-0.10161748
-95.0982131958008,75.9025726318359,-0.11215184
-97.5559997558594,76.0705337524414,-0.13203793
-102.400032043457,76.2840347290039,-0.12532994
-102.738677978516,76.2933731079102,-0.12121188
-104.410903930664,76.3290023803711,-0.1144633
-55.4967193603516,-76.2225036621094,-0.06137068
-55.4892501831055,-76.1612319946289,-0.06263518
-55.25,-63.4509468078613,-0.13650098
-55.25,-63.1137542724609,-0.16723103
-55.25,-61.3677177429199,-0.20094406
-55.25,-61.0062599182129,-0.20279071
-55.25,-35.0779609680176,-0.11961497
-55.25,5.98906373977661,-0.16654065
-55.7923355102539,46.7899551391602,-0.09875346
-55.8234825134277,47.122989654541,-0.07403213
-55.8558807373047,47.4540100097656,-0.08439249
-56.18603515625,50.1884384155273,-0.15822529
-56.2318420410156,50.5010452270508,-0.17015958
-56.3788681030273,51.4277420043945,-0.03252461
-56.4048194885254,51.5805854797363,-0.08040031
-56.8477058410645,53.819881439209,-0.11856494
-62.7635116577148,65.5151901245117,-0.19441783
-65.6569442749023,67.9970245361328,-0.13085289
-67.3440246582031,69.1102447509766,-0.12199923
-68.0125503540039,69.5021286010742,-0.10705366
-68.1844940185547,69.5989761352539,-0.10514075
-72.7119522094727,71.6906661987305,-0.13294297
-75.0482406616211,72.509147644043,-0.1550489
-75.2947616577148,72.5876007080078,-0.15556544
-76.0484924316406,72.8190765380859,-0.15615402
-79.2758102416992,73.6836929321289,-0.15267581
-79.5599136352539,73.751091003418,-0.15069723
-82.8322601318359,74.4419784545898,-0.12784558
-83.4549407958984,74.5572891235352,-0.1251603
-92.1591262817383,75.7460708618164,-0.09821768
-94.2734451293945,75.9358749389648,-0.09440066
-94.9814987182617,75.9920654296875,-0.10584143
-97.4617156982422,76.161247253418,-0.13475094
-102.352745056152,76.3763656616211,-0.12791409
-103.035530090332,76.3944320678711,-0.12615996
-104.717247009277,76.4267044067383,-0.12091447
-55.2419891357422,-76.2242584228516,-0.0637357
-55,-63.3389854431152,-0.15035684
-55,-63.2265892028809,-0.16734829
-55,-61.2476921081543,-0.2109254
-55,-61.0062599182129,-0.20956134
-55,-35.0779609680176,-0.12008043
-55,5.98906373977661,-0.13144276
-55.5401763916016,46.8007316589355,-0.09230174
-55.5712127685547,47.1341323852539,-0.06847662
-55.6034927368164,47.4655303955078,-0.05491364
-55.8457870483398,49.5716438293457,-0.11704207
-55.8669013977051,49.7302703857422,-0.15937545
-55.9102478027344,50.0461120605469,-0.1550455
-56.0015563964844,50.6721611022949,-0.17272438
-56.1505508422852,51.5973739624023,-0.09383569
-56.1768417358398,51.7499809265137,-0.16414564
-56.5593223571777,53.6935386657715,-0.11662082
-62.6070022583008,65.6718978881836,-0.19691218
-65.3901748657227,68.0488510131836,-0.12713588
-67.0784072875977,69.1658248901367,-0.12181168
-67.747673034668,69.5591125488281,-0.10746702
-67.9198303222656,69.6563110351562,-0.10579504
-70.3434448242188,70.8766937255859,-0.1106073
-70.5447158813477,70.9670791625977,-0.11089577
-70.7481842041016,71.0569458007812,-0.11174399
-70.953857421875,71.1462783813477,-0.11258341
-71.1617660522461,71.2350769042969,-0.11514308
-72.235107421875,71.6708755493164,-0.12592997
-76.0614929199219,72.9661865234375,-0.15706506
-78.7629928588867,73.6905059814453,-0.15383056
-82.0040740966797,74.4023056030273,-0.13895455
-82.3120574951172,74.4623260498047,-0.1359529
-82.9343719482422,74.5799407958984,-0.13024384
-83.248649597168,74.6375274658203,-0.13124265
-92.370475769043,75.8680419921875,-0.0962339
-92.7250823974609,75.901237487793,-0.09305901
-94.5060348510742,76.053840637207,-0.10512716
-95.2208404541016,76.1086654663086,-0.11535404
-97.3662338256836,76.2521209716797,-0.13610605
-100.910911560059,76.4231872558594,-0.14988213
-101.261054992676,76.435791015625,-0.14351343
-101.610130310059,76.4476013183594,-0.13985481
-101.958084106445,76.4586334228516,-0.13480368
-103.337310791016,76.4950637817383,-0.12580159
-104.69344329834,76.5196151733398,-0.11992617
-54.987247467041,-76.2259826660156,-0.06654102
-54.75,-61.2476921081543,-0.20997122
-54.75,-61.0062599182129,-0.21372074
-54.75,-35.0779609680176,-0.12000787
-54.75,5.98906373977661,-0.14245502
-55.2879600524902,46.811450958252,-0.08104645
-55.3348007202148,47.3113594055176,-0.06294214
-55.3510398864746,47.476993560791,-0.05479591
-55.5924453735352,49.5856399536133,-0.14489074
-55.634895324707,49.9028282165527,-0.16100853
-55.7713966369629,50.8431510925293,-0.15945721
-55.7955284118652,50.9982528686523,-0.15091349
-55.8200645446777,51.1528930664062,-0.15362284
-55.8450088500977,51.3070755004883,-0.13150912
-55.8961486816406,51.6140785217285,-0.11261844
-55.9489822387695,51.9192733764648,-0.1617131
-56.303581237793,53.7133331298828,-0.13104822
-62.3397216796875,65.7164535522461,-0.19917167
-65.1222610473633,68.1005172729492,-0.13253903
-66.6487884521484,69.1214904785156,-0.12819909
-67.3110275268555,69.5179443359375,-0.10913866
-67.6537704467773,69.7135009765625,-0.0579997
-68.5456848144531,70.1943435668945,-0.09781577
-68.7302169799805,70.2890930175781,-0.09779704
-69.6845092773438,70.7555160522461,-0.10944185
-69.8818130493164,70.847297668457,-0.10758991
-71.1120300292969,71.3870544433594,-0.11861808
-71.3249435424805,71.4751434326172,-0.1202966
-71.5401306152344,71.5626754760742,-0.1223791
-71.7576217651367,71.649658203125,-0.12179663
-76.0769882202148,73.1133041381836,-0.15322086
-76.3398513793945,73.1885452270508,-0.15430916
-76.6051483154297,73.2631149291992,-0.14572459
-76.8728637695312,73.3369903564453,-0.15137975
-78.2477416992188,73.6958084106445,-0.14933514
-81.4806442260742,74.4199981689453,-0.13880329
-92.9450225830078,76.0222320556641,-0.09254675
-94.7436828613281,76.1714553833008,-0.09701722
-95.1043930053711,76.1986236572266,-0.09861792
-97.6298370361328,76.3641891479492,-0.13652753
-100.848434448242,76.5155181884766,-0.14516404
-101.202049255371,76.5282211303711,-0.13957557
-103.644096374512,76.5952453613281,-0.12228656
-104.669326782227,76.6127090454102,-0.12218658
-54.7470016479492,-76.3497314453125,-0.05645887
-54.739673614502,-76.2888031005859,-0.06015107
-54.5,-61.1272048950195,-0.2147157
-54.5,-34.8731117248535,-0.12064716
-54.5,5.98906373977661,-0.17940371
-55.0509300231934,46.9894409179688,-0.05769849
-55.066478729248,47.1562576293945,-0.0514031
-55.3184204101562,49.440055847168,-0.13743213
-55.5906600952148,51.3232688903809,-0.14113723
-55.6416206359863,51.6306953430176,-0.13564714
-55.7212333679199,52.0884628295898,-0.15339419
-55.8047714233398,52.5422248840332,-0.1530899
-55.8335075378418,52.6925964355469,-0.15340362
-55.8627014160156,52.842529296875,-0.15212875
-56.0156440734863,53.5856857299805,-0.13766727
-62.1825981140137,65.8733978271484,-0.19407278
-62.2949714660645,65.9856033325195,-0.19490803
-63.7554779052734,67.3035736083984,-0.17784853
-63.8870124816895,67.4109878540039,-0.16778719
-64.020133972168,67.5180130004883,-0.16424402
-64.1548614501953,67.6246566772461,-0.15957456
-64.2912139892578,67.7309112548828,-0.10092965
-64.4292068481445,67.8367767333984,-0.15174672
-64.5688552856445,67.942253112793,-0.14747857
-64.7101821899414,68.0473403930664,-0.14169084
-66.5432357788086,69.2765350341797,-0.11557507
-66.7079696655273,69.376220703125,-0.11164606
-66.8746185302734,69.475471496582,-0.10967295
-67.2137832641602,69.6726303100586,-0.10741152
-68.2793502807617,70.2531661987305,-0.0968776
-68.4641418457031,70.3482818603516,-0.09856251
-69.4200057983398,70.816520690918,-0.10491513
-76.9015426635742,73.4831695556641,-0.15001819
-77.1753005981445,73.556022644043,-0.14953664
-77.4515075683594,73.6281661987305,-0.14968164
-77.7301635742188,73.699592590332,-0.14770564
-81.2609100341797,74.4985046386719,-0.14406841
-87.8355941772461,75.5701370239258,-0.14499204
-88.1829986572266,75.6146240234375,-0.1453606
-88.5318374633789,75.6582107543945,-0.15199123
-88.8820495605469,75.7009048461914,-0.15277509
-92.8080673217773,76.1110382080078,-0.09485913
-93.8954544067383,76.2039184570312,-0.09111667
-94.2588119506836,76.2330856323242,-0.08544657
-94.6225128173828,76.261344909668,-0.08113931
-95.3506088256836,76.3151931762695,-0.10618254
-95.7148590087891,76.3407821655273,-0.1152418
-96.0791549682617,76.3654861450195,-0.11770817
-97.5352630615234,76.4555206298828,-0.13589022
-98.9861145019531,76.5317153930664,-0.13376899
-99.3474502563477,76.5486373901367,-0.12832078
-101.498352050781,76.6328277587891,-0.13102961
-103.955924987793,76.6949844360352,-0.120613
-104.301223754883,76.7008514404297,-0.12192709
-54.4919357299805,-76.351432800293,-0.05876953
-54.25,-61.2476921081543,-0.20467427
-54.25,-34.8731117248535,-0.11153246
-54.25,5.98906373977661,-0.21960587
-54.8140182495117,47.167236328125,-0.04621933
-55.0649681091309,49.4537124633789,-0.13639791
-55.3613662719727,51.4935302734375,-0.16187373
-55.4935913085938,52.2575492858887,-0.15475956
-55.5213356018066,52.4090194702148,-0.15662717
-55.6367988586426,53.0105094909668,-0.14491365
-55.6668090820312,53.1597900390625,-0.14996082
-55.6972846984863,53.3086433410645,-0.15401659
-55.7282333374023,53.4570617675781,-0.15139266
-62.1394271850586,66.1425933837891,-0.18987368
-62.2544784545898,66.25439453125,-0.18281258
-63.4853973388672,67.3522567749023,-0.17116653
-67.1174621582031,69.8274230957031,-0.10637806
-68.0115203857422,70.3118438720703,-0.10065001
-68.1965637207031,70.4073181152344,-0.10032675
-68.7644805908203,70.6908416748047,-0.09836733
-68.9580993652344,70.7843627929688,-0.10362282
-80.7301940917969,74.5143051147461,-0.14512416
-86.2726440429688,75.4672698974609,-0.13427934
-86.6162338256836,75.5156097412109,-0.14196419
-86.9615097045898,75.5630645751953,-0.14493659
-87.3084106445312,75.6096267700195,-0.14395767
-89.065559387207,75.8290328979492,-0.15500184
-89.4211196899414,75.8702087402344,-0.15571538
-93.0344619750977,76.2320556640625,-0.09495231
-93.4001083374023,76.2632369995117,-0.0916435
-96.3373413085938,76.4802932739258,-0.10700638
-97.8062973022461,76.567497253418,-0.12565026
-98.1727600097656,76.5871200561523,-0.13519485
-98.5387649536133,76.6058807373047,-0.12929758
-99.6332626342773,76.6570587158203,-0.12335986
-99.9966812133789,76.6724319458008,-0.12198142
-100.359268188477,76.6869812011719,-0.11767457
-101.081665039062,76.7136001586914,-0.12708662
-54.2513389587402,-76.4744262695312,-0.05119608
-54.244026184082,-76.4138641357422,-0.05383699
-54,-61.3677177429199,-0.1959641
-54,-61.1272048950195,-0.20737105
-54,-34.6677513122559,-0.10888122
-54,5.98906373977661,-0.23235182
-54.5772285461426,47.344841003418,-0.03250454
-54.8114280700684,49.4672927856445,-0.07980461
-61.9841766357422,66.2996826171875,-0.18747549
-62.7041816711426,66.9647445678711,-0.16036439
-62.8293876647949,67.0743026733398,-0.16787831
-62.956127166748,67.1834945678711,-0.17263485
-63.084415435791,67.2923126220703,-0.17192138
-67.0220642089844,69.982307434082,-0.10903038
-67.1989898681641,70.0800170898438,-0.10335716
-67.3779754638672,70.1772689819336,-0.09862977
-67.5590362548828,70.2740478515625,-0.09776674
-68.1148834228516,70.5615615844727,-0.09813218
-68.304443359375,70.6564331054688,-0.10535354
-80.1962127685547,74.528564453125,-0.13710426
-86.0818099975586,75.5512466430664,-0.13925984
-89.6135025024414,75.9974517822266,-0.15557836
-89.9743499755859,76.0370941162109,-0.1573745
-96.229866027832,76.571418762207,-0.11177661
-96.6008605957031,76.5947113037109,-0.11088045
-96.9717178344727,76.6171188354492,-0.10644117
-100.655921936035,76.7935409545898,-0.11181595
-53.9959297180176,-76.4761047363281,-0.05234309
-53.75,-61.2476921081543,-0.20889723
-53.75,-34.4618797302246,-0.10096118
-53.75,5.74037265777588,-0.18113523
-54.2784957885742,46.8537864685059,-0.06422298
-54.2935485839844,47.0216484069824,-0.04726688
-54.3405494689941,47.5222549438477,-0.00291084
-54.5781440734863,49.6408996582031,-0.11595052
-61.5981254577637,66.2323684692383,-0.1963815
-62.4323272705078,67.0117645263672,-0.11734287
-79.9664840698242,74.6062774658203,-0.14817902
-85.5421142578125,75.5853958129883,-0.14075375
-89.8108215332031,76.1244201660156,-0.15945439
-97.2439651489258,76.7304229736328,-0.11011009
-104.215003967285,76.9816436767578,-0.11863995
-53.7549209594727,-76.5983276367188,-0.04969842
-53.7476463317871,-76.5381393432617,-0.0530143
-53.5,-34.255500793457,-0.09506794
-53.5,-34.0486145019531,-0.09059764
-53.5,5.74037265777588,-0.16202719
-54.011287689209,46.6956901550293,-0.0978043
-54.0562591552734,47.1998100280762,-0.03165009
-54.0718536376953,47.3668594360352,-0.0310653
-54.0877571105957,47.5334167480469,-0.02081167
-54.304069519043,49.4942283630371,-0.09080109
-61.4408149719238,66.3897171020508,-0.1923404
-62.1594772338867,67.0586013793945,-0.17372002
-80.0459823608398,74.7485427856445,-0.15467214
-85.3444519042969,75.6691131591797,-0.1452727
-89.2786102294922,76.1716232299805,-0.14469588
-97.1442337036133,76.8223571777344,-0.10700774
-103.825553894043,77.0695419311523,-0.123112
-104.54370880127,77.0809097290039,-0.12072744
-104.900245666504,77.0854797363281,-0.11996028
-53.4991569519043,-76.599983215332,-0.053361
-53.25,-33.8412208557129,-0.08065823
-53.25,5.49157285690308,-0.14114007
-53.7587814331055,46.7058944702148,-0.11090545
-54.0502510070801,49.5075836181641,-0.10431408
-61.2837295532227,66.5471572875977,-0.18296849
-61.6403999328613,66.8831024169922,-0.1752428
-61.7622566223145,66.9943618774414,-0.17313082
-79.8133392333984,74.8265533447266,-0.15461515
-84.7949295043945,75.7014389038086,-0.14746823
-89.1080551147461,76.2588119506836,-0.15933227
-92.8533325195312,76.6219024658203,-0.14739178
-93.2325820922852,76.6530914306641,-0.14105654
-97.0431442260742,76.9144287109375,-0.10978236
-97.4242630004883,76.9355697631836,-0.11990985
-104.155494689941,77.1697311401367,-0.11942946
-105.236343383789,77.1835632324219,-0.11862727
-53.2576713562012,-76.7214431762695,-0.05631819
-53.2504577636719,-76.66162109375,-0.05188117
-53,-33.6333236694336,-0.07208914
-53,5.49157285690308,-0.13972438
-53.4919548034668,46.5466499328613,-0.12460349
-53.7011833190918,48.7103576660156,-0.15974548
-53.7195281982422,48.873405456543,-0.16312237
-53.7963409423828,49.5208625793457,-0.13271236
-61.1268615722656,66.7046737670898,-0.18077675
-61.2455978393555,66.8169784545898,-0.17591254
-79.2635498046875,74.8391723632812,-0.15647022
-84.5902938842773,75.7848663330078,-0.14432451
-89.3079223632812,76.3868560791016,-0.15589159
-89.6818008422852,76.4267044067383,-0.15779403
-90.0569381713867,76.4656219482422,-0.16559882
-90.4332580566406,76.5036010742188,-0.18788838
-92.330192565918,76.6794738769531,-0.15424273
-93.0947418212891,76.7432708740234,-0.14893868
-96.5556488037109,76.9844284057617,-0.11067124
-96.9406509399414,77.0066375732422,-0.11306641
-97.7099609375,77.0483551025391,-0.12220383
-104.125106811523,77.2640380859375,-0.12421815
-105.577903747559,77.2811508178711,-0.1275646
-53.001537322998,-76.7230606079102,-0.05285039
-52.75,-33.4249229431152,-0.06741931
-52.75,5.49157285690308,-0.17324313
-53.2393989562988,46.5565605163574,-0.1379223
-53.3779067993164,48.0648765563965,-0.14376997
-53.394847869873,48.2300300598145,-0.14744407
-53.4476280212402,48.7226066589355,-0.15519674
-53.4844818115234,49.0486068725586,-0.15158347
-53.522705078125,49.3727111816406,-0.16850521
-79.3409881591797,74.9824447631836,-0.15396778
-79.6600189208984,75.0473785400391,-0.15668146
-84.0309753417969,75.8153076171875,-0.14896247
-87.6427536010742,76.304573059082,-0.15217033
-88.0137939453125,76.3484497070312,-0.15249141
-88.3864059448242,76.3913879394531,-0.15261988
-88.7605056762695,76.4334030151367,-0.15146471
-90.2705993652344,76.5920791625977,-0.15380499
-90.6511993408203,76.6294021606445,-0.15828653
-91.0328903198242,76.6657791137695,-0.16204361
-91.4155960083008,76.7012176513672,-0.15932152
-91.7992401123047,76.735710144043,-0.15609969
-93.3417053222656,76.8642883300781,-0.1459394
-94.1165771484375,76.9229431152344,-0.14282938
-94.5046463012695,76.9508666992188,-0.14048052
-96.0592193603516,77.0532989501953,-0.11927
-97.2252578735352,77.1204681396484,-0.12519755
-104.464019775391,77.3639602661133,-0.12089367
-105.92497253418,77.3782424926758,-0.12881777
-52.7595100402832,-76.8437652587891,-0.04044696
-52.752384185791,-76.784309387207,-0.04548898
-52.5,-33.2160186767578,-0.09751487
-52.5,-33.0066146850586,-0.0895997
-52.5,5.24266910552979,-0.17246766
-53.0009117126465,46.736141204834,-0.13065103
-53.0918502807617,47.744197845459,-0.13821183
-53.1080741882324,47.9104995727539,-0.14110901
-53.1414680480957,48.2416534423828,-0.14679713
-53.1939926147461,48.7347831726074,-0.15060494
-53.2495155334473,49.2236328125,-0.16100838
-79.4219207763672,75.1256332397461,-0.15652444
-83.1164627075195,75.7890243530273,-0.15930303
-83.4667053222656,75.8441619873047,-0.15248398
-87.0846862792969,76.3459091186523,-0.15527493
-90.4896240234375,76.7182388305664,-0.14558572
-93.5943145751953,76.9849395751953,-0.13855751
-94.769157409668,77.0693817138672,-0.13421788
-95.1614074707031,77.0956573486328,-0.13142894
-95.553840637207,77.1210021972656,-0.1303355
-104.808624267578,77.4633865356445,-0.12377676
-105.91332244873,77.4730682373047,-0.13124616
-52.5029907226562,-76.845344543457,-0.04545476
-52.25,-32.7967147827148,-0.09900178
-52.25,-32.5863189697266,-0.09728264
-52.25,-32.3754272460938,-0.09436076
-52.25,4.99366569519043,-0.13058349
-52.7625122070312,46.9155120849609,-0.12065618
-52.7771415710449,47.0844268798828,-0.12028145
-52.792064666748,47.2528533935547,-0.12564774
-52.8386459350586,47.7552070617676,-0.13785877
-52.9051094055176,48.4182395935059,-0.15255691
-52.9225311279297,48.5827980041504,-0.15269439
-79.1813583374023,75.2038421630859,-0.16123125
-82.8976135253906,75.8713989257812,-0.15489545
-85.4117965698242,76.2410049438477,-0.15451234
-85.7793960571289,76.290168762207,-0.15478203
-86.1489486694336,76.3384094238281,-0.15703297
-86.5204010009766,76.3857192993164,-0.1577315
-90.3259048461914,76.8071441650391,-0.14089965
-95.0394973754883,77.1875076293945,-0.13290295
-95.8319091796875,77.237663269043,-0.12433176
-104.784873962402,77.5582962036133,-0.12386675
-105.901504516602,77.5680618286133,-0.13064818
-52.2464637756348,-76.8468856811523,-0.04533424
-52,-32.1640396118164,-0.07991677
-52,4.74456834793091,-0.13275567
-52.5541839599609,47.4313812255859,-0.13503632
-52.5696258544922,47.599006652832,-0.13626798
-79.2650756835938,75.3472747802734,-0.16180492
-79.5945358276367,75.4117431640625,-0.1651887
-79.9266586303711,75.4753799438477,-0.16754608
-81.9738388061523,75.8393783569336,-0.16246551
-82.3238296508789,75.8970108032227,-0.15933011
-84.8393173217773,76.2754516601562,-0.15480497
-89.7697525024414,76.8579635620117,-0.16446609
-95.3157653808594,77.3052291870117,-0.13239909
-102.066558837891,77.6030044555664,-0.11479042
-105.138931274414,77.6574172973633,-0.12681209
-106.261787414551,77.6650238037109,-0.13087476
-52.0034370422363,-76.9668273925781,-0.03368942
-51.9966201782227,-76.9077072143555,-0.03744836
-51.75,-31.9521617889404,-0.07136326
-51.75,4.49538087844849,-0.10636898
-80.0229721069336,75.6178436279297,-0.17013663
-80.3622589111328,75.6801834106445,-0.16824536
-80.7041854858398,75.7416763305664,-0.16525722
-81.0487213134766,75.8023071289062,-0.16503894
-81.3958358764648,75.8620758056641,-0.14003027
-84.2612762451172,76.3082885742188,-0.15661888
-89.206169128418,76.9073104858398,-0.16266336
-91.1797943115234,77.0947875976562,-0.15729393
-95.1941757202148,77.3975219726562,-0.13931217
-95.5980682373047,77.4225387573242,-0.13705787
-96.0020599365234,77.4466094970703,-0.13163327
-101.222328186035,77.6758422851562,-0.1302413
-101.618377685547,77.687255859375,-0.11590353
-102.406753540039,77.7075271606445,-0.11354713
-105.49893951416,77.7560195922852,-0.12786766
-106.253677368164,77.760383605957,-0.13089008
-51.746509552002,-76.9683227539062,-0.0384506
-51.5,-31.7397956848145,-0.09239919
-51.5,4.49538087844849,-0.17167356
-83.6778106689453,76.339485168457,-0.15914363
-84.0467300415039,76.392463684082,-0.15963263
-89.0291976928711,76.9958419799805,-0.16279551
-90.6190490722656,77.1489181518555,-0.15479929
-91.4212493896484,77.2196426391602,-0.15631487
-93.8491439819336,77.4085235595703,-0.15262581
-94.2559967041016,77.4366226196289,-0.1426715
-94.6632537841797,77.4637603759766,-0.14225665
-96.2944564819336,77.5627593994141,-0.12877925
-99.5485076904297,77.7158279418945,-0.11995759
-99.9527206420898,77.7308578491211,-0.1146897
-100.356063842773,77.7449951171875,-0.11520664
-100.758460998535,77.7582473754883,-0.11931316
-102.753135681152,77.8115463256836,-0.11527019
-105.864967346191,77.8540802001953,-0.12888482
-51.4961204528809,-77.0287322998047,-0.032509
-51.25,-31.7397956848145,-0.10574891
-51.25,4.24610805511475,-0.1579592
-79.538215637207,75.7770080566406,-0.16811999
-79.8813247680664,75.8401489257812,-0.16301576
-82.722412109375,76.313835144043,-0.15911853
-83.0890579223633,76.3690185546875,-0.15973307
-88.8498458862305,77.0844345092773,-0.17161208
-90.0503082275391,77.2015914916992,-0.16629787
-91.2623672485352,77.3099746704102,-0.16654132
-93.3022155761719,77.471076965332,-0.15118104
-96.593132019043,77.6784744262695,-0.12722233
-99.0589981079102,77.7942199707031,-0.12921256
-100.69075012207,77.8530731201172,-0.12002878
-101.096336364746,77.8655548095703,-0.12429518
-101.50080871582,77.8771667480469,-0.11677901
-102.706665039062,77.9068450927734,-0.11434002
-51.2389831542969,-77.030158996582,-0.0361222
-51,-31.5269393920898,-0.11345433
-51,-31.3135986328125,-0.10377266
-51,3.24825859069824,-0.17710516
-51,3.49782538414001,-0.1883738
-51,3.74732565879822,-0.19348608
-51,3.99675464630127,-0.21350408
-78.9496231079102,75.792106628418,-0.16523187
-79.9846420288086,75.9827270507812,-0.16231345
-81.0445938110352,76.1655502319336,-0.16102848
-82.1286315917969,76.3403930664062,-0.1616129
-88.267578125,77.1317596435547,-0.17222159
-89.4736557006836,77.2527694702148,-0.17186322
-91.5110778808594,77.4348297119141,-0.16095126
-93.1596298217773,77.5627975463867,-0.15464802
-96.0662612915039,77.7491683959961,-0.13504338
-96.8981857299805,77.7937469482422,-0.12276561
-98.9731674194336,77.8886795043945,-0.13201019
-101.031883239746,77.9606475830078,-0.11369473
-101.848243713379,77.9832000732422,-0.11326356
-102.254539489746,77.9931793212891,-0.11318401
-50.9818344116211,-77.0315322875977,-0.03975221
-50.75,-31.3135986328125,-0.09689525
-50.75,2.49920701980591,-0.13663876
-50.75,2.7489447593689,-0.12310355
-50.75,2.99863004684448,-0.12369403
-79.0426788330078,75.9359283447266,-0.15356318
-79.7393569946289,76.0629653930664,-0.16610883
-80.4473495483398,76.1865310668945,-0.16166152
-81.1664047241211,76.3065643310547,-0.16146556
-81.8962707519531,76.4230194091797,-0.16350367
-87.6779403686523,77.1775131225586,-0.17589615
-89.2961120605469,77.3420791625977,-0.17578739
-91.3513107299805,77.5255966186523,-0.16283982
-93.0149612426758,77.6546173095703,-0.15795025
-95.1094970703125,77.7937393188477,-0.14222627
-95.5294723510742,77.8186340332031,-0.13556541
-95.949577331543,77.8425598144531,-0.1335947
-96.3697280883789,77.8655166625977,-0.12815009
-97.2097473144531,77.908561706543,-0.12503367
-97.6294326782227,77.9286499023438,-0.12628473
-98.8860244750977,77.983283996582,-0.13180086
-100.966423034668,78.0558853149414,-0.11793144
-50.7246856689453,-77.0328674316406,-0.04359942
-50.5,-31.0997734069824,-0.09811746
-50.5,-30.8854637145996,-0.1033907
-50.5,2.24942183494568,-0.17198404
-78.7907562255859,76.0152740478516,-0.16681857
-79.4912719726562,76.1431350708008,-0.16807739
-79.8458786010742,76.2057647705078,-0.1680278
-80.9266967773438,76.3883590698242,-0.16497352
-81.2925415039062,76.4474334716797,-0.16638988
-87.4845275878906,77.2655944824219,-0.17673317
-87.8898544311523,77.3085403442383,-0.17602908
-89.5279922485352,77.4704360961914,-0.17619001
-89.9413375854492,77.508430480957,-0.1752017
-91.1892395019531,77.6164398193359,-0.16694257
-93.2899627685547,77.7765655517578,-0.15823908
-93.7124252319336,77.8056106567383,-0.15624253
-94.1354370117188,77.8336639404297,-0.1538163
-94.5589141845703,77.8607330322266,-0.15379805
-95.406852722168,77.9119338989258,-0.13744128
-97.9515762329102,78.0422286987305,-0.13067602
-98.7975158691406,78.0780258178711,-0.13387225
-101.317520141602,78.1632080078125,-0.11997617
-101.733924865723,78.1742477416992,-0.1175854
-102.149055480957,78.1844100952148,-0.11479383
-102.562828063965,78.1936950683594,-0.11565536
-103.795066833496,78.216423034668,-0.11281827
-104.202507019043,78.2223205566406,-0.1120074
-104.608154296875,78.2273941040039,-0.11156869
-50.4675254821777,-77.0341567993164,-0.04711578
-50.25,-30.67067527771,-0.09104706
-50.25,-30.4554080963135,-0.09782453
-50.25,0.499993652105331,-0.14297498
-50.25,0.749978601932526,-0.1193382
-50.25,1.99959397315979,-0.17084819
-78.8866882324219,76.1593322753906,-0.16855431
-79.5969467163086,76.2862854003906,-0.17106438
-88.1074981689453,77.4392700195312,-0.17855748
-90.1842041015625,77.6357650756836,-0.17355851
-90.6038818359375,77.6720657348633,-0.16990027
-94.8540725708008,77.9800186157227,-0.15241377
-97.4248504638672,78.117301940918,-0.13267321
-99.134147644043,78.1895446777344,-0.13393063
-102.930191040039,78.2981338500977,-0.10977864
-103.345489501953,78.3057708740234,-0.10769831
-104.98957824707,78.3279495239258,-0.11321403
-50.2103652954102,-77.0354080200195,-0.04977304
-50,-30.2396640777588,-0.08943533
-50,-30.0234451293945,-0.08911541
-50,-29.806755065918,-0.08954192
-50,0.499993652105331,-0.1502782
-50,0.999949216842651,-0.11174131
-50,1.74972796440125,-0.16865167
-78.9865188598633,76.3032760620117,-0.17440716
-87.915397644043,77.5280838012695,-0.17866142
-88.3310012817383,77.569709777832,-0.17824427
-94.7234039306641,78.0733261108398,-0.15142487
-97.3201446533203,78.2118148803711,-0.13150502
-97.7525939941406,78.2314834594727,-0.13325844
-99.4776763916016,78.3005599975586,-0.13305954
-105.377746582031,78.4279251098633,-0.11573754
-49.953197479248,-77.0366058349609,-0.05123438
-49.75,-29.5895938873291,-0.08280508
-49.75,0.249999210238457,-0.11985232
-49.75,1.24990081787109,-0.08633934
-49.75,1.49982869625092,-0.17293978
-78.7297515869141,76.3832244873047,-0.17518022
-88.5605010986328,77.699836730957,-0.18047206
-94.590705871582,78.1667404174805,-0.15753217
-95.0275268554688,78.192512512207,-0.15313304
-98.0873184204102,78.3451690673828,-0.13278468
-99.39404296875,78.3960113525391,-0.13494401
-105.359298706055,78.5245666503906,-0.11551777
-49.6960258483887,-77.0377655029297,-0.05278548
-49.5,-29.3719635009766,-0.08359411
-49.5,-29.1538677215576,-0.08873867
-49.5,0.249999210238457,-0.08418723
-78.4699859619141,76.4630813598633,-0.17620392
-88.3699417114258,77.7893829345703,-0.18020872
-94.0151748657227,78.2332382202148,-0.16286071
-94.897102355957,78.286247253418,-0.15279203
-98.4291610717773,78.4583587646484,-0.13213256
-99.3090362548828,78.4916076660156,-0.13332724
-103.647895812988,78.6019515991211,-0.12886757
-104.073867797852,78.6080780029297,-0.12103325
-104.498031616211,78.6133422851562,-0.11937588
-104.920280456543,78.6177749633789,-0.11831395
-49.4388542175293,-77.0388793945312,-0.05472606
-49.25,-28.9353065490723,-0.08060594
-49.25,0,-0.0428385
-77.845817565918,76.4772338867188,-0.1790984
-88.1765899658203,77.8789672851562,-0.18222799
-90.7799377441406,78.1071624755859,-0.18043953
-91.218864440918,78.1415939331055,-0.17312873
-91.6589813232422,78.1749954223633,-0.17588352
-92.1001892089844,78.2073745727539,-0.17511746
-92.5423889160156,78.2387237548828,-0.17422819
-94.3190002441406,78.3538589477539,-0.16590182
-94.7645874023438,78.3800964355469,-0.16300329
-98.3333053588867,78.5537796020508,-0.13484263
-99.6662673950195,78.602668762207,-0.13684162
-103.609558105469,78.6987228393555,-0.12276517
-104.04035949707,78.7049102783203,-0.12218593
-49.1816787719727,-77.0399475097656,-0.05579718
-49,-28.7162837982178,-0.07476482
-49,0,-0.03045978
-77.5780029296875,76.5564651489258,-0.17923166
-85.4219665527344,77.7014923095703,-0.18353636
-85.8428955078125,77.7485504150391,-0.18315987
-86.26611328125,77.7945938110352,-0.1816668
-87.5487747192383,77.9266204833984,-0.18213428
-89.2862777709961,78.0882873535156,-0.18489022
-89.7249526977539,78.1261291503906,-0.18477816
-90.1651611328125,78.1629333496094,-0.18373938
-92.8332061767578,78.3619918823242,-0.17294349
-95.0804214477539,78.4994888305664,-0.16070195
-95.5311889648438,78.5239181518555,-0.15720477
-95.9821395874023,78.5473327636719,-0.15767941
-98.6856002807617,78.666748046875,-0.13644605
-99.5832443237305,78.6986694335938,-0.1398339
-104.440162658691,78.8072738647461,-0.12358623
-104.872123718262,78.8117828369141,-0.12239872
-48.924503326416,-77.0409774780273,-0.05633418
-48.75,-28.4968032836914,-0.0628271
-48.75,0,-0.05913569
-77.6721954345703,76.7020874023438,-0.17247022
-78.7874526977539,76.8962554931641,-0.17658813
-79.1657257080078,76.9591751098633,-0.17481856
-85.2019882202148,77.7889633178711,-0.18534931
-85.6262130737305,77.8363952636719,-0.18472772
-86.4816818237305,77.9281997680664,-0.18364519
-86.9127807617188,77.9725723266602,-0.18251076
-88.6576232910156,78.1397323608398,-0.18512979
-93.131103515625,78.4848480224609,-0.17376076
-96.3149185180664,78.6646575927734,-0.15747147
-98.5913772583008,78.7625885009766,-0.13767527
-99.951416015625,78.8094711303711,-0.13651162
-100.403121948242,78.8231582641602,-0.13784892
-100.853813171387,78.8358917236328,-0.13680063
-105.282341003418,78.9127349853516,-0.12240644
-48.6673240661621,-77.0419540405273,-0.05731194
-48.5,-28.2768630981445,-0.04323749
-48.5,-28.056468963623,-0.05188476
-48.5,-27.8356227874756,-0.07899366
-48.5,-27.6143245697021,-0.09072841
-48.5,-27.392578125,-0.10253558
-48.5,-27.1703872680664,-0.10207242
-48.5,-26.94775390625,-0.104433
-48.5,-26.7246780395508,-0.11843781
-48.5,-26.5011653900146,-0.12434741
-48.5,-26.2772159576416,-0.12545316
-48.5,-26.0528354644775,-0.14676979
-48.5,-25.8280220031738,-0.16189733
-48.5,-0.999949216842651,-0.16255205
-48.5,-0.749978601932526,-0.15020523
-48.5,-0.499993652105331,-0.1101545
-48.5,-0.249999210238457,-0.07362737
-77.7703247070312,76.8476104736328,-0.17167934
-78.5212173461914,76.9770431518555,-0.17308994
-78.9016418457031,77.0404052734375,-0.17150673
-85.8363876342773,77.9710159301758,-0.18490426
-86.2687377929688,78.0167846679688,-0.18434576
-86.7033767700195,78.0615158081055,-0.18402589
-87.1402130126953,78.1052169799805,-0.18318043
-87.5791702270508,78.1478805541992,-0.18267123
-88.4631042480469,78.2300872802734,-0.18484656
-92.9783706665039,78.5782318115234,-0.1757117
-93.4362411499023,78.6072769165039,-0.17478034
-93.8948364257812,78.6352767944336,-0.17323095
-96.6552429199219,78.7815017700195,-0.1535168
-97.11572265625,78.8022766113281,-0.15218545
-97.5760116577148,78.8220443725586,-0.14868119
-98.0359954833984,78.8407974243164,-0.1425297
-100.783027648926,78.9325714111328,-0.13488974
-105.262260437012,79.0101623535156,-0.12640881
-48.4101486206055,-77.0428924560547,-0.05835335
-48.25,-25.602783203125,-0.15809267
-48.25,-25.3771171569824,-0.17731244
-48.25,-0.999949216842651,-0.15837104
-48.25,-0.749978601932526,-0.14191816
-77.8724975585938,76.9930191040039,-0.17128682
-79.0201721191406,77.1844177246094,-0.17125522
-87.8187942504883,78.279541015625,-0.18183768
-88.2655944824219,78.3204727172852,-0.18338266
-94.212646484375,78.7564697265625,-0.17422399
-101.170791625977,79.0414047241211,-0.13106283
-101.629371643066,79.0524749755859,-0.12941239
-102.086647033691,79.0625915527344,-0.12663702
-102.542495727539,79.0717697143555,-0.12289852
-105.684814453125,79.1106719970703,-0.12674887
-48.1529731750488,-77.0437850952148,-0.05894664
-48,-25.3771171569824,-0.16434208
-48,-0.499993652105331,-0.12458694
-78.7516174316406,77.2658920288086,-0.17073706
-87.6143264770508,78.3695983886719,-0.18019761
-88.0650253295898,78.4108734130859,-0.17887837
-94.0688934326172,78.8507919311523,-0.17490221
-102.490188598633,79.1691513061523,-0.12568858
-105.669242858887,79.2084426879883,-0.12901837
-47.8957977294922,-77.0446319580078,-0.05948259
-47.75,-25.1510314941406,-0.16652227
-47.75,-24.924524307251,-0.17842526
-47.75,-0.499993652105331,-0.1470269
-78.0893096923828,77.2834854125977,-0.17373529
-87.4066925048828,78.4596633911133,-0.1787018
-87.861328125,78.5013046264648,-0.17663374
-94.3967514038086,78.9718627929688,-0.17581087
-102.901878356934,79.2750930786133,-0.12665796
-103.365173339844,79.2825775146484,-0.12206939
-105.653388977051,79.3063659667969,-0.12989921
-47.6386260986328,-77.0454406738281,-0.05996084
-47.5,-24.924524307251,-0.18884198
-47.5,-0.499993652105331,-0.09845469
-52.2563209533691,64.176872253418,-0.14574859
-52.3329811096191,64.3048629760742,-0.15621055
-53.1592445373535,65.5676193237305,-0.14183584
-53.248161315918,65.6921920776367,-0.14658238
-53.3382873535156,65.8164443969727,-0.14410175
-53.429630279541,65.9403915405273,-0.1369533
-53.522216796875,66.0640258789062,-0.13079862
-53.6160583496094,66.1873474121094,-0.13113312
-53.7111740112305,66.3103637695312,-0.15802654
-53.8075790405273,66.4330596923828,-0.16704791
-77.811637878418,77.3642883300781,-0.17310848
-87.1958084106445,78.5497436523438,-0.17619686
-87.654411315918,78.5917434692383,-0.17577784
-94.2529754638672,79.0666122436523,-0.1762265
-103.788864135742,79.3870391845703,-0.12848381
-104.254013061523,79.3927459716797,-0.13000768
-104.71720123291,79.3975448608398,-0.12949855
-105.178314208984,79.4014358520508,-0.13093155
-47.3814582824707,-77.0462036132812,-0.05990948
-47.25,-24.6975994110107,-0.17499892
-47.25,-0.499993652105331,-0.15919716
-51.6065635681152,63.562801361084,-0.16950022
-51.6777992248535,63.6926078796387,-0.11827864
-51.897388458252,64.0801467895508,-0.14914185
-52.1260833740234,64.4648895263672,-0.15722208
-52.204402923584,64.5925216674805,-0.1546555
-52.2837867736816,64.719841003418,-0.15550509
-52.3642539978027,64.8468475341797,-0.15597868
-52.6972274780273,65.3517913818359,-0.1412514
-52.7833213806152,65.4772567749023,-0.12963502
-53.612865447998,66.5925140380859,-0.16301887
-53.9125900268555,66.9586639404297,-0.1639126
-54.0152320861816,67.0800857543945,-0.09346104
-77.9251098632812,77.5096740722656,-0.16498201
-86.9816055297852,78.6398315429688,-0.17517416
-87.4442138671875,78.6822052001953,-0.17471781
-93.6227416992188,79.1342849731445,-0.17450559
-95.0764389038086,79.2125549316406,-0.17157006
-47.1242942810059,-77.0469207763672,-0.05939751
-47,-24.4702625274658,-0.17699765
-47,-0.749978601932526,-0.14467229
-51.0506057739258,63.0697441101074,-0.17985926
-51.1176605224609,63.2010536193848,-0.1751546
-51.1856307983398,63.3320503234863,-0.1656575
-51.2545356750488,63.4627304077148,-0.15640032
-51.4669647216797,63.8529052734375,-0.14262429
-51.539722442627,63.9823417663574,-0.13422816
-51.6134719848633,64.1114654541016,-0.11181364
-52.158748626709,65.0067138671875,-0.15732843
-52.2409591674805,65.1333770751953,-0.1550364
-52.324291229248,65.2597274780273,-0.14064395
-53.417652130127,66.751953125,-0.16968307
-53.5170593261719,66.8742980957031,-0.12294897
-53.8235054016113,67.2394485473633,-0.15932443
-53.9284591674805,67.3605422973633,-0.16245641
-77.6424331665039,77.5906982421875,-0.16542307
-86.7639846801758,78.7299194335938,-0.16950509
-87.2306442260742,78.7726669311523,-0.17002913
-93.4688415527344,79.2289505004883,-0.17521392
-93.957878112793,79.2563781738281,-0.17387392
-94.4476089477539,79.2827224731445,-0.17018489
-95.4286499023438,79.332160949707,-0.16863891
-46.8671340942383,-77.0475921630859,-0.05918011
-46.75,-24.2425117492676,-0.16613904
-46.75,-0.749978601932526,-0.1844333
-50.4497756958008,62.4363098144531,-0.20334914
-50.5119972229004,62.5694389343262,-0.18268645
-50.703857421875,62.9669303894043,-0.1868818
-53.737117767334,67.5198974609375,-0.17005291
-53.8444442749023,67.6406555175781,-0.1805641
-77.7588577270508,77.7362976074219,-0.16569746
-86.5428771972656,78.8199996948242,-0.16888703
-87.0136184692383,78.8631286621094,-0.16954263
-95.7893676757812,79.4512481689453,-0.16699848
-46.609977722168,-77.048225402832,-0.05937132
-46.5,-24.2425117492676,-0.14872354
-46.5,-0.999949216842651,-0.16491117
-50.1093788146973,62.3302230834961,-0.20291039
-50.2947998046875,62.7303276062012,-0.20672783
-50.3583221435547,62.8630676269531,-0.1884939
-53.6534805297852,67.7999954223633,-0.17977518
-77.8798065185547,77.8817672729492,-0.16526833
-85.8459091186523,78.8654708862305,-0.17257501
-86.7930603027344,78.9535903930664,-0.16484458
-95.6566696166992,79.5473327636719,-0.1637752
-99.1696472167969,79.6819839477539,-0.14542229
-46.3528289794922,-77.0488128662109,-0.05963149
-46.25,-24.0143547058105,-0.13430116
-46.25,-0.999949216842651,-0.16486541
-49.4836959838867,61.5471572875977,-0.18744378
-49.5394134521484,61.6829872131348,-0.1974152
-49.5959091186523,61.8184967041016,-0.200844
-49.6531944274902,61.953685760498,-0.19990078
-49.7112731933594,62.0885543823242,-0.20127139
-49.7701644897461,62.2231101989746,-0.19904978
-53.3527221679688,67.8386001586914,-0.17799385
-55.1599349975586,69.6159973144531,-0.17818444
-68.2057647705078,75.9958877563477,-0.19546059
-68.5167617797852,76.0815124511719,-0.18919264
-68.8316421508789,76.1664199829102,-0.19358967
-69.1504364013672,76.250602722168,-0.19753205
-69.4731521606445,76.3340454101562,-0.20391758
-77.1791610717773,77.8986282348633,-0.16731005
-77.59033203125,77.9633483886719,-0.16634409
-85.1399230957031,78.9090194702148,-0.17253258
-86.0898361206055,79.0001373291016,-0.17373528
-96.0292434692383,79.6662139892578,-0.16196346
-98.56787109375,79.7633666992188,-0.15767343
-99.5806427001953,79.7947006225586,-0.1448069
-100.085899353027,79.8087921142578,-0.1439501
-46.0956840515137,-77.0493545532227,-0.06003053
-46,-60.5178337097168,-0.1867005
-46,-23.7857913970947,-0.110959
-46,-0.999949216842651,-0.18102213
-49.151668548584,61.4362678527832,-0.18844163
-53.1596031188965,67.9979400634766,-0.18762736
-53.2697410583496,68.1186676025391,-0.18806657
-54.459228515625,69.3084716796875,-0.2036398
-54.5875015258789,69.425666809082,-0.19896284
-54.7175712585449,69.5425338745117,-0.18946922
-54.9831962585449,69.7752532958984,-0.16124922
-55.1188049316406,69.8911056518555,-0.11043866
-67.5702133178711,75.9776306152344,-0.1905539
-69.4750747680664,76.4877548217773,-0.20648038
-70.8251571655273,76.812873840332,-0.20420075
-71.1728744506836,76.8921966552734,-0.20590608
-71.5246963500977,76.9707107543945,-0.20664806
-76.4740371704102,77.9134140014648,-0.17134677
-84.8996963500977,78.9982376098633,-0.17266878
-85.8577194213867,79.0901794433594,-0.17443176
-96.4109191894531,79.784553527832,-0.16075452
-98.4650421142578,79.8608932495117,-0.15695025
-100.511344909668,79.9199905395508,-0.14242777
-45.8385467529297,-77.0498504638672,-0.0607332
-45.75,-60.6406364440918,-0.1800958
-45.75,-60.3945617675781,-0.18058435
-45.75,-23.7857913970947,-0.1077169
-45.75,-0.999949216842651,-0.20848953
-48.768138885498,61.187126159668,-0.17295816
-48.8207855224609,61.3243751525879,-0.17832428
-53.076904296875,68.2779998779297,-0.19664626
-54.0234031677246,69.2323837280273,-0.20489117
-54.942756652832,70.0503692626953,-0.14198527
-55.0815849304199,70.1658782958984,-0.15592503
-55.3651428222656,70.3958587646484,-0.17631277
-66.9344635009766,75.9574356079102,-0.14021513
-69.1469192504883,76.5585174560547,-0.20004926
-69.4791259765625,76.6414566040039,-0.20141766
-69.8154296875,76.7236251831055,-0.20072172
-70.1558532714844,76.8050231933594,-0.19768763
-71.5591430664062,77.122673034668,-0.20283468
-72.2859039306641,77.2765884399414,-0.19644196
-72.6556015014648,77.3522796630859,-0.18918461
-75.7646942138672,77.9261016845703,-0.17966574
-84.6555557250977,79.0874252319336,-0.17263319
-85.1371688842773,79.1343688964844,-0.17364054
-96.8019180297852,79.9023208618164,-0.156337
-98.360221862793,79.9585266113281,-0.15970514
-100.430946350098,80.0182647705078,-0.14233627
-45.5814208984375,-77.0503082275391,-0.06155754
-45.5,-60.7629737854004,-0.17942299
-45.5,-60.5178337097168,-0.19280131
-45.5,-24.0143547058105,-0.11805034
-45.5,-1.24990081787109,-0.22872485
-48.3386688232422,60.7971267700195,-0.16202234
-48.4395408630371,61.0736846923828,-0.16719631
-52.8833770751953,68.4373245239258,-0.19921511
-52.9969711303711,68.5577239990234,-0.20207803
-53.5893669128418,69.1550064086914,-0.20480798
-54.9062309265137,70.3251571655273,-0.1627864
-55.1925354003906,70.5551300048828,-0.17748175
-66.5992813110352,76.0244674682617,-0.19418331
-71.2339172363281,77.1967163085938,-0.19950877
-71.5963821411133,77.2745971679688,-0.19867345
-72.7094497680664,77.5031890869141,-0.18435099
-75.4566955566406,78.005729675293,-0.17915019
-84.4074020385742,79.1765670776367,-0.17393399
-84.8930740356445,79.2239303588867,-0.1746805
-96.6767807006836,79.9994735717773,-0.15851865
-98.7782516479492,80.0730133056641,-0.16554347
-100.34895324707,80.1166687011719,-0.14932512
-45.3243026733398,-77.0507202148438,-0.06236225
-45.25,-60.7629737854004,-0.17822856
-45.25,-60.5178337097168,-0.18808886
-45.25,-24.0143547058105,-0.10711956
-45.25,-1.49982869625092,-0.25815219
-48.013427734375,60.6816101074219,-0.14910424
-48.1120834350586,60.9592514038086,-0.16291903
-48.1624641418457,61.097583770752,-0.16512218
-52.8036766052246,68.7170333862305,-0.20096177
-53.2783241271973,69.1954803466797,-0.2073632
-54.5887107849121,70.3689422607422,-0.16473887
-54.7302093505859,70.4844512939453,-0.16847016
-66.2608871459961,76.0912246704102,-0.191222
-70.9049224853516,77.2705154418945,-0.19695084
-71.2685317993164,77.3489151000977,-0.19611822
-71.6364822387695,77.4264755249023,-0.19248199
-72.0087966918945,77.5031890869141,-0.1888695
-75.5561676025391,78.1538009643555,-0.16958019
-84.6448974609375,79.3134613037109,-0.17564651
-85.1378555297852,79.3601379394531,-0.17748929
-96.0174560546875,80.075325012207,-0.16257732
-99.2062149047852,80.1868667602539,-0.16002012
-99.7361831665039,80.2015762329102,-0.15326834
-45.0671920776367,-77.0510864257812,-0.06339339
-45,-60.6406364440918,-0.18941572
-45,-23.7857913970947,-0.11452113
-45,-23.5568256378174,-0.11828285
-45,-1.49982869625092,-0.24811829
-47.7371978759766,60.7046279907227,-0.14571404
-52.4941024780273,68.7559356689453,-0.20183027
-52.9661140441895,69.2356414794922,-0.2068457
-54.1309700012207,70.2962188720703,-0.16452817
-54.2698135375977,70.4123992919922,-0.1594811
-54.4106407165527,70.5282516479492,-0.16101294
-54.5534820556641,70.6437530517578,-0.16506007
-55.6123733520508,71.4424133300781,-0.14497197
-55.7724456787109,71.5550537109375,-0.14112854
-55.9348182678223,71.6673278808594,-0.13330875
-65.6181793212891,76.0675201416016,-0.18983661
-65.9192352294922,76.1576766967773,-0.18677269
-70.211799621582,77.2643356323242,-0.19467677
-70.5720977783203,77.3440780639648,-0.19560374
-71.3059463500977,77.5010681152344,-0.18707166
-75.2418899536133,78.2335739135742,-0.16863661
-84.8897171020508,79.4500503540039,-0.18085219
-85.3901062011719,79.4960327148438,-0.18126636
-85.8935775756836,79.5408782958984,-0.18309643
-95.8811416625977,80.1724319458008,-0.16148557
-44.8100929260254,-77.0514144897461,-0.0646133
-44.75,-60.7629737854004,-0.19152084
-44.75,-23.5568256378174,-0.10276743
-44.75,-1.49982869625092,-0.28132089
-47.4605979919434,60.7274169921875,-0.14852325
-52.0702056884766,68.6735000610352,-0.1459762
-52.6527366638184,69.2754745483398,-0.20416839
-53.6751976013184,70.2221374511719,-0.16586839
-53.8113899230957,70.338996887207,-0.15775974
-54.3760147094727,70.8030700683594,-0.16290674
-55.1287574768066,71.3753280639648,-0.15060433
-55.7709999084473,71.8266220092773,-0.13445907
-64.9758605957031,76.0418548583984,-0.18755722
-69.5172576904297,77.2560501098633,-0.19545491
-70.6011657714844,77.4968185424805,-0.19435654
-71.7255249023438,77.7300796508789,-0.18439618
-72.1093597412109,77.8061141967773,-0.17882712
-72.4977340698242,77.8812713623047,-0.17116831
-74.9233245849609,78.3131561279297,-0.17101151
-85.14208984375,79.5863342285156,-0.18196627
-85.6500549316406,79.6316070556641,-0.18304772
-86.1611099243164,79.6757278442383,-0.1868952
-86.6751480102539,79.7186889648438,-0.18890403
-96.2863845825195,80.2914962768555,-0.15946745
-44.5530014038086,-77.0516967773438,-0.06595568
-44.5,-60.8848495483398,-0.19029319
-44.5,-60.6406364440918,-0.19280277
-44.5,-23.3274612426758,-0.0961906
-44.5,-23.0976982116699,-0.11979319
-44.5,-2.7489447593689,-0.24645766
-44.5,-2.49920701980591,-0.2354109
-44.5,-2.24942183494568,-0.22202305
-44.5,-1.74972796440125,-0.14834499
-47.1836280822754,60.7499694824219,-0.15223309
-51.6481895446777,68.5898208618164,-0.20434119
-52.3381996154785,69.3149719238281,-0.20483781
-53.35498046875,70.2642440795898,-0.16182462
-54.0522079467773,70.8468780517578,-0.16129215
-54.6471939086914,71.3068161010742,-0.15627638
-55.6064910888672,71.9859390258789,-0.12803299
-55.774600982666,72.0978164672852,-0.12645796
-64.6273651123047,76.1066970825195,-0.18679993
-68.8215560913086,77.2456512451172,-0.19615737
-69.5324783325195,77.4096374511719,-0.19672324
-69.8947296142578,77.4904251098633,-0.19706664
-70.2615280151367,77.5703887939453,-0.19108585
-70.6329040527344,77.6495132446289,-0.18987003
-71.0088653564453,77.7277984619141,-0.18811594
-72.5588226318359,78.0322799682617,-0.17334372
-72.957878112793,78.1061782836914,-0.17233231
-75.0225524902344,78.4617691040039,-0.16224748
-86.4367370605469,79.8102264404297,-0.19043135
-86.9585113525391,79.8524398803711,-0.20430066
-96.1509857177734,80.3890228271484,-0.16046469
-44.2959251403809,-77.0519332885742,-0.06736535
-44.25,-60.7629737854004,-0.1906108
-44.25,-23.0976982116699,-0.10110866
-44.25,-2.7489447593689,-0.2462292
-44.25,-1.99959397315979,-0.16969839
-46.9062919616699,60.772289276123,-0.15692558
-51.3367652893066,68.6271362304688,-0.20452206
-51.4470138549805,68.7490692138672,-0.20393676
-52.1426086425781,69.4742279052734,-0.14431906
-52.6406593322754,69.9514465332031,-0.17878081
-52.769702911377,70.069953918457,-0.17043995
-52.9006156921387,70.1881408691406,-0.16582096
-53.0334243774414,70.3060073852539,-0.15777806
-53.5842132568359,70.7741470336914,-0.11090723
-53.8717575073242,71.0062026977539,-0.16051776
-54.0186767578125,71.121711730957,-0.16077008
-54.3189697265625,71.351692199707,-0.1589493
-55.6110801696777,72.2571487426758,-0.1221484
-55.7834014892578,72.3686370849609,-0.12491055
-55.9582443237305,72.479736328125,-0.12460899
-56.1356468200684,72.590446472168,-0.12188041
-64.2756118774414,76.1712188720703,-0.18656483
-68.4743881225586,77.3168411254883,-0.19679483
-68.8283615112305,77.3997573852539,-0.14027505
-73.0286636352539,78.2567367553711,-0.16947471
-74.6971969604492,78.5414810180664,-0.16071724
-86.720703125,79.9443664550781,-0.2021613
-87.2503814697266,79.9858169555664,-0.20227655
-96.0128173828125,80.4866333007812,-0.1604619
-44.0388603210449,-77.052131652832,-0.06877377
-44,-23.0976982116699,-0.09801989
-44,-2.49920701980591,-0.25365723
-46.6285934448242,60.7943687438965,-0.15877063
-51.2449264526367,68.9082794189453,-0.20541351
-51.3576354980469,69.0299072265625,-0.20594976
-51.8250045776367,69.5133743286133,-0.20212819
-52.1935997009277,69.8727188110352,-0.18720432
-52.4483375549316,70.110710144043,-0.16789916
-53.2582702636719,70.8169174194336,-0.15706331
-53.4002380371094,70.9334564208984,-0.15801919
-53.8387260437012,71.2810440063477,-0.1619793
-53.9891929626465,71.3962097167969,-0.15928206
-55.9768295288086,72.7497634887695,-0.1178161
-63.6273612976074,76.1419448852539,-0.18388337
-68.123291015625,77.3877334594727,-0.19731488
-68.4779815673828,77.4711837768555,-0.19783954
-73.1030960083008,78.4072189331055,-0.16385027
-74.7982788085938,78.6903076171875,-0.15179484
-86.4785079956055,80.0362701416016,-0.20263673
-87.5510101318359,80.1188201904297,-0.20247268
-95.8717803955078,80.5843353271484,-0.16251343
-43.7818069458008,-77.0522842407227,-0.0699831
-43.75,-23.0976982116699,-0.08689896
-43.75,-2.24942183494568,-0.17331411
-46.3969573974609,60.9564514160156,-0.16346795
-51.1554679870605,69.189094543457,-0.20546783
-51.6265487670898,69.6725845336914,-0.19987827
-51.7486381530762,69.7926864624023,-0.19577497
-51.998176574707,70.0319519042969,-0.17569819
-52.9309005737305,70.8593292236328,-0.15987917
-53.2153282165527,71.0927658081055,-0.16336128
-53.3606872558594,71.2089767456055,-0.16371443
-53.8097343444824,71.555549621582,-0.15881786
-53.9638557434082,71.6703720092773,-0.15940083
-55.6361045837402,72.7984085083008,-0.11706201
-63.2690773010254,76.2052841186523,-0.18277628
-67.7682266235352,77.4583282470703,-0.19782516
-68.1235885620117,77.5423202514648,-0.19590441
-72.7629165649414,78.48486328125,-0.15808889
-74.9037551879883,78.8390197753906,-0.12014527
-75.3465881347656,78.9069213867188,-0.15187892
-75.7942657470703,78.9738159179688,-0.15151038
-76.2467651367188,79.0396957397461,-0.15217349
-86.7717208862305,80.1704406738281,-0.20268625
-87.3147354125977,80.2115325927734,-0.20211191
-95.7277908325195,80.6821136474609,-0.16543043
-43.5247688293457,-77.0523986816406,-0.07077131
-43.5,-23.0976982116699,-0.07304746
-43.5,-2.24942183494568,-0.26324758
-46.0267868041992,60.6970405578613,-0.15746849
-46.0721054077148,60.8378067016602,-0.16338454
-46.1180839538574,60.9782524108887,-0.1623529
-50.9523010253906,69.3482513427734,-0.20194525
-51.0684280395508,69.4695892333984,-0.20128051
-51.1862525939941,69.5906143188477,-0.19794609
-51.3057975769043,69.7113418579102,-0.19698767
-51.4270935058594,69.8317642211914,-0.19294696
-51.550163269043,69.9518737792969,-0.18624324
-52.3274803161621,70.6659317016602,-0.16555456
-52.4637870788574,70.783821105957,-0.16370999
-52.8848991394043,71.1355056762695,-0.16242254
-53.0294380187988,71.252067565918,-0.16241686
-53.1761169433594,71.3682861328125,-0.16060338
-53.3249702453613,71.4841613769531,-0.15931088
-53.4760246276855,71.5997009277344,-0.15955249
-53.6293258666992,71.7148818969727,-0.16027453
-55.2934646606445,72.8466796875,-0.11876395
-55.6568717956543,73.0684432983398,-0.10703357
-62.9074859619141,76.2682800292969,-0.181574
-72.4181137084961,78.5622634887695,-0.15388701
-75.0137481689453,78.9876174926758,-0.1510273
-75.4638137817383,79.055061340332,-0.15128498
-75.9188079833984,79.1214828491211,-0.15201466
-86.5255737304688,80.2627029418945,-0.20247264
-87.6253509521484,80.3445358276367,-0.20297411
-95.5807418823242,80.7799758911133,-0.16502789
-43.2677421569824,-77.0524673461914,-0.07177827
-43.25,-23.0976982116699,-0.06110101
-43.25,-2.24942183494568,-0.22097296
-45.7042274475098,60.5769081115723,-0.16175735
-51.7338981628418,70.4695281982422,-0.17267633
-51.8654441833496,70.5883941650391,-0.17030147
-52.134407043457,70.8251647949219,-0.16864053
-52.2718849182129,70.9430618286133,-0.16841051
-52.4114036560059,71.0606384277344,-0.16516169
-54.9489059448242,72.8945693969727,-0.12085334
-55.1284370422363,73.0060424804688,-0.1215522
-55.4956359863281,73.2277984619141,-0.10496689
-55.6833839416504,73.3380737304688,-0.10062192
-55.8739547729492,73.4479370117188,-0.09627523
-56.0673942565918,73.5573806762695,-0.10125421
-56.2637405395508,73.6663970947266,-0.1130879
-61.9696044921875,76.1390914916992,-0.18212561
-62.2540016174316,76.2353134155273,-0.17646903
-72.0685958862305,78.639404296875,-0.15140225
-74.2286605834961,78.9990997314453,-0.14235899
-85.7243041992188,80.3117523193359,-0.20121773
-87.945442199707,80.4771270751953,-0.20300096
-88.5083694458008,80.5153961181641,-0.20108055
-89.0740661621094,80.5524291992188,-0.1990478
-89.6423492431641,80.5882263183594,-0.19664564
-90.2130813598633,80.6227798461914,-0.1968726
-96.0158920288086,80.9000930786133,-0.1635631
-43.0107345581055,-77.052490234375,-0.0717447
-43,-23.0976982116699,-0.05794199
-43,-2.24942183494568,-0.1859573
-45.2984046936035,60.1712379455566,-0.16051119
-45.3403205871582,60.3136863708496,-0.16286386
-45.3828506469727,60.455810546875,-0.16129306
-51.4056968688965,70.5095062255859,-0.17562998
-51.5363845825195,70.6287002563477,-0.17441545
-51.669017791748,70.7475814819336,-0.17322751
-56.1098365783691,73.8257217407227,-0.12239625
-56.3113288879395,73.9343032836914,-0.11920831
-56.5158729553223,74.0424423217773,-0.12395053
-56.7235145568848,74.1501388549805,-0.13448102
-61.0461769104004,76.0051040649414,-0.18415605
-61.3220024108887,76.10302734375,-0.1733551
-71.2960815429688,78.6409301757812,-0.14955465
-74.3332061767578,79.1483535766602,-0.14904954
-74.7879409790039,79.2169036865234,-0.14724769
-75.2478485107422,79.2844390869141,-0.14953871
-83.2778091430664,80.2167816162109,-0.19942888
-83.8183059692383,80.265266418457,-0.20031259
-84.36279296875,80.3125534057617,-0.20014004
-84.9111557006836,80.3586196899414,-0.20020274
-86.5782089233398,80.4895095825195,-0.20262617
-87.1407623291016,80.5306777954102,-0.20338103
-87.7065124511719,80.5706100463867,-0.20384689
-88.2753143310547,80.6092910766602,-0.2027018
-90.577751159668,80.7515487670898,-0.19600214
-91.1593322753906,80.7839813232422,-0.19422523
-95.8697052001953,80.9983673095703,-0.17106355
-42.7537384033203,-77.0524749755859,-0.07383618
-42.75,-23.0976982116699,-0.06190283
-42.75,-2.49920701980591,-0.23468799
-44.9803123474121,60.0481567382812,-0.15804701
-56.5755462646484,74.3094177246094,-0.13388286
-56.7887191772461,74.4166412353516,-0.13751741
-57.0051460266113,74.5234146118164,-0.14225902
-57.2248725891113,74.6297149658203,-0.1443568
-57.9043579101562,74.9457626342773,-0.16264558
-58.1377906799316,75.0501327514648,-0.16846198
-58.3747749328613,75.1539993286133,-0.17628694
-58.615364074707,75.2573623657227,-0.13676428
-60.1374931335449,75.8664093017578,-0.18371426
-60.4047698974609,75.9659881591797,-0.18206683
-70.9354019165039,78.7169647216797,-0.14866142
-74.9046401977539,79.3655853271484,-0.14957602
-82.9916610717773,80.306526184082,-0.19996983
-84.6398239135742,80.449821472168,-0.19990161
-85.1971740722656,80.4951477050781,-0.19994453
-85.7582778930664,80.5392379760742,-0.20081133
-88.6152954101562,80.7410278320312,-0.2019436
-89.1959228515625,80.7776184082031,-0.20000951
-90.9532470703125,80.8798217773438,-0.19362965
-94.5209732055664,81.050048828125,-0.16859316
-95.1202392578125,81.0740127563477,-0.17038125
-42.4967613220215,-77.0524139404297,-0.07457435
-42.5,-23.0976982116699,-0.06802279
-42.5,-2.49920701980591,-0.20697188
-44.6633758544922,59.9241333007812,-0.16130729
-57.0834808349609,74.7889251708984,-0.14070854
-57.3091621398926,74.8947219848633,-0.12017777
-58.4906005859375,75.4163360595703,-0.18011138
-59.2437896728516,75.7231140136719,-0.18363942
-59.5025634765625,75.8242950439453,-0.18232738
-70.5698013305664,78.7927093505859,-0.14800819
-74.5561294555664,79.4465026855469,-0.15293171
-82.7001495361328,80.3961715698242,-0.20055521
-83.8046722412109,80.4939117431641,-0.20040773
-89.5554962158203,80.9080429077148,-0.19784229
-91.3399276733398,81.0075759887695,-0.19097254
-94.3531646728516,81.1479110717773,-0.17100582
-42.2397994995117,-77.0523071289062,-0.07528241
-42.25,-23.0976982116699,-0.07089324
-42.25,-2.49920701980591,-0.20777054
-44.3864135742188,59.9431533813477,-0.164489
-58.3652610778809,75.5753173828125,-0.1797643
-58.6155891418457,75.6780548095703,-0.17879256
-69.7821884155273,78.7901458740234,-0.15233749
-73.7351684570312,79.4579315185547,-0.15159972
-81.8527145385742,80.4344940185547,-0.20066507
-82.9580993652344,80.5356979370117,-0.20128762
-83.5175247192383,80.5844650268555,-0.20055465
-89.3270111083984,81.0031356811523,-0.20068981
-89.9260864257812,81.0379867553711,-0.19569811
-91.738166809082,81.1348037719727,-0.19146029
-94.7959594726562,81.270378112793,-0.1750595
-41.9828567504883,-77.0521621704102,-0.07597476
-42,-22.8675422668457,-0.06580219
-42,-2.7489447593689,-0.07988767
-44.0707702636719,59.8177604675293,-0.17974612
-69.4052810668945,78.8646926879883,-0.15390361
-72.9097747802734,79.466911315918,-0.15662748
-80.9949951171875,80.4704360961914,-0.20128233
-82.1004333496094,80.5751266479492,-0.20125859
-90.3080749511719,81.1674270629883,-0.19619311
-92.1483764648438,81.2614822387695,-0.1928918
-94.6282730102539,81.36865234375,-0.17976713
-41.7259330749512,-77.0519790649414,-0.07670121
-41.75,-22.6369972229004,-0.07093806
-41.75,-22.406063079834,-0.07762646
-41.75,-2.7489447593689,-0.15067738
-43.7562866210938,59.6914367675781,-0.18536529
-69.4426879882812,79.0180969238281,-0.15404991
-73.0060958862305,79.6173324584961,-0.15445683
-80.6771469116211,80.5586547851562,-0.20124985
-81.2320327758789,80.6121444702148,-0.20164572
-90.0835494995117,81.2633056640625,-0.19749166
-92.5709533691406,81.3875885009766,-0.19552183
-93.1979751586914,81.4153671264648,-0.19147299
-93.8266372680664,81.4418334960938,-0.18842116
-41.4690246582031,-77.0517501831055,-0.07792393
-41.5,-22.406063079834,-0.07384752
-41.5,-2.7489447593689,-0.15120723
-43.516242980957,59.8542289733887,-0.20201445
-69.0565872192383,79.0925750732422,-0.15242169
-72.1652145385742,79.6245651245117,-0.15258454
-72.6330642700195,79.6966171264648,-0.15410652
-79.7990798950195,80.5914535522461,-0.2017394
-80.3532791137695,80.6467132568359,-0.20159304
-89.8540191650391,81.3591842651367,-0.20158887
-90.4796371459961,81.3926315307617,-0.19910161
-91.1078948974609,81.4247436523438,-0.19782665
-91.7385711669922,81.4555282592773,-0.19811253
-41.2121391296387,-77.0514755249023,-0.07972404
-41.25,-22.1747455596924,-0.08967823
-41.25,-2.7489447593689,-0.14221371
-43.2385406494141,59.8721008300781,-0.20828888
-68.2435760498047,79.0863342285156,-0.15696164
-71.3205718994141,79.6292724609375,-0.15684161
-79.4645919799805,80.6787796020508,-0.20165716
-80.0232238769531,80.7346115112305,-0.20166363
-92.1673431396484,81.582405090332,-0.19366758
-40.9552726745605,-77.0511627197266,-0.08199269
-41,-22.1747455596924,-0.10144222
-41,-21.7109680175781,-0.23085628
-41,-21.478515625,-0.24111288
-41,-2.7489447593689,-0.14780882
-42.9970855712891,60.0346145629883,-0.22722084
-43.0341644287109,60.1791915893555,-0.22768145
-43.0718002319336,60.3234481811523,-0.22966414
-43.109992980957,60.4673919677734,-0.22911253
-67.8457336425781,79.1595001220703,-0.15572195
-70.9319915771484,79.7067337036133,-0.15717312
-79.1237487792969,80.7659301757812,-0.20097463
-79.6868133544922,80.8223342895508,-0.20067476
-91.9584197998047,81.6798477172852,-0.19357843
-40.698429107666,-77.0508117675781,-0.08414845
-40.75,-21.9430446624756,-0.15199161
-40.75,-21.2456912994385,-0.21815871
-40.75,-21.0124988555908,-0.21454303
-40.75,-2.7489447593689,-0.14824083
-42.8297843933105,60.4854698181152,-0.20188206
-67.0251312255859,79.1498107910156,-0.15996266
-70.537483215332,79.7838592529297,-0.15598473
-78.7763671875,80.8528823852539,-0.19966665
-79.3438720703125,80.9098815917969,-0.19790846
-91.7445220947266,81.7773132324219,-0.1945566
-40.4416046142578,-77.0504150390625,-0.08626202
-40.5,-20.7789421081543,-0.22305468
-40.5,-2.7489447593689,-0.16630249
-42.587028503418,60.6472816467285,-0.23374173
-42.625358581543,60.7909545898438,-0.22748719
-42.6642608642578,60.9343223571777,-0.22296106
-42.703742980957,61.0773811340332,-0.22081347
-66.2037658691406,79.1376113891602,-0.16379543
-70.6059875488281,79.9361953735352,-0.15041484
-91.5254745483398,81.8747863769531,-0.19604443
-40.1848030090332,-77.0499801635742,-0.08861424
-40.25,-20.5450229644775,-0.20186033
-40.25,-20.3107452392578,-0.21341139
-40.25,-2.7489447593689,-0.18661643
-42.4603843688965,61.2385864257812,-0.21511472
-42.5005111694336,61.381217956543,-0.20192576
-65.7881698608398,79.2083969116211,-0.1643666
-70.2009048461914,80.0132751464844,-0.14980795
-90.6273498535156,81.9408874511719,-0.19893168
-39.9280242919922,-77.0494995117188,-0.09116883
-40,-20.0761108398438,-0.16535895
-40,-19.8411273956299,-0.15159727
-40,-2.7489447593689,-0.19272537
-42.2563781738281,61.5420837402344,-0.20127445
-42.2971572875977,61.6842956542969,-0.1943633
-65.7798538208008,79.3639907836914,-0.16215558
-70.2685165405273,80.1658096313477,-0.15133885
-89.7095794677734,82.0047454833984,-0.20129069
-39.6712684631348,-77.0489807128906,-0.09356493
-39.75,-19.6057929992676,-0.14336554
-39.75,-2.99863004684448,-0.23490118
-42.0522003173828,61.8448295593262,-0.18624699
-42.0936279296875,61.986629486084,-0.1871422
-42.1356735229492,62.1281356811523,-0.17798769
-42.1783485412598,62.2693519592285,-0.16768104
-42.2216644287109,62.4102745056152,-0.16141196
-42.265625,62.550910949707,-0.1550987
-42.310245513916,62.6912612915039,-0.15206716
-65.3534698486328,79.4345550537109,-0.16335874
-69.8522338867188,80.242805480957,-0.14963664
-88.7722930908203,82.0662841796875,-0.20329549
-39.4145393371582,-77.0484161376953,-0.09586231
-39.5,-19.3701171875,-0.14106547
-39.5,-19.1340980529785,-0.17133819
-39.5,-18.897741317749,-0.18253429
-39.5,-18.6610488891602,-0.18941329
-39.5,-18.4240283966064,-0.14981621
-39.5,-18.1866779327393,-0.17877801
-39.5,-2.99863004684448,-0.22383484
-42.0199356079102,62.7106895446777,-0.15201991
-64.9212951660156,79.5046768188477,-0.16424292
-65.3413314819336,79.5903015136719,-0.16123751
-69.4292755126953,80.3194274902344,-0.15047856
-87.1313705444336,82.0870132446289,-0.20650028
-87.8156661987305,82.1254272460938,-0.20344628
-39.1578330993652,-77.0478134155273,-0.09820543
-39.25,-17.9490070343018,-0.147487
-39.25,-3.24825859069824,-0.22801335
-41.7292327880859,62.7298202514648,-0.15479187
-65.3306503295898,79.7460098266602,-0.15863256
-66.6533432006836,79.9967651367188,-0.14741044
-67.1082611083984,80.0784912109375,-0.14184534
-67.5702819824219,80.1592559814453,-0.14591989
-68.9995193481445,80.3956527709961,-0.15257494
-86.8399353027344,82.1820907592773,-0.20443523
-38.9011535644531,-77.0471725463867,-0.10041943
-39,-17.7110137939453,-0.17386095
-39,-17.4727058410645,-0.11904337
-39,-17.2340850830078,-0.06248856
-39,-16.9951572418213,-0.07143349
-39,-16.7559223175049,-0.07312891
-39,-16.5163860321045,-0.07790879
-39,-15.0730667114258,-0.20240644
-39,-14.8315315246582,-0.20342302
-39,-14.5897264480591,-0.20508097
-39,-14.3476552963257,-0.20554027
-39,-14.1053228378296,-0.20483598
-39,-3.24825859069824,-0.181465
-41.4815292358398,62.8892707824707,-0.15207247
-41.5255661010742,63.0296058654785,-0.14064772
-65.3214492797852,79.9016647338867,-0.1569098
-65.7628402709961,79.9859161376953,-0.15380365
-67.600212097168,80.3135299682617,-0.14476901
-69.0552825927734,80.5489273071289,-0.15590382
-86.5412750244141,82.2770843505859,-0.20355683
-38.6444969177246,-77.0464935302734,-0.10608945
-38.75,-16.276554107666,-0.12864264
-38.75,-16.0364284515381,-0.14245165
-38.75,-15.7960119247437,-0.1623642
-38.75,-15.5553112030029,-0.18454977
-38.75,-15.3143272399902,-0.2054327
-38.75,-13.8627319335938,-0.20963236
-38.75,-13.6198883056641,-0.20640661
-38.75,-13.3767938613892,-0.2120841
-38.75,-13.1334543228149,-0.20407147
-38.75,-3.49782538414001,-0.1924218
-41.2768249511719,63.1887359619141,-0.13437461
-41.3215255737305,63.3286972045898,-0.13097954
-64.871940612793,79.9723587036133,-0.15528849
-65.3137435913086,80.0572738647461,-0.15184113
-67.1540832519531,80.3875732421875,-0.14193934
-68.6129302978516,80.6250228881836,-0.15563041
-86.2351303100586,82.3719863891602,-0.20477803
-38.3878707885742,-77.045768737793,-0.10786537
-38.5,-13.1334543228149,-0.20324185
-38.5,-3.49782538414001,-0.18058964
-41.0270042419434,63.3476409912109,-0.13471851
-67.1806640625,80.5420150756836,-0.14730696
-68.1632766723633,80.70068359375,-0.15543954
-83.1070098876953,82.2900390625,-0.19499006
-83.8013610839844,82.3364181518555,-0.21330255
-85.9212188720703,82.466796875,-0.20682165
-38.1312713623047,-77.0449981689453,-0.10959392
-38.25,-12.8898735046387,-0.19732015
-38.25,-3.99675464630127,-0.15548905
-38.25,-3.74732565879822,-0.20808126
-40.7760734558105,63.5063209533691,-0.13747699
-66.7213134765625,80.615837097168,-0.14963764
-67.7061767578125,80.7759017944336,-0.1596653
-82.7527618408203,82.3823852539062,-0.21327545
-84.1632995605469,82.4748916625977,-0.20813095
-84.8782119750977,82.5189361572266,-0.21173452
-37.874698638916,-77.0441970825195,-0.11132908
-38,-12.6460552215576,-0.20049874
-38,-4.24610805511475,-0.20210639
-40.523998260498,63.6647682189941,-0.139751
-40.5686225891113,63.8044586181641,-0.13554392
-40.6139297485352,63.9438781738281,-0.13780648
-66.2546005249023,80.6891937255859,-0.15523585
-67.2414855957031,80.8506698608398,-0.16489563
-83.0994491577148,82.5221633911133,-0.20746412
-37.6181526184082,-77.0433502197266,-0.11244854
-37.75,-54.0525093078613,-0.1473358
-37.75,-12.4020042419434,-0.19495377
-37.75,-4.24610805511475,-0.18793429
-40.3605728149414,64.101921081543,-0.15053642
-40.4065246582031,64.2409973144531,-0.1433797
-40.453182220459,64.3798065185547,-0.14242112
-65.780403137207,80.7620697021484,-0.1550074
-66.7690658569336,80.9249649047852,-0.16536876
-82.7351608276367,82.6147842407227,-0.21036166
-37.3616371154785,-77.0424652099609,-0.11342592
-37.5,-54.1990127563477,-0.13491233
-37.5,-53.9054870605469,-0.14766345
-37.5,-12.1577243804932,-0.20197853
-37.5,-11.9132204055786,-0.19916068
-37.5,-4.49538087844849,-0.18455218
-40.1984519958496,64.5374603271484,-0.13562089
-40.2457695007324,64.6759338378906,-0.12438748
-40.293815612793,64.8141479492188,-0.1089607
-40.342601776123,64.9521102905273,-0.11482692
-65.2985916137695,80.8344345092773,-0.15765271
-66.2887649536133,80.9987716674805,-0.17138596
-82.3615493774414,82.7072143554688,-0.21562824
-37.105152130127,-77.0415420532227,-0.11422404
-37.25,-54.3449935913086,-0.13567676
-37.25,-53.9054870605469,-0.15985488
-37.25,-11.6684951782227,-0.19906301
-37.25,-11.4235544204712,-0.20165828
-37.25,-4.74456834793091,-0.19319039
-40.0376243591309,64.9714202880859,-0.12894675
-65.300422668457,80.9896774291992,-0.17264337
-65.8004455566406,81.0720672607422,-0.17793033
-81.9782791137695,82.7994537353516,-0.21591338
-36.8487014770508,-77.0405807495117,-0.11450909
-37,-54.4904632568359,-0.13502119
-37,-54.0525093078613,-0.1647382
-37,-11.1784019470215,-0.197164
-37,-10.9330415725708,-0.22555656
-37,-4.74456834793091,-0.18308229
-39.7800559997559,65.1284561157227,-0.12462633
-64.8033599853516,81.0617141723633,-0.17400572
-65.3039474487305,81.1448440551758,-0.1784411
-80.8437423706055,82.8412475585938,-0.21334454
-36.5922775268555,-77.0395736694336,-0.07495844
-36.75,-54.4904632568359,-0.12846355
-36.75,-54.0525093078613,-0.16625979
-36.75,-10.9330415725708,-0.19032826
-36.75,-4.99366569519043,-0.1665315
-39.5210723876953,65.2852554321289,-0.12842104
-39.5695915222168,65.4230194091797,-0.12562857
-64.2981338500977,81.1332092285156,-0.17680852
-64.7991333007812,81.2170791625977,-0.17948473
-66.3569564819336,81.4625549316406,-0.18617875
-66.8948440551758,81.5422668457031,-0.18577216
-80.431999206543,82.9323577880859,-0.21426823
-36.3358840942383,-77.0385284423828,-0.11466481
-36.5,-54.7798500061035,-0.13304695
-36.5,-54.6354141235352,-0.13474671
-36.5,-54.1990127563477,-0.161101
-36.5,-10.687479019165,-0.19328509
-36.5,-4.99366569519043,-0.18426073
-39.260627746582,65.4418106079102,-0.13427172
-63.7846031188965,81.2041473388672,-0.17914696
-64.2858505249023,81.2887573242188,-0.17614454
-65.8455581665039,81.536506652832,-0.18712782
-66.3844757080078,81.6169891357422,-0.18629517
-79.2612991333008,82.9700393676758,-0.21160703
-36.0795249938965,-77.0374450683594,-0.11632723
-36.25,-54.9237747192383,-0.13026953
-36.25,-54.3449935913086,-0.17437299
-36.25,-10.4417161941528,-0.17259858
-36.25,-4.99366569519043,-0.19575916
-38.9511871337891,65.4602355957031,-0.14293071
-63.2626190185547,81.2744903564453,-0.18123964
-64.2747192382812,81.4442367553711,-0.18738491
-64.7950439453125,81.527587890625,-0.15960298
-65.8648300170898,81.691162109375,-0.18668388
-77.3377532958984,82.947509765625,-0.21090025
-78.0737609863281,83.0044479370117,-0.20066905
-35.8231964111328,-77.0363235473633,-0.11914338
-36,-54.9237747192383,-0.1292415
-36,-54.4904632568359,-0.17979112
-36,-10.1957597732544,-0.19096921
-36,-4.99366569519043,-0.19146802
-38.6412696838379,65.4782943725586,-0.14900987
-61.7578659057617,81.169075012207,-0.18219354
-62.240291595459,81.2571334838867,-0.1863633
-64.7952423095703,81.682731628418,-0.1901803
-76.870361328125,83.0355072021484,-0.20648947
-35.5669059753418,-77.0351638793945,-0.12133104
-35.75,-54.7798500061035,-0.14998129
-35.75,-54.6354141235352,-0.15521783
-35.75,-9.94961357116699,-0.19574192
-35.75,-9.70328140258789,-0.2626333
-35.75,-4.99366569519043,-0.17825926
-38.3765754699707,65.6342163085938,-0.14687648
-61.2196311950684,81.236686706543,-0.1911569
-63.7251968383789,81.6710815429688,-0.19265408
-75.6521606445312,83.0631561279297,-0.20130409
-35.3106460571289,-77.0339660644531,-0.12256023
-35.5,-9.70328140258789,-0.17073289
-35.5,-4.99366569519043,-0.16135944
-38.0648078918457,65.6517105102539,-0.14954044
-61.1539306640625,81.3932189941406,-0.1842035
-63.1761856079102,81.7419128417969,-0.19671686
-73.6982955932617,83.0235824584961,-0.201441
-74.420295715332,83.0873184204102,-0.20231229
-35.0544204711914,-77.0327301025391,-0.12243049
-35.25,-9.45676803588867,-0.16252495
-35.25,-9.21007823944092,-0.16264737
-35.25,-5.49157285690308,-0.1906968
-35.25,-5.24266910552979,-0.19177188
-37.708740234375,65.5302505493164,-0.14583563
-61.087459564209,81.549674987793,-0.18325259
-61.5872840881348,81.6381225585938,-0.18984083
-62.6175651550293,81.8120956420898,-0.19884102
-73.1759796142578,83.1079406738281,-0.2024019
-34.7982292175293,-77.0314483642578,-0.12380169
-35,-8.96321582794189,-0.17245473
-35,-8.71618556976318,-0.1770245
-35,-6.23764181137085,-0.1752336
-35,-5.98906373977661,-0.17900806
-35,-5.74037265777588,-0.1780505
-37.3969955444336,65.5468215942383,-0.1526456
-61.5293884277344,81.7943267822266,-0.1949502
-62.5796241760254,81.967887878418,-0.20081287
-71.2128677368164,83.0566864013672,-0.19494579
-71.9204864501953,83.1249618530273,-0.19842671
-34.5420761108398,-77.0301361083984,-0.12814935
-34.75,-8.46899127960205,-0.17245702
-34.75,-8.22163867950439,-0.18233875
-34.75,-7.97413206100464,-0.17505735
-34.75,-7.72647523880005,-0.18317499
-34.75,-7.47867298126221,-0.19473513
-34.75,-7.2307300567627,-0.19188255
-34.75,-6.98265075683594,-0.18764538
-34.75,-6.73443984985352,-0.17416085
-34.75,-6.48610210418701,-0.1737702
-37.0848045349121,65.5630111694336,-0.16516851
-60.9517974853516,81.8623580932617,-0.19640017
-62.0007400512695,82.0375366210938,-0.16927389
-70.655158996582,83.1383285522461,-0.19828757
-34.2859573364258,-77.0287857055664,-0.1317987
-36.7721824645996,65.5788269042969,-0.15776419
-60.3643493652344,81.9296722412109,-0.19478042
-61.4115142822266,82.1064834594727,-0.20760618
-68.0161666870117,83.0011291503906,-0.20131628
-68.6921997070312,83.0752258300781,-0.19950924
-69.3814086914062,83.1479949951172,-0.20101784
-34.0298728942871,-77.0273971557617,-0.1347876
-36.4991607666016,65.7334899902344,-0.14875248
-59.7668876647949,81.9962539672852,-0.19405194
-60.8117752075195,82.1747055053711,-0.20801849
-65.4667510986328,82.846305847168,-0.20084305
-66.1053085327148,82.9250869750977,-0.20354055
-66.7570571899414,83.0026397705078,-0.20603349
-33.7738304138184,-77.0259628295898,-0.13312159
-36.1847190856934,65.7486953735352,-0.15898743
-59.1592712402344,82.0620727539062,-0.19971976
-60.7398147583008,82.3307495117188,-0.20640435
-61.2901802062988,82.4182968139648,-0.19929129
-61.8526802062988,82.5047988891602,-0.20396215
-62.4275245666504,82.5902328491211,-0.20203093
-63.0149307250977,82.6745681762695,-0.20074103
-63.6151123046875,82.7577743530273,-0.20260881
-64.2282638549805,82.83984375,-0.20281994
-33.517822265625,-77.0244979858398,-0.1282617
-35.9085655212402,65.9028244018555,-0.16090709
-58.5413551330566,82.1271133422852,-0.19934088
-33.2618560791016,-77.0229949951172,-0.12606293
-35.6306266784668,66.056640625,-0.1651767
-57.9130096435547,82.1913375854492,-0.20150691
-33.0059242248535,-77.0214538574219,-0.12117384
-35.3508567810059,66.2101440429688,-0.16720019
-57.274097442627,82.2547378540039,-0.20479746
-32.7500343322754,-77.0198822021484,-0.11875031
-35.031681060791,66.2242202758789,-0.17625205
-56.6244926452637,82.3172836303711,-0.20330326
-32.4941825866699,-77.0182647705078,-0.1190407
-34.712085723877,66.2378997802734,-0.18384003
-55.9640731811523,82.3789443969727,-0.20218314
-32.2383728027344,-77.0166168212891,-0.11491528
-34.4274826049805,66.3905639648438,-0.18280558
-34.4634895324707,66.5297393798828,-0.16680707
-54.8047676086426,82.34326171875,-0.20597399
-31.9826049804688,-77.0149307250977,-0.11218704
-34.1764335632324,66.6819839477539,-0.17219094
-53.6540412902832,82.3041229248047,-0.20538357
-31.7268772125244,-77.0132064819336,-0.10672025
-33.887336730957,66.8338928222656,-0.18034547
-33.9229583740234,66.9727172851562,-0.17484531
-51.211971282959,81.9576568603516,-0.20051158
-51.6346664428711,82.0597152709961,-0.204019
-52.068187713623,82.1610336303711,-0.20395994
-52.5128479003906,82.2615737915039,-0.20374053
-31.47119140625,-77.0114517211914,-0.10842669
-33.5961494445801,66.9854507446289,-0.18958082
-50.5355911254883,82.0107345581055,-0.19951889
-50.9533996582031,82.1135635375977,-0.20259273
-51.3820838928223,82.2156524658203,-0.20143057
-31.2155475616455,-77.009651184082,-0.10804444
-31.5201187133789,39.3741722106934,-0.13410289
-33.3028259277344,67.1366500854492,-0.19812508
-33.337329864502,67.2753448486328,-0.19503093
-51.1208763122559,82.3713836669922,-0.20439563
-30.9599475860596,-77.0078277587891,-0.08010385
-31.2677764892578,39.1771812438965,-0.12567371
-31.2694625854492,39.5720481872559,-0.12240423
-33.0412101745605,67.4261169433594,-0.20269781
-33.0757255554199,67.5645446777344,-0.19988876
-50.8504638671875,82.5269012451172,-0.20441299
-30.7043895721436,-77.0059585571289,-0.06801181
-31.0170841217041,39.3754577636719,-0.13560222
-32.7766990661621,67.7148895263672,-0.20941202
-50.1230697631836,82.5799865722656,-0.20651169
-30.4488754272461,-77.0040588378906,-0.02835509
-32.4753150939941,67.864860534668,-0.20954697
-47.7378349304199,82.212760925293,-0.18851532
-48.1328392028809,82.318603515625,-0.19069749
-48.5387954711914,82.4237670898438,-0.19509896
-48.9560623168945,82.5282287597656,-0.19516576
-30.1934070587158,-77.0021209716797,-0.06700441
-32.1390075683594,67.8761978149414,-0.22194294
-46.2698631286621,82.0454864501953,-0.17881633
-46.6374893188477,82.1533432006836,-0.18095201
-47.4038124084473,82.3671569824219,-0.19092246
-47.8032035827637,82.4730758666992,-0.19530112
-49.0707244873047,82.7866592407227,-0.19785945
-29.9379825592041,-77.0001525878906,-0.06167431
-31.8334732055664,68.0254592895508,-0.22305223
-45.5519065856934,82.0907440185547,-0.17759239
-45.912712097168,82.1993026733398,-0.17985709
-46.2837142944336,82.307258605957,-0.18342146
-47.4614639282227,82.6272430419922,-0.19591613
-47.8768730163574,82.7325592041016,-0.19591125
-48.7443199157715,82.941047668457,-0.20086134
-29.6826019287109,-76.9981536865234,-0.06513175
-29.6916542053223,-76.9398727416992,-0.07834238
-31.4950218200684,68.0360107421875,-0.22359383
-46.6987838745117,82.6749954223633,-0.19277104
-47.5269050598145,82.8864898681641,-0.19632892
-29.4454727172852,-76.8794097900391,-0.07855764
-31.1561737060547,68.0460891723633,-0.20273733
-45.9258995056152,82.721549987793,-0.18748167
-46.3261451721191,82.8284072875977,-0.18343847
-46.7384071350098,82.9345932006836,-0.19043519
-29.1904735565186,-76.8774108886719,-0.07046142
-29.1994304656982,-76.8187789916992,-0.07520006
-30.8169403076172,68.0557022094727,-0.2165513
-46.3552894592285,83.0877456665039,-0.19114668
-28.9535140991211,-76.7579574584961,-0.08143242
-30.477331161499,68.0648422241211,-0.22379153
-45.5360527038574,83.1341171264648,-0.18654812
-28.6988735198975,-76.7559585571289,-0.07717015
-28.7077178955078,-76.6969680786133,-0.08688543
-29.003833770752,38.5847778320312,-0.11014231
-30.1373615264893,68.0735092163086,-0.21465112
-44.7054710388184,83.1791687011719,-0.17994187
-28.4620304107666,-76.6357955932617,-0.09573873
-28.7523784637451,38.3853416442871,-0.1146732
-28.7526741027832,38.7840423583984,-0.11518779
-29.8205890655518,68.2206192016602,-0.21924458
-43.863639831543,83.2228775024414,-0.17712988
-28.2077293395996,-76.6337966918945,-0.08616788
-28.2164459228516,-76.5744476318359,-0.09653816
-28.5011215209961,38.385425567627,-0.12088872
-28.5012989044189,38.7841377258301,-0.11284061
-29.4785346984863,68.2284393310547,-0.21762693
-43.010669708252,83.2652053833008,-0.16770075
-27.9709548950195,-76.5129165649414,-0.10344143
-28.2498626708984,38.3854675292969,-0.12165958
-28.2499198913574,38.7841873168945,-0.10690996
-29.1361465454102,68.2357864379883,-0.21666466
-41.7790069580078,83.1960296630859,-0.16350245
-27.7169761657715,-76.5109329223633,-0.10060721
-27.9985675811768,38.5850486755371,-0.12308547
-28.7934398651123,68.2426452636719,-0.21097768
-40.5705070495605,83.123405456543,-0.15357609
-27.4630355834961,-76.508918762207,-0.10741193
-28.4687519073486,68.3881683349609,-0.20600283
-39.7081756591797,83.1600341796875,-0.14166374
-27.2091331481934,-76.5068817138672,-0.11421047
-27.4957618713379,38.7840461730957,-0.10318702
-28.1239986419678,68.3941497802734,-0.20319613
-38.8363380432129,83.1951904296875,-0.13409119
-39.1578330993652,83.3079376220703,-0.12607916
-26.9641876220703,-76.4451904296875,-0.12629298
-27.2445831298828,38.5847702026367,-0.09482646
-27.2441501617432,38.982593536377,-0.09911422
-27.778959274292,68.3996429443359,-0.19820346
-38.5843276977539,83.4551467895508,-0.12464811
-26.7104740142822,-76.4431381225586,-0.12938326
-26.9929733276367,38.7837142944336,-0.09720809
-27.4479732513428,68.5438919067383,-0.19948438
-37.9861335754395,83.6016235351562,-0.12414494
-26.4657402038574,-76.3812789916992,-0.13685814
-26.5229110717773,-75.9565811157227,-0.15053961
-26.5303382873535,-75.8949890136719,-0.14540348
-26.5375900268555,-75.8331604003906,-0.14309538
-27.1009178161621,68.5484771728516,-0.19592434
-37.04638671875,83.6341247558594,-0.11241509
-26.2122116088867,-76.3792037963867,-0.13739803
-26.2210578918457,-76.3192520141602,-0.14332135
-26.2297058105469,-76.2590789794922,-0.14230168
-26.2623729705811,-76.0160827636719,-0.14053467
-26.2920932769775,-75.7693862915039,-0.12896989
-26.7536106109619,68.5525665283203,-0.19144647
-36.0967674255371,83.6649932861328,-0.10426054
-25.9849739074707,-76.1966857910156,-0.13870607
-25.9933319091797,-76.1360855102539,-0.14415457
-26.0014972686768,-76.0752639770508,-0.14328777
-26.0094738006592,-76.0142059326172,-0.14367432
-26.0395469665527,-75.7676467895508,-0.12248121
-26.406063079834,68.55615234375,-0.19948694
-35.1376190185547,83.6941986083984,-0.09883419
-25.7941818237305,-75.7036972045898,-0.12848776
-25.9898300170898,37.7824935913086,-0.06634
-26.0669326782227,68.6986312866211,-0.19883181
-33.9100723266602,83.6062240600586,-0.06272979
-25.5417728424072,-75.7019500732422,-0.12925324
-25.7392139434814,37.5807914733887,-0.07168623
-25.7381916046143,37.9829940795898,-0.08812726
-25.724796295166,68.840576171875,-0.19033842
-32.9488525390625,83.6314697265625,-0.05569384
-25.2893886566162,-75.7001800537109,-0.13200579
-25.5,16.9951572418213,-0.18453346
-25.4881458282471,37.5803833007812,-0.07481829
-25.4870166778564,37.9825630187988,-0.07731029
-25.3795967102051,68.9819869995117,-0.18473114
-25.4637260437012,70.5027236938477,-0.15032501
-25.47314453125,70.6400451660156,-0.1500974
-31.9797401428223,83.6550064086914,-0.04736592
-25.0370330810547,-75.6983947753906,-0.13449164
-25.25,16.7559223175049,-0.12048516
-25.25,17.2340850830078,-0.18153104
-25.2370777130127,37.5799331665039,-0.07534798
-25.23583984375,37.9820899963379,-0.06775617
-25.031270980835,69.1228408813477,-0.18006574
-25.0361976623535,69.2617797851562,-0.16084245
-25.0844478607178,70.36767578125,-0.14853935
-25.1070327758789,70.7798843383789,-0.15293052
-25.115161895752,70.9169845581055,-0.14960395
-25.1236057281494,71.0539398193359,-0.15020998
-25.1323719024658,71.1907501220703,-0.14878249
-31.0031681060791,83.6767959594727,-0.05916042
-24.7847023010254,-75.6965866088867,-0.13684241
-25,16.9951572418213,-0.17958037
-24.9853439331055,37.7807312011719,-0.06783978
-24.6476497650146,65.5938949584961,-0.18687976
-24.6797561645508,69.2631378173828,-0.17764295
-24.7140464782715,70.3695526123047,-0.14719478
-24.7503070831299,71.1930465698242,-0.15141022
-27.9637985229492,82.01611328125,-0.02700646
-28.0783138275146,82.1381759643555,-0.02965315
-29.8338451385498,83.5789489746094,-0.02250429
-24.5397682189941,-75.6325073242188,-0.13813342
-24.6200180053711,-74.8007583618164,-0.15634583
-24.6250896453857,-74.7350006103516,-0.16893401
-24.75,14.8315315246582,-0.14886644
-24.3282718658447,65.4498672485352,-0.16636439
-24.3250598907471,65.7369384765625,-0.19766109
-24.3249893188477,69.4028625488281,-0.16163002
-24.3401718139648,70.2330322265625,-0.14736133
-24.3506565093994,70.6460800170898,-0.15664635
-24.354621887207,70.7834625244141,-0.15689206
-24.358829498291,70.9207077026367,-0.15578605
-24.3632907867432,71.0578002929688,-0.16285009
-27.1686916351318,82.0294952392578,-0.01788049
-27.2718124389648,82.1518478393555,-0.02239388
-28.8606605529785,83.5967864990234,-0.03917457
-24.2875690460205,-75.6306991577148,-0.14075793
-24.3284740447998,-75.2522888183594,-0.1454019
-24.3346920013428,-75.188346862793,-0.14957534
-24.357946395874,-74.9300765991211,-0.14375014
-24.3633689880371,-74.8648681640625,-0.14112681
-24.3787422180176,-74.6676940917969,-0.15646418
-24.5,14.5897264480591,-0.12325111
-24.5,15.0730667114258,-0.18750396
-24.0200214385986,64.8723297119141,-0.17881887
-24.0111179351807,65.3051300048828,-0.17740977
-24.000171661377,65.8794250488281,-0.2050901
-23.9976177215576,66.0225143432617,-0.21513662
-23.9665622711182,69.4032211303711,-0.17159585
-23.9712257385254,70.2337112426758,-0.1480056
-23.9742603302002,70.5093460083008,-0.15702939
-26.3706302642822,82.0414428710938,-0.00191646
-26.462215423584,82.1640625,-0.01078595
-27.736270904541,83.4938278198242,-0.02217808
-24.0427265167236,-75.5664520263672,-0.14356443
-24.0702610015869,-75.3143310546875,-0.14194267
-24.0891036987305,-75.1226272583008,-0.13356935
-24.0950546264648,-75.058219909668,-0.13724197
-24.1008453369141,-74.9935607910156,-0.13324502
-24.1323661804199,-74.6001815795898,-0.08617957
-24.25,14.8315315246582,-0.15894313
-23.7084331512451,64.7262115478516,-0.17389583
-23.7002029418945,65.0154113769531,-0.18528286
-23.6921558380127,65.3038101196289,-0.16041277
-23.6692771911621,66.1642761230469,-0.23584908
-23.6066455841064,69.541877746582,-0.15958768
-23.6021194458008,70.2338333129883,-0.14857771
-23.6016845703125,70.3717803955078,-0.15105515
-25.5698852539062,82.0519485473633,0.00430955
-25.6498069763184,82.1748046875,-0.00887376
-26.7691516876221,83.5077590942383,-0.06802575
-23.7906513214111,-75.5646438598633,-0.14499178
-23.818452835083,-75.3126678466797,-0.1441306
-23.8859577178955,-74.5324478149414,-0.14966104
-24,15.0730667114258,-0.18422155
-23.3936939239502,64.7243576049805,-0.16912175
-23.3833465576172,65.0136108398438,-0.17940448
-23.3680629730225,65.4459838867188,-0.14340706
-23.3433380126953,66.1626968383789,-0.2244954
-23.3337593078613,66.4480590820312,-0.22812727
-23.2433319091797,69.6799468994141,-0.15657575
-23.2328662872314,70.2333984375,-0.15201436
-23.2305755615234,70.3713912963867,-0.15347333
-24.7667331695557,82.0609970092773,0.00750985
-24.8348751068115,82.1840744018555,-0.0010184
-25.4905319213867,83.159049987793,-0.04689404
-25.588623046875,83.2796401977539,-0.05148893
-25.6909065246582,83.3999404907227,-0.07071663
-23.5386028289795,-75.5628128051758,-0.1447422
-23.5458908081055,-75.5002212524414,-0.14673172
-23.5529956817627,-75.4373931884766,-0.14583638
-23.5599212646484,-75.3743133544922,-0.1454268
-23.5666694641113,-75.3109817504883,-0.14727673
-23.6348247528076,-74.5311889648438,-0.13760033
-23.75,14.8315315246582,-0.17854735
-23.75,15.3143272399902,-0.27847162
-23.0788993835449,64.7220916748047,-0.16503971
-23.0664348602295,65.0113906860352,-0.17124369
-23.0478591918945,65.4438323974609,-0.13451077
-23.0173320770264,66.1606750488281,-0.21623347
-23.0113086700439,66.3034744262695,-0.21329637
-22.9993553161621,66.5885162353516,-0.22957291
-22.8765544891357,69.8173980712891,-0.15724586
-22.8634872436523,70.2323913574219,-0.1560226
-22.859338760376,70.3704299926758,-0.15596696
-22.8193244934082,72.015739440918,-0.12163897
-22.8169403076172,72.1519470214844,-0.12183253
-22.8053092956543,73.1015548706055,-0.13144208
-22.804443359375,73.2366714477539,-0.13158869
-23.9614543914795,82.0685806274414,0.00855017
-24.0177135467529,82.1918640136719,0.00810854
-24.4095554351807,82.9260864257812,-0.03693755
-24.4850978851318,83.0475006103516,-0.04968521
-23.3884391784668,-74.463264465332,-0.13299922
-23.3930339813232,-74.3963470458984,-0.13335363
-23.5,14.8315315246582,-0.18958041
-23.5,15.3143272399902,-0.19704035
-22.8077278137207,63.8464241027832,-0.16858789
-22.800464630127,63.9924507141113,-0.1647497
-22.7640590667725,64.7194061279297,-0.15714222
-22.7421798706055,65.1531066894531,-0.16802066
-22.7276039123535,65.4412460327148,-0.12030919
-22.6696033477783,66.5861129760742,-0.21667004
-22.5062503814697,69.954231262207,-0.16197747
-22.4940013885498,70.230827331543,-0.15571694
-22.4879913330078,70.3689041137695,-0.15479563
-22.4329147338867,71.741828918457,-0.12481776
-22.4279918670654,71.8783569335938,-0.12791275
-22.418514251709,72.150993347168,-0.12399685
-22.3897361755371,73.1009674072266,-0.12880793
-22.3862495422363,73.2361373901367,-0.12869832
-22.3736705780029,76.5714340209961,-0.13729113
-22.3771667480469,76.7030258178711,-0.15294584
-23.1543350219727,82.0746994018555,0.00811945
-23.1986217498779,82.1981582641602,0.00749522
-23.5103702545166,82.9335403442383,-0.04256579
-23.1465129852295,-74.3279724121094,-0.12867054
-23.25,15.0730667114258,-0.21694056
-22.507080078125,63.6969947814941,-0.1734702
-22.482385635376,64.1351089477539,-0.1610618
-22.4575080871582,64.5713195800781,-0.15902774
-22.4491786956787,64.71630859375,-0.13736042
-22.4240970611572,65.1500549316406,-0.14490188
-22.4157085418701,65.2942428588867,-0.12950178
-22.4073066711426,65.4382247924805,-0.11165562
-22.3482570648193,66.4407730102539,-0.20026532
-22.1403160095215,69.9520263671875,-0.16358218
-22.1244258880615,70.2286911010742,-0.15743425
-22.1165542602539,70.3668060302734,-0.15641392
-22.048360824585,71.6034088134766,-0.1268669
-22.013090133667,72.2855682373047,-0.12526257
-22.006311416626,72.4215927124023,-0.12222275
-21.9996337890625,72.5574798583984,-0.12267225
-21.9930610656738,72.6932373046875,-0.12201994
-21.9865970611572,72.828857421875,-0.126023
-21.9802474975586,72.9643478393555,-0.13073111
-21.9679069519043,73.2349243164062,-0.14276622
-21.8727874755859,76.4398727416992,-0.11894145
-21.8709888458252,76.7033462524414,-0.14358227
-22.345666885376,82.079345703125,0.01021174
-22.4117984771729,82.3263244628906,0.0058266
-22.5655536651611,82.817268371582,-0.02063529
-22.8955478668213,-74.326774597168,-0.10588749
-23,16.0364284515381,-0.149509
-22.1991539001465,63.6934089660645,-0.17747558
-22.1715507507324,64.1315536499023,-0.16466448
-22.1622791290283,64.2771759033203,-0.16270619
-22.1529750823975,64.4225921630859,-0.15565547
-22.0293502807617,66.2947540283203,-0.19302474
-21.7645397186279,70.0876998901367,-0.17587377
-21.745044708252,70.3641357421875,-0.16459967
-21.6967334747314,71.0527038574219,-0.1208583
-21.6871643066406,71.1899948120117,-0.1219215
-21.6776294708252,71.3271484375,-0.12588641
-21.6681327819824,71.4641647338867,-0.12999399
-21.5407886505127,73.3681564331055,-0.12960112
-21.3802108764648,76.3071823120117,-0.09652752
-21.3645572662354,76.7027893066406,-0.13883402
-21.328971862793,78.0117950439453,-0.01513906
-21.3270816802979,78.141845703125,-0.04833925
-21.3255424499512,78.271728515625,-0.07862072
-21.4669609069824,81.5851593017578,0.05349592
-21.4825000762939,81.709846496582,0.04367713
-21.4991111755371,81.8342971801758,0.02948044
-21.5168418884277,81.9585189819336,0.02504574
-21.5357437133789,82.0825042724609,0.01111746
-21.6000308990479,82.453010559082,-0.01860982
-21.6498241424561,82.6987609863281,-0.0010456
-22.6445960998535,-74.325553894043,-0.11035956
-22.75,15.7960119247437,-0.14801369
-22.75,16.276554107666,-0.15805566
-21.8912086486816,63.6894340515137,-0.17525751
-21.7128410339355,66.1480712890625,-0.20143696
-21.361873626709,70.4989166259766,-0.1689786
-21.3502559661865,70.6368026733398,-0.15207166
-21.3386363983154,70.774543762207,-0.14592388
-21.3270149230957,70.9121398925781,-0.17104219
-21.1195640563965,73.365608215332,-0.12844795
-20.8861103057861,76.3055953979492,-0.09757851
-20.8488330841064,76.8329925537109,-0.13453473
-20.7745761871338,78.0109329223633,-0.026203
-20.7535209655762,78.4007720947266,-0.10204681
-20.7469921112061,78.5303955078125,-0.12198546
-20.7407245635986,78.6598434448242,-0.12479994
-20.7347297668457,78.7891311645508,-0.14085254
-20.7012500762939,81.5864334106445,0.05293653
-20.7177581787109,81.9600982666016,0.03184778
-20.7328281402588,82.2080383300781,0.001
-20.7623405456543,82.5781326293945,-0.01276583
-22.3936557769775,-74.324333190918,-0.08691193
-22.5,16.0364284515381,-0.18102521
-21.572172164917,63.8313331604004,-0.16555745
-21.42258644104,65.7140350341797,-0.24261227
-21.410665512085,65.8574752807617,-0.26013537
-21.3986873626709,66.0007247924805,-0.22409983
-20.698278427124,73.3623733520508,-0.12977753
-20.6422023773193,73.90185546875,-0.13537399
-20.6281776428223,74.0363998413086,-0.13564789
-20.5301647186279,74.9744873046875,-0.13399348
-20.5162143707275,75.1079635620117,-0.13827047
-20.5022830963135,75.2413101196289,-0.12706416
-20.3918972015381,76.3031616210938,-0.11358122
-20.3377437591553,76.8307266235352,-0.12597885
-20.2714977264404,77.4868927001953,-0.09678127
-20.2584838867188,77.61767578125,-0.11138545
-20.2200050354004,78.0090866088867,-0.06269805
-20.1460800170898,78.78759765625,-0.14989708
-19.9349956512451,81.586311340332,0.05707466
-19.9232482910156,81.8358001708984,0.04534773
-19.9133186340332,82.0843734741211,0.00676928
-22.142728805542,-74.3230972290039,-0.06749898
-21.2632541656494,63.8265686035156,-0.16229566
-21.0999336242676,65.7092895507812,-0.24392191
-20.260232925415,73.493537902832,-0.14114361
-20.243444442749,73.6285018920898,-0.12132848
-20.2266025543213,73.7633361816406,-0.12740564
-20.1757640838623,74.1670379638672,-0.13815527
-20.0727577209473,74.9708862304688,-0.14924351
-20.0380535125732,75.2377700805664,-0.13139199
-19.9505710601807,75.9026184082031,-0.1025955
-19.9329605102539,76.0351791381836,-0.10720376
-19.8976306915283,76.2998809814453,-0.11378352
-19.8265914916992,76.8275756835938,-0.12260954
-19.7371997833252,77.4839172363281,-0.10249161
-19.719259262085,77.6147384643555,-0.11551644
-19.6833324432373,77.8759155273438,-0.07678265
-19.6293544769287,78.2665023803711,-0.14521088
-19.5393123626709,78.9142379760742,-0.13173149
-19.5213165283203,79.0432739257812,-0.13160875
-19.5033302307129,79.1721420288086,-0.12203859
-19.4853553771973,79.3008422851562,-0.11953645
-19.467399597168,79.4293518066406,-0.11790573
-19.4494609832764,79.5576934814453,-0.11594211
-19.431547164917,79.6858520507812,-0.11319594
-19.1684494018555,81.5847778320312,0.06165929
-19.117992401123,81.9588470458984,0.01862076
-21.8918151855469,-74.3218460083008,-0.06977227
-20.9543418884277,63.821403503418,-0.16078336
-20.777286529541,65.7041015625,-0.22334588
-19.7373790740967,74.1625366210938,-0.14127515
-19.6564502716064,74.6990509033203,-0.14455046
-19.6359558105469,74.8328475952148,-0.14348259
-19.5946464538574,75.1000442504883,-0.14040599
-19.4894828796387,75.7656936645508,-0.10848423
-19.4250659942627,76.1634368896484,-0.11282308
-19.4033699035645,76.2957382202148,-0.11591038
-19.3815593719482,76.4279022216797,-0.12076203
-19.3596363067627,76.5599212646484,-0.04532203
-19.3154430389404,76.8235397338867,-0.12044294
-19.2256507873535,77.3490142822266,-0.11176142
-19.1570453643799,77.7415542602539,-0.12372344
-19.0873260498047,78.132698059082,-0.14069233
-19.0402088165283,78.3926696777344,-0.14241956
-18.9925708770752,78.651985168457,-0.13940439
-18.7965278625488,79.6824340820312,-0.11544038
-18.4018611907959,81.5818481445312,0.06986991
-18.3740825653076,81.7067947387695,0.05741024
-21.6409130096436,-74.3205871582031,-0.07560533
-20.659387588501,63.6695823669434,-0.17452112
-20.4546527862549,65.6984786987305,-0.21239769
-20.4392395019531,65.841926574707,-0.20449936
-20.4237194061279,65.9851837158203,-0.21741242
-19.2759380340576,74.2916488647461,-0.14376945
-19.2056694030762,74.6938781738281,-0.14468856
-19.1339168548584,75.0949172973633,-0.14686451
-19.1096591949463,75.2283325195312,-0.13766808
-19.0852298736572,75.3616104125977,-0.12939179
-19.0606231689453,75.494758605957,-0.11822591
-19.0358409881592,75.6277618408203,-0.12341603
-18.9348812103271,76.1584320068359,-0.12063285
-18.830867767334,76.6868591308594,-0.11667115
-18.8043651580811,76.8186111450195,-0.11719731
-18.6962585449219,77.3441619873047,-0.12379018
-18.6128730773926,77.7367477416992,-0.13971882
-18.5846157073975,77.867301940918,-0.13518507
-18.4984035491943,78.2580261230469,-0.1442648
-18.4396724700928,78.5177001953125,-0.13311552
-18.3798904418945,78.7767181396484,-0.12852026
-18.2881374359131,79.1639785766602,-0.12496609
-18.1616344451904,79.6778717041016,-0.11779534
-17.9273548126221,80.5700225830078,-0.09118615
-17.8923931121826,80.6966857910156,-0.09153569
-17.5577163696289,81.8272018432617,0.04031152
-21.3900241851807,-74.3193130493164,-0.08450721
-20.3662509918213,63.5171699523926,-0.17596922
-20.0819416046143,66.1221694946289,-0.22174482
-18.808313369751,74.4199066162109,-0.14689378
-18.7817554473877,74.5539932250977,-0.14509511
-18.7007427215576,74.955451965332,-0.14386186
-18.6176528930664,75.355712890625,-0.13739369
-18.4150924682617,76.2849044799805,-0.11272608
-18.3850994110107,76.4170913696289,-0.11027776
-18.3548259735107,76.5491409301758,-0.11243763
-18.293420791626,76.8127975463867,-0.10801211
-18.1670150756836,77.3383712768555,-0.12994995
-18.1019134521484,77.6002655029297,-0.14567044
-18.0017280578613,77.991943359375,-0.14798175
-17.827465057373,78.6415634155273,-0.13491638
-17.7181301116943,79.0293502807617,-0.13071115
-17.6430759429932,79.2870101928711,-0.12973112
-17.4873313903809,79.8001937866211,-0.11741806
-17.4471435546875,79.9280242919922,-0.11461994
-17.406421661377,80.0556716918945,-0.10933217
-17.3651542663574,80.1831283569336,-0.10713686
-17.2378921508789,80.5643157958984,-0.09233338
-17.1942577362061,80.6909790039062,-0.09414684
-16.7186679840088,81.9459381103516,-0.00562055
-21.1391487121582,-74.3180389404297,-0.08161146
-20.0592918395996,63.5108375549316,-0.17616122
-19.7738475799561,65.9725723266602,-0.20571535
-18.2436237335205,74.9487609863281,-0.14755797
-18.1184825897217,75.482177734375,-0.12748475
-17.747106552124,76.9377136230469,-0.11614934
-17.7111415863037,77.0691757202148,-0.11672216
-17.6747760772705,77.2004928588867,-0.1197699
-17.5250988006592,77.724250793457,-0.15380119
-17.4865779876709,77.8548126220703,-0.14940898
-17.0738658905029,79.1514663696289,-0.13700144
-16.6510162353516,80.303466796875,-0.1117746
-16.5489444732666,80.5573577880859,-0.09881031
-16.4966583251953,80.6840057373047,-0.10026155
-15.920126914978,81.9386901855469,-0.00763257
-20.8929843902588,-74.2496185302734,-0.08886245
-19.7523632049561,63.5041122436523,-0.17744194
-19.448974609375,65.9655914306641,-0.19906377
-19.429759979248,66.108642578125,-0.20102772
-17.7866859436035,74.9412994384766,-0.14803794
-17.7179260253906,75.2082595825195,-0.13125234
-17.6829967498779,75.3415374755859,-0.13113292
-15.9205369949341,80.4223403930664,-0.12266995
-15.7377614974976,80.8021621704102,-0.09070662
-15.1226787567139,81.9299774169922,-0.01650196
-20.6421680450439,-74.2483520507812,-0.08445885
-20.6467571258545,-74.1809844970703,-0.09272724
-20.6512031555176,-74.1133422851562,-0.11372576
-19.4629383087158,63.3503684997559,-0.19897195
-19.0831604003906,66.2440414428711,-0.22231869
-17.2924156188965,75.0665893554688,-0.15170387
-15.0329685211182,80.7925872802734,-0.09636213
-14.326605796814,81.919792175293,-0.03158445
-20.4048023223877,-74.0442428588867,-0.1214976
-19.1570243835449,63.3428802490234,-0.19394123
-18.7560043334961,66.2361297607422,-0.22241609
-14.2480764389038,80.9077835083008,-0.07154234
-14.1651697158813,81.0336227416992,-0.06451499
-13.532187461853,81.9081420898438,-0.05726695
-20.1583347320557,-73.9749221801758,-0.11081946
-20.162425994873,-73.9065017700195,-0.12003346
-18.8511619567871,63.3350028991699,-0.1859085
-18.4289264678955,66.2277526855469,-0.21042275
-13.3505744934082,81.1468124389648,-0.04917831
-13.2544136047363,81.272102355957,-0.04421507
-12.8474645614624,81.7709274291992,-0.05107033
-19.9157848358154,-73.8367004394531,-0.11905622
-19.9196376800537,-73.7677383422852,-0.12769739
-19.923360824585,-73.698486328125,-0.13662425
-18.5453605651855,63.326732635498,-0.18416387
-18.1019382476807,66.2189178466797,-0.2059581
-12.408317565918,81.3831481933594,-0.02581466
-12.2976026535034,81.5078506469727,-0.02908862
-12.1842832565308,81.6323013305664,-0.05388571
-19.6764450073242,-73.6279449462891,-0.13726815
-19.6799411773682,-73.5581436157227,-0.14575979
-19.683313369751,-73.4880523681641,-0.15127122
-19.6865673065186,-73.4176712036133,-0.15740471
-19.6897048950195,-73.3469848632812,-0.16288339
-18.2184581756592,63.4645843505859,-0.16188454
-17.7750473022461,66.2096252441406,-0.18971108
-19.4423332214355,-73.275146484375,-0.17048114
-17.9118728637695,63.4554977416992,-0.16362824
-17.4482650756836,66.1998748779297,-0.19511232
-19.1919441223145,-73.2742767333984,-0.14695906
-17.5821304321289,63.5922355651855,-0.16582415
-17.5586566925049,63.7382431030273,-0.15603209
-17.1216049194336,66.1896667480469,-0.19327529
-18.9415626525879,-73.2734069824219,-0.17489834
-18.9445304870605,-73.2022171020508,-0.17354415
-18.9473876953125,-73.1307220458984,-0.17523725
-18.9501361846924,-73.0589294433594,-0.17638326
-18.9527778625488,-72.9868240356445,-0.17732275
-18.9553165435791,-72.914421081543,-0.18028295
-18.9577541351318,-72.8417053222656,-0.18077485
-17.2503681182861,63.7282829284668,-0.16585178
-16.795072555542,66.1790008544922,-0.18758348
-16.7657604217529,66.3214569091797,-0.184497
-16.7361469268799,66.463737487793,-0.1941875
-18.7098350524902,-72.7679977416992,-0.15970731
-16.9421768188477,63.7179222106934,-0.171286
-16.376148223877,66.5945892333984,-0.1859068
-18.4595813751221,-72.7673110961914,-0.18351226
-16.6340961456299,63.707160949707,-0.16697239
-16.0462303161621,66.5828628540039,-0.18405958
-18.2093315124512,-72.7666168212891,-0.1779886
-18.2484893798828,27.8390216827393,-0.0548109
-18.2476463317871,28.721134185791,-0.054895
-16.2986011505127,63.8416061401367,-0.16760978
-16.2707824707031,63.9870071411133,-0.1639895
-15.75013256073,66.4287109375,-0.18405762
-17.9590873718262,-72.7659149169922,-0.21515459
-17.9986248016357,27.6172695159912,-0.05098766
-17.9982604980469,28.0600242614746,-0.04957845
-17.9978294372559,28.5010528564453,-0.06965806
-17.9973239898682,28.9403419494629,-0.05358574
-15.931939125061,64.1204681396484,-0.15163351
-15.4563140869141,66.2740173339844,-0.16885447
-17.7088470458984,-72.7652130126953,-0.19237682
-17.7484149932861,27.8386993408203,-0.05848888
-17.7477779388428,28.5008449554443,-0.08281801
-17.7472610473633,28.9400997161865,-0.05942926
-15.6213455200195,64.1083297729492,-0.16629552
-15.1293897628784,66.2610092163086,-0.16323428
-17.458610534668,-72.7645111083984,-0.13750989
-17.5,14.8315315246582,-0.16001224
-17.4981784820557,28.0596675872803,-0.04758195
-17.4974708557129,28.7204627990723,-0.06987512
-17.4874820709229,32.8126258850098,-0.12525776
-15.2795286178589,64.2406005859375,-0.14622435
-14.8391923904419,66.1054000854492,-0.16348799
-17.2083797454834,-72.763801574707,-0.11452994
-17.25,14.5897264480591,-0.15547674
-17.25,15.0730667114258,-0.1560295
-17.25,21.245698928833,-0.15117947
-17.25,21.4785270690918,-0.15907021
-17.2483406066895,27.8383636474609,-0.06188164
-17.2479152679443,28.2801666259766,-0.05097194
-17.2380504608154,32.6006240844727,-0.1286105
-17.2362937927246,33.0227165222168,-0.12038898
-14.9682512283325,64.2275772094727,-0.1529648
-14.5880632400513,65.8068389892578,-0.15208609
-14.5511665344238,65.9492721557617,-0.15912249
-16.9605026245117,-72.6899642944336,-0.11400331
-17,12.8898735046387,-0.13541073
-17,13.1334543228149,-0.15156338
-17,13.3767938613892,-0.16945804
-17,14.1053228378296,-0.14876195
-17,14.3476552963257,-0.14569209
-17,15.0730667114258,-0.17715331
-17,15.3143272399902,-0.16804115
-17,21.0125026702881,-0.13408021
-16.9999980926514,21.7109851837158,-0.14854211
-16.9999961853027,21.9430713653564,-0.15128868
-16.9999942779541,22.1747817993164,-0.21377596
-16.9980945587158,28.0592918395996,-0.08082431
-16.9978675842285,28.2799606323242,-0.11612454
-16.9877815246582,32.5999145507812,-0.13325289
-16.9859867095947,33.0219383239746,-0.12662731
-14.6234455108643,64.3586196899414,-0.13795414
-14.2652635574341,65.7926559448242,-0.1587898
-16.7102928161621,-72.6892700195312,-0.12406272
-16.75,12.4020042419434,-0.05665644
-16.75,12.6460552215576,-0.03271063
-16.75,13.6198883056641,-0.21736691
-16.75,13.8627319335938,-0.18710562
-16.75,15.5553112030029,-0.1913493
-16.75,15.7960119247437,-0.18042527
-16.75,16.0364284515381,-0.18515143
-16.75,16.276554107666,-0.18764516
-16.75,20.7789421081543,-0.14621235
-16.7499904632568,22.4061107635498,-0.13913453
-16.7480525970459,28.0590991973877,-0.08430775
-16.7475700378418,28.4999656677246,-0.07415053
-16.7366199493408,32.8103942871094,-0.11886144
-14.2764501571655,64.4889068603516,-0.12625268
-14.2409925460815,64.6329193115234,-0.10478756
-13.9814395904541,65.6355438232422,-0.1484539
-16.4623603820801,-72.6151885986328,-0.11600432
-16.5,12.1577243804932,-0.00624377
-16.5,16.5163860321045,-0.20701989
-16.5,16.7559223175049,-0.18291089
-16.5,16.9951572418213,-0.20576698
-16.5,19.1340980529785,-0.22476656
-16.5,19.3701171875,-0.19292727
-16.5,19.6057929992676,-0.16004821
-16.5,19.8411273956299,-0.1248206
-16.5,20.5450229644775,-0.13607553
-16.4999885559082,22.4061069488525,-0.11712903
-16.4999847412109,22.6370544433594,-0.11366879
-16.4999752044678,22.867618560791,-0.11844549
-16.4982280731201,27.8378276824951,-0.08916153
-16.4975185394287,28.49973487854,-0.07531086
-13.89035987854,64.7621688842773,-0.10712473
-13.6602048873901,65.6205368041992,-0.15609214
-16.2121696472168,-72.6145172119141,-0.10155564
-16.25,11.9132204055786,-0.03209534
-16.25,17.2340850830078,-0.19538514
-16.25,17.4727058410645,-0.20750647
-16.25,17.7110137939453,-0.22532913
-16.25,17.9490070343018,-0.21503312
-16.25,18.1866779327393,-0.24343101
-16.25,18.4240283966064,-0.24015577
-16.25,18.6610488891602,-0.23110862
-16.25,18.897741317749,-0.17231604
-16.25,20.0761108398438,-0.13855147
-16.25,20.3107452392578,-0.13269336
-16.2499656677246,23.097785949707,-0.10326314
-16.2499523162842,23.3275718688965,-0.09164908
-16.2479705810547,28.0586986541748,-0.08594608
-16.2477283477783,28.279317855835,-0.08742149
-16.2471828460693,28.7192363739014,-0.08044644
-13.5374546051025,64.8906478881836,-0.12269235
-13.4986934661865,65.0339202880859,-0.12304961
-13.4594926834106,65.1769943237305,-0.12775833
-13.419846534729,65.3198776245117,-0.13560423
-13.37975025177,65.4625701904297,-0.15031231
-15.964183807373,-72.5401916503906,-0.11112932
-16,11.6684951782227,-0.03843492
-15.9999351501465,23.5569458007812,-0.09112692
-15.9999141693115,23.7859401702881,-0.08378307
-15.9981546401978,27.8374538421631,-0.08043692
-15.9979286193848,28.0584926605225,-0.0898159
-15.9974145889282,28.4992561340332,-0.0847975
-15.7140121459961,-72.5395355224609,-0.10758926
-15.75,11.6684951782227,0.03502454
-15.7498874664307,24.0145111083984,-0.05765908
-15.748330116272,27.6157989501953,-0.09113901
-15.7476358413696,28.278865814209,-0.08673115
-15.4659690856934,-72.464958190918,-0.12085628
-15.5,11.1784019470215,-0.04244624
-15.5,11.4235544204712,-0.03045105
-15.5,11.6684951782227,-0.0085153
-15.4998550415039,24.2426700592041,-0.05541116
-15.4982967376709,27.6156177520752,-0.07255942
-15.4975900650024,28.2786331176758,-0.06896521
-15.2178554534912,-72.3901062011719,-0.13027151
-15.25,10.9330415725708,0.0162457
-15.2498149871826,24.4704151153564,-0.04402332
-15.2480449676514,27.8368606567383,-0.08207317
-15.2478046417236,28.0578498840332,-0.07463994
-14.9696712493896,-72.3149719238281,-0.13624775
-15,10.687479019165,-0.05458537
-14.9997673034668,24.6977386474609,-0.01772051
-14.9997158050537,24.924690246582,-0.03003784
-14.9996557235718,25.1512279510498,-0.04599697
-14.999587059021,25.3773517608643,-0.06756302
-14.7195405960083,-72.3143844604492,-0.1393577
-14.7214193344116,-72.2395629882812,-0.14480689
-14.7232112884521,-72.1644134521484,-0.15292983
-14.75,10.4417161941528,-0.02802246
-14.75,10.687479019165,-0.03214701
-14.7495002746582,25.6029815673828,-0.05051045
-14.7494106292725,25.8282566070557,-0.06222704
-9.0582389831543,70.9055709838867,-0.18518132
-14.4748134613037,-72.0884094238281,-0.16526506
-14.5,10.1957597732544,-0.08306976
-14.4992971420288,26.0530128479004,-0.06838094
-14.4991807937622,26.2774276733398,-0.08164404
-14.4976816177368,28.0571689605713,-0.08614208
-8.76110744476318,70.7471771240234,-0.18478968
-8.60411357879639,71.0177459716797,-0.1835699
-8.52403163909912,71.1527938842773,-0.18303816
-14.2247104644775,-72.087890625,-0.15375543
-14.25,9.94961357116699,-0.09875544
-14.2490348815918,26.501293182373,-0.07263685
-14.2478981018066,27.8360176086426,-0.08888661
-14.2473592758179,28.2774028778076,-0.08694818
-14.2470550537109,28.4974250793457,-0.07707816
-14.2467250823975,28.7170009613037,-0.07380678
-8.30869197845459,70.8589172363281,-0.18743377
-8.06272792816162,71.2636566162109,-0.17817676
-13.9762573242188,-72.0116195678711,-0.16641807
-14,9.94961357116699,-0.05555898
-13.9990186691284,26.5011672973633,-0.06050732
-13.9975996017456,28.0566940307617,-0.0875315
-13.9963054656982,28.9357986450195,-0.07251427
-7.85218811035156,70.9696350097656,-0.18523426
-7.76832246780396,71.1044082641602,-0.18624821
-13.7261657714844,-72.011116027832,-0.1606702
-13.75,9.45676803588867,-0.10438368
-13.75,9.70328140258789,-0.06297464
-13.7488508224487,26.7245578765869,-0.05302949
-13.7472677230835,28.2768783569336,-0.13694744
-13.7469530105591,28.4968585968018,-0.13227314
-13.7466115951538,28.7163887023926,-0.07300282
-13.7458448410034,29.154088973999,-0.06502298
-13.4760761260986,-72.010612487793,-0.15648122
-13.5,8.96321582794189,-0.07120849
-13.5,9.21007823944092,-0.08327803
-13.4986610412598,26.9474811553955,-0.05126167
-13.4984722137451,27.170108795166,-0.06312158
-13.4982652664185,27.392297744751,-0.11310052
-13.4965553283691,28.7160739898682,-0.07884291
-13.4953413009644,29.3718681335449,-0.05775068
-13.2259902954102,-72.0101089477539,-0.15714407
-13.25,8.22163867950439,-0.1484718
-13.25,8.46899127960205,-0.11727091
-13.25,8.71618556976318,-0.07235766
-13.2480058670044,27.6138305664062,-0.06102978
-13.2477531433105,27.8351135253906,-0.08123669
-13.2461175918579,28.9347839355469,-0.07094139
-13.2457065582275,29.153356552124,-0.06100786
-12.9759063720703,-72.0095977783203,-0.15548464
-13,7.97413206100464,-0.13272679
-12.9974365234375,28.0556945800781,-0.06308829
-12.7258243560791,-72.0090866088867,-0.1541967
-12.75,7.47867298126221,-0.15369258
-12.75,7.72647523880005,-0.12506144
-12.7473964691162,28.0554332733154,-0.04436367
-12.4757452011108,-72.0085754394531,-0.15725208
-12.4773454666138,-71.9326324462891,-0.16172156
-12.4788656234741,-71.8563461303711,-0.16523659
-12.4803104400635,-71.7797164916992,-0.16803673
-12.4864721298218,-71.3914031982422,-0.17875699
-12.4875087738037,-71.3126983642578,-0.18192541
-12.5,7.2307300567627,-0.15891532
-12.4973554611206,28.0551700592041,-0.03123456
-12.2316226959229,-71.7023239135742,-0.17009426
-12.2341594696045,-71.5473861694336,-0.17573005
-12.2353267669678,-71.4693984985352,-0.1766128
-12.2384490966797,-71.2333297729492,-0.19407613
-12.25,7.2307300567627,-0.18370129
-12.2473154067993,28.0549011230469,-0.00750453
-11.9815664291382,-71.7018966674805,-0.17437284
-11.9828729629517,-71.624626159668,-0.17829454
-11.98841381073,-71.233024597168,-0.19219064
-12,6.98265075683594,-0.1848043
-11.9969511032104,28.2749042510986,-0.01564429
-11.7383785247803,-71.2327117919922,-0.182221
-11.75,6.98265075683594,-0.1707455
-11.7469062805176,28.2746047973633,0.00751652
-11.4883451461792,-71.2323989868164,-0.17437446
-11.489275932312,-71.1530609130859,-0.17751769
-11.4901504516602,-71.0733642578125,-0.17839734
-11.5,6.73443984985352,-0.1730454
-11.4965000152588,28.4940700531006,-0.01637631
-11.24094581604,-70.993049621582,-0.181005
-11.25,6.48610210418701,-0.17395159
-11.2460527420044,28.7130165100098,-0.04523931
-10.3455991744995,51.7654609680176,-0.12764081
-10.3254652023315,51.9296836853027,-0.13117386
-10.305027961731,52.0935440063477,-0.14584362
-10.1302871704102,53.3917007446289,-0.12917805
-10.1069993972778,53.5524101257324,-0.13123523
-10.083381652832,53.7127799987793,-0.12624341
-10.0594310760498,53.8728141784668,-0.11820937
-10.0351448059082,54.0325126647949,-0.12109693
-10.0105199813843,54.1918792724609,-0.16885746
-10.9909219741821,-70.9927825927734,-0.16842411
-11,6.48610210418701,-0.17467181
-10.9955615997314,28.9314403533936,-0.0396096
-10.1029558181763,51.5886878967285,-0.10943448
-10.0206365585327,52.2443046569824,-0.15964868
-9.9992790222168,52.4073143005371,-0.15947534
-9.88769817352295,53.2170867919922,-0.11903009
-9.71755409240723,54.3363914489746,-0.16675375
10.3930377960205,79.5956192016602,-0.21001447
10.7347841262817,79.7076873779297,-0.21950676
11.0834035873413,79.819221496582,-0.21194185
-10.7416734695435,-70.9121627807617,-0.1739957
-10.75,6.23764181137085,-0.21920377
-10.7455005645752,28.9310417175293,-0.05377728
-9.84054183959961,51.5763053894043,-0.10017584
-9.71341609954834,52.5567512512207,-0.14731152
-9.69111156463623,52.7189140319824,-0.13728948
-9.66848087310791,52.8807258605957,-0.12367993
-9.62222862243652,53.203311920166,-0.10800483
-9.4496488571167,54.3216438293457,-0.15967287
-7.53812026977539,62.1721229553223,-0.19605176
-7.48815441131592,62.3162536621094,-0.19496743
10.6106061935425,79.4281997680664,-0.21012485
12.0064039230347,79.8731689453125,-0.21654139
-10.4916524887085,-70.9119110107422,-0.16187653
-10.5,5.98906373977661,-0.17718973
-10.4949579238892,29.1488990783691,-0.11111255
-9.59856605529785,51.3992080688477,-0.09966772
-9.38045883178711,53.0283470153809,-0.11191608
-9.35684108734131,53.189323425293,-0.09692949
-9.18183994293213,54.3066635131836,-0.15132228
-7.29267358779907,62.005542755127,-0.1909329
-7.14053916931152,62.4375,-0.19086905
10.8222522735596,79.2604293823242,-0.20504343
12.5678052902222,79.8152236938477,-0.20956206
-10.2416334152222,-70.9116668701172,-0.15648758
-10.25,5.98906373977661,-0.21505806
-10.2443647384644,29.3662166595459,-0.07599467
-10.2437992095947,29.5835018157959,-0.08006373
-9.33655834197998,51.3865966796875,-0.09622882
-8.91413021087646,54.2914581298828,-0.13963363
-8.83267021179199,54.7649078369141,-0.13847681
-7.14704179763794,61.5493850708008,-0.20411179
-6.99813604354858,61.9829559326172,-0.19624268
-6.84378814697266,62.4144668579102,-0.19084969
10.3816051483154,78.8667449951172,-0.21425032
11.0282745361328,79.0923233032227,-0.20020568
13.4967164993286,79.8650741577148,-0.21265477
-9.99234485626221,-70.8307342529297,-0.16763172
-10,5.74037265777588,-0.19420149
-9.99310493469238,29.7997608184814,-0.07890881
-9.99020004272461,30.6620407104492,-0.11703026
-9.98935222625732,30.8764019012451,-0.06040567
-9.98845100402832,31.0902767181396,-0.06168308
-9.98749446868896,31.3036651611328,-0.09444387
-9.98648166656494,31.5165634155273,-0.10155785
-9.05368995666504,51.5380401611328,-0.07720125
-8.64651966094971,54.2760238647461,-0.11982959
-8.61937427520752,54.4340171813965,-0.11887443
-8.59185409545898,54.5916862487793,-0.11204969
-8.53567886352539,54.9060554504395,-0.12685319
-8.50701522827148,55.0627555847168,-0.14701925
-6.90404891967773,61.3820457458496,-0.20717743
-6.80516719818115,61.6714935302734,-0.20218471
-6.65232753753662,62.1039237976074,-0.21801155
-6.54734134674072,62.3910713195801,-0.19346894
10.5879402160645,78.6983413696289,-0.20718414
11.2289581298828,78.9238967895508,-0.20410692
11.5585632324219,79.0359115600586,-0.20208358
14.0494432449341,79.8047714233398,-0.20397513
-9.74232769012451,-70.8305053710938,-0.16980453
-9.74301147460938,-70.7494735717773,-0.17245908
-9.74364948272705,-70.6680755615234,-0.17290375
-9.74424266815186,-70.5863189697266,-0.17357561
-9.75,5.49157285690308,-0.19468934
-9.74235153198242,30.0154609680176,-0.07134452
-9.74164009094238,30.2312335968018,-0.07045037
-9.74088191986084,30.4465236663818,-0.06194339
-9.7352237701416,31.7280254364014,-0.06645896
-9.64194488525391,38.8473739624023,-0.11460195
-9.63716697692871,39.0418548583984,-0.12650081
-9.63224029541016,39.2358436584473,-0.11537221
-8.79154014587402,51.5249099731445,-0.0893792
-8.20821571350098,55.2025833129883,-0.15885512
-7.75275754928589,57.3576049804688,-0.15538831
-7.71697568893433,57.5093116760254,-0.15027744
-7.68073844909668,57.6607360839844,-0.16039073
-6.56304311752319,61.5040397644043,-0.20351287
-6.30474615097046,62.2239952087402,-0.21298095
10.7892055511475,78.5296249389648,-0.22663604
14.9830560684204,79.8504943847656,-0.20549765
15.3775215148926,79.9567642211914,-0.2011647
15.7796630859375,80.062385559082,-0.20214003
-9.49478340148926,-70.5040130615234,-0.17992673
-9.5,5.24266910552979,-0.19465566
-9.4838752746582,31.9388828277588,-0.08124343
-9.4826488494873,32.150203704834,-0.07398337
-9.48135566711426,32.361026763916,-0.08166151
-9.47999382019043,32.5713539123535,-0.10205797
-9.39528369903564,38.6488037109375,-0.11892325
-9.37562656402588,39.4253158569336,-0.11590879
-9.26244258880615,42.6393013000488,-0.14880681
-9.25412273406982,42.824104309082,-0.14568454
-9.24560070037842,43.0084381103516,-0.15579461
-9.23687648773193,43.1923141479492,-0.17599947
-8.52945899963379,51.5115928649902,-0.09357574
-7.93858623504639,55.1857872009277,-0.14262418
-7.51293516159058,57.186840057373,-0.1463591
-7.3669810295105,57.7925033569336,-0.16141649
-7.29119920730591,58.093635559082,-0.16123112
11.6153621673584,78.5861053466797,-0.20880102
16.7413120269775,80.1028594970703,-0.20015874
-9.24477291107178,-70.5038299560547,-0.16991142
-9.25,4.99366569519043,-0.205421
-9.22829437255859,32.7799377441406,-0.10016116
-9.14859676361084,38.4498977661133,-0.11311199
-9.11873722076416,39.6140289306641,-0.10729785
-9.1132173538208,39.8063354492188,-0.11105662
-9.10753536224365,39.9981536865234,-0.12018556
-9.10168838500977,40.1894874572754,-0.12610838
-9.04867935180664,41.7028045654297,-0.14219144
-9.04123497009277,41.889820098877,-0.14162327
-9.03359985351562,42.0763664245605,-0.14721682
-9.02577209472656,42.2624397277832,-0.14421436
-9.01774787902832,42.4480438232422,-0.14564782
-8.97460651397705,43.3690872192383,-0.17563202
-8.24537467956543,51.6615142822266,-0.07778201
-7.63846492767334,55.3243598937988,-0.11896307
-7.20167970657349,57.3194885253906,-0.14730473
-7.16495323181152,57.4708938598633,-0.14961297
-7.12775945663452,57.6220092773438,-0.16432521
-7.0519495010376,57.923397064209,-0.11422201
-6.97421360015869,58.2236671447754,-0.15814607
12.1221179962158,78.5287628173828,-0.21256353
17.2862586975098,80.0375366210938,-0.2019286
18.1406650543213,80.2428283691406,-0.18995991
18.5801849365234,80.3443832397461,-0.18776089
19.028148651123,80.4451904296875,-0.18825534
-8.99476337432861,-70.5036544799805,-0.15741399
-9,4.74456834793091,-0.20354936
-8.97802925109863,32.7786712646484,-0.09104595
-8.97648525238037,32.9878845214844,-0.0930705
-8.92234420776367,37.2649726867676,-0.11897073
-8.91852283477783,37.4631118774414,-0.10553308
-8.9145679473877,37.6607475280762,-0.10274991
-8.91047763824463,37.8578834533691,-0.09955978
-8.90625,38.0545234680176,-0.11240553
-8.90188121795654,38.2506637573242,-0.11104092
-8.89737033843994,38.4463043212891,-0.09815206
-8.84381008148193,40.3756294250488,-0.11439446
-8.83755302429199,40.5658760070801,-0.11203084
-8.83112049102783,40.7556381225586,-0.1120822
-8.82451057434082,40.9449157714844,-0.11442772
-8.81772136688232,41.133716583252,-0.11352325
-8.81075000762939,41.3220367431641,-0.11449128
-8.80359268188477,41.509880065918,-0.11500032
-8.72128391265869,43.3623542785645,-0.17759683
-7.96047592163086,51.8105773925781,-0.07140132
-7.36869430541992,55.3069267272949,-0.1025624
-6.88919496536255,57.4512634277344,-0.1451794
-6.81338167190552,57.7529029846191,-0.15190444
-6.65591526031494,58.3528175354004,-0.16360168
-6.61530447006226,58.5021057128906,-0.17000159
12.3009796142578,78.3591232299805,-0.22179897
17.8245372772217,79.9713821411133,-0.19911944
18.2499942779541,80.0737533569336,-0.19542558
20.0338249206543,80.4758148193359,-0.16693617
-8.74475383758545,-70.5034713745117,-0.15715119
-8.75,4.74456834793091,-0.18858339
-8.72456169128418,33.1951866149902,-0.09586065
-8.67515468597412,37.063404083252,-0.11697628
-8.45850467681885,43.5380897521973,-0.18845624
-7.67475366592407,51.9587745666504,-0.04922145
-7.0990514755249,55.289249420166,-0.0898145
-6.65126514434814,57.2802734375,-0.1136619
-6.57547187805176,57.582160949707,-0.16308596
-6.49773740768433,57.8829154968262,-0.18405158
-6.29465961456299,58.6299438476562,-0.17047971
12.7958660125732,78.3006973266602,-0.22367834
20.5754146575928,80.4055862426758,-0.16177856
-8.4947452545166,-70.5032958984375,-0.15976367
-8.5,4.49538087844849,-0.20242407
-8.47251892089844,33.4018363952637,-0.09381186
-8.42427730560303,37.0604362487793,-0.1167153
-8.19530200958252,43.7129974365234,-0.20935163
-7.3881983757019,52.1061019897461,-0.06834119
-6.82953786849976,55.2713279724121,-0.10935847
-6.41394710540771,57.1090431213379,-0.10338116
-6.29959392547607,57.5618171691895,-0.19412159
-6.18081712722778,58.0120429992676,-0.18377078
-6.14021921157837,58.1615600585938,-0.17841741
-6.09911060333252,58.3108024597168,-0.17269254
-6.05748558044434,58.4597702026367,-0.16677588
12.9635972976685,78.1305236816406,-0.23467731
21.1095695495605,80.3345565795898,-0.16939516
-8.24473762512207,-70.5031127929688,-0.16278427
-8.25,4.49538087844849,-0.19889371
-8.22035217285156,33.6078300476074,-0.08601883
-8.17340469360352,37.0574340820312,-0.11388532
-7.93166780471802,43.8870811462402,-0.22575034
-7.12538862228394,52.0912132263184,-0.04768502
-6.56015682220459,55.2531700134277,-0.08195387
-6.42725372314453,55.8699340820312,-0.14533745
-6.28716421127319,56.481803894043,-0.11810623
-6.2509880065918,56.6340255737305,-0.12185673
-6.21434116363525,56.785945892334,-0.11641769
-6.13961935043335,57.0889129638672,-0.1035023
-6.02389764785767,57.5411987304688,-0.18261381
-5.98433446884155,57.6913871765137,-0.17570334
-5.94426870346069,57.8412971496582,-0.17628957
13.4470739364624,78.0710601806641,-0.22705834
21.6363658905029,80.2627487182617,-0.1735727
22.1083335876465,80.3592987060547,-0.18854916
22.5888690948486,80.4550094604492,-0.19821388
-7.99417161941528,-70.5849685668945,-0.15184247
-8,4.49538087844849,-0.18569735
-7.97001361846924,33.6062355041504,-0.0811046
-7.92626762390137,36.855640411377,-0.11487047
-7.67808246612549,43.8795738220215,-0.24915174
-6.86266326904297,52.0761260986328,-0.08768097
-6.29090929031372,55.2347679138184,-0.08158682
-6.19074392318726,55.6973075866699,-0.14256086
-6.1217212677002,56.0041236877441,-0.10357418
-6.05086374282837,56.3097229003906,-0.08357503
-5.90350532531738,56.9173431396484,-0.10687529
-5.86546468734741,57.0685157775879,-0.09749095
-5.62677001953125,57.9695281982422,-0.17145614
13.6044244766235,77.9003753662109,-0.20604406
23.6009387969971,80.4752502441406,-0.18553679
-7.74416351318359,-70.5847778320312,-0.15967288
-7.75,4.24610805511475,-0.19010642
-7.71967697143555,33.604621887207,-0.08063853
-7.67167091369629,37.0513191223145,-0.12211649
-7.42451810836792,43.8719787597656,-0.2584274
-6.60002374649048,52.0608520507812,-0.09338118
-6.02179718017578,55.2161293029785,-0.09314062
-5.95470952987671,55.5244598388672,-0.12442844
-5.92048978805542,55.6781616210938,-0.13110803
-5.81507873535156,56.1374206542969,-0.07881781
-5.77901029586792,56.2899017333984,-0.07266429
-5.35004281997681,57.9478454589844,-0.16357376
-5.30799388885498,58.0968627929688,-0.1555698
-5.26541471481323,58.2456016540527,-0.14975232
-5.22230005264282,58.3940696716309,-0.14708337
-5.17864465713501,58.5422630310059,-0.14799355
13.7584629058838,77.7294464111328,-0.20254421
19.1586360931396,79.3266983032227,-0.22734065
19.5709667205811,79.4280853271484,-0.23314634
24.1160621643066,80.39990234375,-0.16894734
-7.49415636062622,-70.5845794677734,-0.16204944
-7.49471569061279,-70.502571105957,-0.16613149
-7.5,4.24610805511475,-0.19325303
-7.46733999252319,33.8097648620605,-0.07575167
-7.42081069946289,37.0482063293457,-0.11074699
-7.18145799636841,43.6833763122559,-0.23886534
-6.31204414367676,52.206226348877,-0.07455746
-6.2862377166748,52.3667144775391,-0.08096246
-6.12323331832886,53.3223114013672,-0.09350581
-6.09467315673828,53.4803733825684,-0.10150042
-6.0657057762146,53.6380996704102,-0.12365935
-6.03632736206055,53.7954902648926,-0.1267573
-6.00653457641602,53.9525451660156,-0.12605718
-5.81886577606201,54.8880004882812,-0.06881656
-5.78606700897217,55.042781829834,-0.10201107
-5.7191309928894,55.3513984680176,-0.1232395
-4.85547542572021,58.6673583984375,-0.14909514
13.5993270874023,77.447265625,-0.18697085
13.9093589782715,77.5582733154297,-0.18699173
14.5451679229736,77.7787628173828,-0.19674161
19.6534233093262,79.2577362060547,-0.21251788
20.067325592041,79.358512878418,-0.224371
25.1238059997559,80.4157485961914,-0.16994375
-7.24522924423218,-70.4200210571289,-0.16975595
-7.25,4.24610805511475,-0.19167307
-7.21698474884033,33.8080406188965,-0.07537909
-7.16995477676392,37.0450592041016,-0.10563627
-6.92804765701294,43.6757469177246,-0.22892463
-5.99674463272095,52.5106773376465,-0.10277961
-5.96988010406494,52.6702880859375,-0.11206881
-5.9426212310791,52.8295516967773,-0.11158776
-5.91496419906616,52.988468170166,-0.10821629
-5.88690662384033,53.1470413208008,-0.10957792
-5.70993328094482,54.091365814209,-0.12988519
-5.61573696136475,54.5590553283691,-0.0876664
-5.58346700668335,54.7143020629883,-0.07455645
-5.41540765762329,55.4857749938965,-0.13669009
-4.57673358917236,58.6442337036133,-0.14371853
13.7503232955933,77.2758560180664,-0.18775203
14.6865768432617,77.6073913574219,-0.19694069
15.0091323852539,77.7168655395508,-0.19526808
20.1423187255859,79.1880416870117,-0.20837442
20.557653427124,79.288215637207,-0.21432122
25.6242275238037,80.3382873535156,-0.1538194
-6.99522399902344,-70.4198532104492,-0.1675951
-7,4.49538087844849,-0.19475449
-6.96449089050293,34.0124053955078,-0.08040717
-6.91910362243652,37.041877746582,-0.12226932
-6.67465877532959,43.6680335998535,-0.22650895
-5.41236591339111,54.2292861938477,-0.1063284
-5.38063192367554,54.3850059509277,-0.10330739
-5.28278017044067,54.850227355957,-0.11303203
-5.24926614761353,55.0046577453613,-0.13202839
-5.21529722213745,55.1587753295898,-0.11957023
-5.11061859130859,55.6192474365234,-0.11260617
-4.29822015762329,58.6208152770996,-0.13862903
14.2023544311523,77.2152481079102,-0.16482223
20.6253700256348,79.1176452636719,-0.19426166
21.4657096862793,79.316032409668,-0.19902359
26.1171188354492,80.2601470947266,-0.1383702
-6.74521923065186,-70.4196853637695,-0.16677183
-6.75,4.49538087844849,-0.18602366
-6.71185493469238,34.2160797119141,-0.08358072
-6.70949125289917,34.421070098877,-0.08269142
-6.66825675964355,37.0386619567871,-0.0804082
-6.4212908744812,43.660228729248,-0.22142801
-5.81409311294556,50.2102127075195,-0.12339905
-5.04835367202759,54.6764183044434,-0.13501555
-4.91195726394653,55.2928047180176,-0.11006279
-4.87669801712036,55.446117401123,-0.10553035
-4.84096574783325,55.5991172790527,-0.09918831
-4.01993799209595,58.5971031188965,-0.13464855
14.6505088806152,77.1539459228516,-0.15956163
21.1026268005371,79.0465393066406,-0.18395243
22.3771553039551,79.3411560058594,-0.19230801
26.6025924682617,80.1813430786133,-0.12823201
-6.49569749832153,-70.3368072509766,-0.18208822
-6.5,4.74456834793091,-0.19345492
-6.45657825469971,34.6234359741211,-0.08698183
-6.45397663116455,34.8273010253906,-0.09160554
-6.45126390457153,35.0306434631348,-0.09078129
-6.42893171310425,36.4394416809082,-0.08806819
-6.42523002624512,36.638614654541,-0.08303482
-6.42139196395874,36.837272644043,-0.07305572
-6.16794490814209,43.6523361206055,-0.20311978
-5.57660722732544,50.0313568115234,-0.10000409
-5.5322208404541,50.3601417541504,-0.13550481
-5.31427431106567,51.8211059570312,-0.11872355
-5.28815269470215,51.9816055297852,-0.10869672
-4.87954425811768,54.1920166015625,-0.13395076
-4.7810001373291,54.6571273803711,-0.14945631
-4.01330852508545,57.6867828369141,-0.10431852
-3.96947956085205,57.8351936340332,-0.10570321
-3.92509508132935,57.9833221435547,-0.10708354
-3.69464445114136,58.7198638916016,-0.13291788
-3.59837603569031,59.0125999450684,-0.12378959
-3.54934191703796,59.1585731506348,-0.12973176
14.7872581481934,76.9819107055664,-0.16790186
19.1999988555908,78.3697052001953,-0.14860282
19.5796718597412,78.4722518920898,-0.14766067
19.9656085968018,78.5741271972656,-0.14740146
21.5741424560547,78.9747467041016,-0.17422655
22.8516101837158,79.2675323486328,-0.18271782
27.0807571411133,80.1018753051758,-0.15426278
-6.24569416046143,-70.3366470336914,-0.18216514
-6.25,4.74456834793091,-0.19672006
-6.19791221618652,35.231071472168,-0.09247316
-6.19493961334229,35.4332809448242,-0.0821755
-6.19184637069702,35.6349639892578,-0.11174921
-6.18181419372559,36.2368774414062,-0.07128271
-5.91462087631226,43.6443557739258,-0.22815031
-5.31739711761475,50.0171012878418,-0.09636996
-5.27256727218628,50.3455276489258,-0.14022181
-5.24960803985596,50.5091667175293,-0.13919008
-5.07842636108398,51.6441917419434,-0.12453678
-4.99927186965942,52.1251449584961,-0.12238301
-4.85928344726562,52.9196548461914,-0.13718108
-4.77029323577881,53.3922004699707,-0.14556233
-4.64560270309448,54.0175437927246,-0.13072753
-4.58060073852539,54.3282279968262,-0.14700893
-4.51378536224365,54.6376113891602,-0.14673365
-3.73827791213989,57.6635932922363,-0.11129757
-3.60375642776489,58.1074333190918,-0.09563352
-3.41634964942932,58.695384979248,-0.13306479
-3.36802268028259,58.8416976928711,-0.13886501
-3.21940398216248,59.2790603637695,-0.13307359
15.2259902954102,76.9197387695312,-0.17479
19.2840042114258,78.1980895996094,-0.15513969
20.4270267486572,78.5040130615234,-0.14691968
21.626895904541,78.8037872314453,-0.16223619
23.3200168609619,79.193229675293,-0.16837099
27.5517272949219,80.0217742919922,-0.1499707
-5.99569129943848,-70.3364944458008,-0.16848927
-6,4.74456834793091,-0.19701231
-5.93801546096802,35.8334197998047,-0.0804943
-5.93463945388794,36.0339584350586,-0.08888914
-5.6613187789917,43.6362915039062,-0.21213599
-5.05825662612915,50.0026817321777,-0.09260109
-4.96624612808228,50.657283782959,-0.14101965
-4.81693649291992,51.6279487609863,-0.11573991
-4.7370023727417,52.1083564758301,-0.11725422
-4.62473726272583,52.7439231872559,-0.12805902
-4.56610298156738,53.0596160888672,-0.14776503
-4.5361475944519,53.2169456481934,-0.14476851
-4.47494125366211,53.530590057373,-0.12575339
-4.34723901748657,54.1538619995117,-0.12700872
-4.21227312088013,54.7718925476074,-0.1332871
-3.41873908042908,57.7881698608398,-0.11583184
-3.28114938735962,58.2306175231934,-0.10648813
-3.13830018043518,58.6706085205078,-0.14667758
-3.08948731422424,58.8167343139648,-0.14887375
-2.99003005027771,59.1081962585449,-0.18611086
15.354962348938,76.747314453125,-0.18941483
18.6437168121338,77.8189239501953,-0.15837137
19.0022315979004,77.9229125976562,-0.16691951
19.366512298584,78.0262756347656,-0.16351068
20.4949321746826,78.3324966430664,-0.14947579
21.6787910461426,78.6326217651367,-0.15303099
24.223653793335,79.2130889892578,-0.16473802
24.6719284057617,79.3070907592773,-0.15115834
26.0600891113281,79.5840759277344,-0.1399904
26.5375747680664,79.674674987793,-0.14757026
27.0225963592529,79.7643814086914,-0.14682358
27.5152473449707,79.8531799316406,-0.15265678
-5.74568843841553,-70.3363342285156,-0.15429098
-5.75,4.99366569519043,-0.19908825
-5.68740510940552,35.8306884765625,-0.07082401
-5.68399572372437,36.0311279296875,-0.08410069
-5.40803956985474,43.6281394958496,-0.21160099
-4.98718452453613,48.4941062927246,-0.11402242
-4.77651739120483,50.1521415710449,-0.08944657
-4.68212842941284,50.8044891357422,-0.13218528
-4.65758609771729,50.9666366577148,-0.1396596
-4.55553770065308,51.6115264892578,-0.09846548
-4.44711494445801,52.2506103515625,-0.11492004
-4.36147785186768,52.7261962890625,-0.11548901
-4.21022844314575,53.5119285583496,-0.11458093
-3.94500350952148,54.7517318725586,-0.12228206
-3.14369750022888,57.7642402648926,-0.10384759
-2.95726728439331,58.3528633117676,-0.11152177
-2.90918397903442,58.4993362426758,-0.12810103
-2.76129627227783,58.9371490478516,-0.12148299
15.7846279144287,76.6843109130859,-0.2054139
17.7040615081787,77.3309860229492,-0.21244758
18.0418815612793,77.4368286132812,-0.19092999
18.3850555419922,77.5420913696289,-0.18058164
18.7336750030518,77.6467590332031,-0.18512727
20.5617237091064,78.1607818603516,-0.15571912
22.1317768096924,78.5600280761719,-0.15100511
25.5849742889404,79.3227996826172,-0.16164652
26.0478343963623,79.4145050048828,-0.15975956
-5.49568653106689,-70.3361740112305,-0.14765895
-5.5,4.99366569519043,-0.19541443
-5.43679809570312,35.8279304504395,-0.09271517
-5.43335628509521,36.0282707214355,-0.09361661
-5.15478324890137,43.6198997497559,-0.22126743
-4.7869987487793,47.9763336181641,-0.15531032
-4.74930858612061,48.3131980895996,-0.11252997
-4.7102746963501,48.6484298706055,-0.11006065
-4.49404907226562,50.3006858825684,-0.09106785
-4.37208414077759,51.1123657226562,-0.10487924
-4.29423093795776,51.5949211120605,-0.08276378
-4.15638303756714,52.3919410705566,-0.08623652
-4.12756729125977,52.5502815246582,-0.09434736
-4.09832763671875,52.7082710266113,-0.09514553
-3.97705388069153,53.336784362793,-0.08861689
-3.74761462211609,54.4237327575684,-0.13404658
-3.7129852771759,54.5776977539062,-0.13313452
-3.67788028717041,54.7313461303711,-0.11512342
-2.86887860298157,57.7400321960449,-0.10980496
16.2106323242188,76.6206665039062,-0.23458177
17.4758968353271,77.0519714355469,-0.23089838
17.8046588897705,77.1584396362305,-0.22475487
20.6274929046631,77.9888687133789,-0.14743168
22.5794563293457,78.4867858886719,-0.14903338
-5.24568510055542,-70.3360214233398,-0.14722961
-5.25,4.99366569519043,-0.18445831
-5.18953800201416,35.6243782043457,-0.09700613
-5.17911243438721,36.2250862121582,-0.10835426
-4.90154981613159,43.611572265625,-0.20840498
-4.54887914657593,47.7947807312012,-0.14521081
-4.51150894165039,48.1321105957031,-0.14124248
-4.49232149124146,48.3001556396484,-0.08580327
-4.43271112442017,48.8018417358398,-0.1157684
-4.23469400405884,50.2854080200195,-0.10175666
-4.08580303192139,51.2571754455566,-0.08821245
-4.05961132049561,51.4178352355957,-0.0853219
-3.71288084983826,53.3178939819336,-0.09366904
-3.51577186584473,54.2494010925293,-0.12219026
-2.59428477287292,57.7155532836914,-0.10934647
-1.65993773937225,60.3239402770996,-0.1690308
-1.60172951221466,60.4664115905762,-0.17938217
16.6329860687256,76.5563812255859,-0.25715258
17.2586002349854,76.7721252441406,-0.24668846
17.5786743164062,76.8791961669922,-0.2415274
21.0657520294189,77.9178466796875,-0.1522997
22.6184921264648,78.315315246582,-0.1345069
-4.99568367004395,-70.3358612060547,-0.1498454
-5,4.99366569519043,-0.19223614
-4.94221448898315,35.420467376709,-0.10903076
-4.92466688156128,36.4211387634277,-0.11079466
-4.65964603424072,43.4233512878418,-0.20722175
-4.29246187210083,47.782154083252,-0.14723829
-4.17523670196533,48.7880973815918,-0.15351664
-3.97541570663452,50.2699699401855,-0.09982313
-3.82516598701477,51.2405891418457,-0.07385587
-3.79873514175415,51.4010581970215,-0.07041458
-3.41682934761047,53.4546928405762,-0.08823883
-3.28423047065735,54.0749092102051,-0.1084537
-2.79968500137329,56.0551071166992,-0.06495124
-2.75882768630981,56.2052688598633,-0.07058045
-2.71743440628052,56.3551330566406,-0.07377534
-2.67549991607666,56.5046997070312,-0.08513019
-2.31991863250732,57.6907958984375,-0.11188347
-1.43494260311127,60.1530990600586,-0.18322726
-1.25868880748749,60.5799102783203,-0.18263673
17.3634357452393,76.5991287231445,-0.24787114
20.7562999725342,77.6445007324219,-0.18468445
21.1249542236328,77.7456741333008,-0.17773256
23.055103302002,78.2414093017578,-0.13833316
-4.74612951278687,-70.2527008056641,-0.16356992
-4.75,4.99366569519043,-0.19132233
-4.69482660293579,35.2161903381348,-0.10476223
-4.67397117614746,36.4179763793945,-0.11139252
-4.40656089782715,43.4150199890137,-0.20373456
-4.03609561920166,47.7693939208984,-0.14775196
-3.91782355308533,48.7742118835449,-0.15493911
-3.7401123046875,50.0914649963379,-0.10740948
-3.56461954116821,51.2238235473633,-0.04640779
-3.53795194625854,51.3840980529785,-0.04659287
-3.15261459350586,53.4351959228516,-0.04616582
-3.11986589431763,53.5905532836914,-0.0547416
-3.08665347099304,53.7455749511719,-0.09262029
-3.05297327041626,53.9002685546875,-0.09552934
-3.01882100105286,54.0546264648438,-0.09755855
-2.52989816665649,56.0322608947754,-0.06718117
-2.36172294616699,56.6303329467773,-0.08605662
-2.3183012008667,56.7791137695312,-0.08276755
-2.04578232765198,57.6657638549805,-0.11168673
-1.21062052249908,59.9820976257324,-0.19180628
-0.914167106151581,60.6924362182617,-0.21297736
20.8194904327393,77.4720458984375,-0.19746672
23.4866600036621,78.1668853759766,-0.14285517
-4.49612903594971,-70.252555847168,-0.16445077
-4.5,4.99366569519043,-0.19176096
-4.44432306289673,35.2136268615723,-0.10344338
-4.41928720474243,36.613109588623,-0.11874002
-4.14199209213257,43.5860824584961,-0.20207624
-3.77978205680847,47.7565040588379,-0.14451925
-3.66047239303589,48.760181427002,-0.15701975
-3.45709371566772,50.238597869873,-0.09452716
-3.43259811401367,50.4009208679199,-0.09012365
-3.40771007537842,50.5628662109375,-0.08332941
-3.30416488647461,51.2068862915039,-0.02654221
-3.27726268768311,51.3669624328613,-0.02377911
-2.26029706001282,56.0091667175293,-0.07050928
-2.00244617462158,56.9033050537109,-0.08175486
-1.95749938488007,57.0513076782227,-0.08609938
-1.9119747877121,57.1990203857422,-0.08968837
-1.86586689949036,57.3464508056641,-0.09636955
-1.81916999816895,57.493595123291,-0.10147739
-0.870906114578247,60.0959091186523,-0.2048121
-0.81181800365448,60.2380180358887,-0.21250548
-0.752007246017456,60.3798789978027,-0.2264114
-0.691465854644775,60.5214920043945,-0.2328484
21.2413597106934,77.4008026123047,-0.20622575
23.5142383575439,77.9951629638672,-0.13773957
58.4371604919434,81.9258346557617,-0.27249997
-4.24612903594971,-70.2524108886719,-0.16643379
-4.25,4.99366569519043,-0.1901277
-4.19382286071777,35.2110328674316,-0.10172065
-4.16856479644775,36.6097755432129,-0.12667109
-3.88885450363159,43.5774192810059,-0.19985928
-3.52352118492126,47.743480682373,-0.13598609
-3.38188171386719,48.9116706848145,-0.15710944
-3.14824199676514,50.5465431213379,-0.08660896
-3.04380321502686,51.1897735595703,-0.01696547
-3.01666855812073,51.3496513366699,-0.0124808
-2.03229308128357,55.8359642028809,-0.06622988
22.0244312286377,77.4291763305664,-0.18172963
23.9354400634766,77.9200286865234,-0.12881824
57.8844032287598,81.7888946533203,-0.27376653
59.3879508972168,81.8435134887695,-0.27626622
-3.99612927436829,-70.2522659301758,-0.17007364
-4,4.99366569519043,-0.18815535
-3.9400942325592,35.4097518920898,-0.1090171
-3.9178478717804,36.6064147949219,-0.1318771
-3.63574147224426,43.5686683654785,-0.19675773
-3.28631472587585,47.5619850158691,-0.14086464
-3.12447619438171,48.897159576416,-0.16551218
-2.88885879516602,50.5300559997559,-0.08785345
-1.76342248916626,55.8125839233398,-0.05778883
22.4383029937744,77.3562164306641,-0.17428354
24.7515392303467,77.9397964477539,-0.17116608
58.8278656005859,81.7079544067383,-0.27929033
62.5618324279785,81.8243026733398,-0.22682742
-3.74612998962402,-70.2521133422852,-0.17423532
-3.75,4.99366569519043,-0.18595681
-3.68957281112671,35.4070129394531,-0.11458405
-3.66713571548462,36.6030197143555,-0.13982384
-3.38265323638916,43.5598335266113,-0.19405689
-3.03031873703003,47.5488967895508,-0.12580534
-2.88879656791687,48.7172393798828,-0.20130174
-2.62956118583679,50.5134010314941,-0.0890165
-1.57731938362122,55.4891471862793,-0.04599359
-1.536301612854,55.6392059326172,-0.05184123
22.4810104370117,77.1835403442383,-0.17290852
23.980598449707,77.5760116577148,-0.15702441
24.3692169189453,77.6723861694336,-0.15588899
25.1634101867676,77.8629531860352,-0.16887914
50.4342727661133,81.1741256713867,-0.27208342
57.5535469055176,81.5426559448242,-0.28345118
61.9629287719727,81.6936798095703,-0.24315176
63.4431686401367,81.7323532104492,-0.2557421
-3.49613118171692,-70.2519683837891,-0.17767723
-3.5,4.99366569519043,-0.18111415
-3.44234204292297,35.2031173706055,-0.14386364
-3.416428565979,36.5995941162109,-0.1526635
-3.12959027290344,43.5509147644043,-0.19309127
-2.79334425926208,47.367301940918,-0.10421556
-2.63169956207275,48.7026405334473,-0.18613663
-2.3703498840332,50.49658203125,-0.09169641
-1.43031859397888,55.0143051147461,-0.03222784
-1.39058256149292,55.1650810241699,-0.0335319
-1.3503121137619,55.3155479431152,-0.04102139
23.2530136108398,77.2085800170898,-0.16725129
23.6256275177002,77.3065032958984,-0.15952994
24.0036029815674,77.4037399291992,-0.1560551
25.170389175415,77.6912002563477,-0.15845365
45.3987884521484,80.677116394043,-0.23809606
46.044189453125,80.7309646606445,-0.23565122
46.6952629089355,80.7834701538086,-0.23329672
47.351879119873,80.8346328735352,-0.23674763
48.0139007568359,80.8844375610352,-0.24217411
50.0309410095215,81.0255889892578,-0.25808361
51.3998146057129,81.1127243041992,-0.27851585
55.606014251709,81.3399658203125,-0.29011565
56.3193588256836,81.372802734375,-0.29012733
57.0356063842773,81.4041900634766,-0.28440909
58.4758453369141,81.4626159667969,-0.28062956
62.8400459289551,81.6031112670898,-0.24077793
64.3021697998047,81.6384429931641,-0.24344431
-3.24613261222839,-70.251823425293,-0.18418712
-3.25,4.99366569519043,-0.175983
-3.19185495376587,35.2004280090332,-0.1563369
-3.16572618484497,36.5961380004883,-0.15977136
-2.87655282020569,43.5419120788574,-0.19284302
-2.53760671615601,47.3541603088379,-0.0840334
-2.37466788291931,48.6879043579102,-0.16855279
-2.11122632026672,50.4795989990234,-0.10150396
-1.20317721366882,54.8403816223145,-0.02810239
45.0848846435547,80.5221633911133,-0.23806072
48.9732780456543,80.8298797607422,-0.24576037
49.6393890380859,80.8764266967773,-0.24572021
50.3102607727051,80.9216003417969,-0.26362836
50.985725402832,80.9653854370117,-0.27603522
55.1245880126953,81.1985549926758,-0.29001649
57.9506645202637,81.3254852294922,-0.27686755
63.6955528259277,81.5105743408203,-0.2491204
-2.99613451957703,-70.2516784667969,-0.19572758
-3,4.99366569519043,-0.15789741
-2.93802976608276,35.3986396789551,-0.13774589
-2.91502928733826,36.5926513671875,-0.16545622
-2.6235408782959,43.532829284668,-0.19149703
-2.33765363693237,46.8343734741211,-0.10343525
-2.31941962242126,47.0036430358887,-0.09278225
-2.30084347724915,47.1724853515625,-0.08180626
-2.1177020072937,48.673023223877,-0.15312931
-2.00294423103333,49.4923057556152,-0.15341237
-1.97882485389709,49.6549682617188,-0.14612346
-1.82563126087189,50.622802734375,-0.08280135
-0.976298689842224,54.6663398742676,-0.03175613
46.0335502624512,80.4761581420898,-0.24313503
46.6683692932129,80.5289154052734,-0.24959212
47.3084716796875,80.5803604125977,-0.24985133
47.953727722168,80.6304702758789,-0.25215277
51.2524223327637,80.860710144043,-0.27493665
55.3480911254883,81.0912704467773,-0.28454504
56.0425910949707,81.1247711181641,-0.24932395
56.7399215698242,81.1568450927734,-0.28461334
57.4398574829102,81.1875,-0.2841534
-2.74613690376282,-70.2515335083008,-0.20092705
-2.74654722213745,-70.1682357788086,-0.20004449
-2.75,4.99366569519043,-0.14993474
-2.69089150428772,35.1949844360352,-0.16033629
-2.66433715820312,36.5891342163086,-0.17129842
-2.38274049758911,43.3454093933105,-0.19845299
-2.10048580169678,46.6520767211914,-0.08405195
-1.86080276966095,48.6580085754395,-0.13046954
-1.79258334636688,49.1501541137695,-0.13000185
-1.76906847953796,49.313404083252,-0.12118041
-1.6961487531662,49.8007698059082,-0.14788961
-1.56648027896881,50.605281829834,-0.08069946
-0.710595548152924,54.6432685852051,-0.03172646
46.9710426330566,80.427490234375,-0.25207717
47.6057205200195,80.4784164428711,-0.25359024
51.5133514404297,80.7558364868164,-0.27555152
54.2016944885254,80.9134216308594,-0.28859423
54.8825454711914,80.949333190918,-0.28435522
56.9429168701172,81.0486755371094,-0.28233643
57.6349296569824,81.0789794921875,-0.28280816
60.4230651855469,81.1861267089844,-0.22540905
61.1239471435547,81.2094039916992,-0.25666055
-2.4969265460968,-70.0844268798828,-0.20628999
-2.5,4.74456834793091,-0.18488727
-2.4404149055481,35.1922264099121,-0.15553718
-2.40922594070435,36.7824325561523,-0.18767716
-2.12987422943115,43.3363456726074,-0.2054517
-1.86330020427704,46.4696235656738,-0.08669065
-1.84547019004822,46.6393699645996,-0.07078454
-1.60397088527679,48.6428489685059,-0.09901963
-1.58144569396973,48.8070945739746,-0.10888521
-1.55853497982025,48.9709358215332,-0.11121329
-1.43807077407837,49.7841453552246,-0.14368282
-1.30742168426514,50.5876007080078,-0.08270042
-0.484427750110626,54.469108581543,-0.04305835
46.643310546875,80.2741012573242,-0.25511163
51.7686958312988,80.6507720947266,-0.27838295
53.75927734375,80.7697372436523,-0.28167841
58.5118675231934,80.9989166259766,-0.2690179
59.8900146484375,81.051872253418,-0.26097664
61.9673881530762,81.1208801269531,-0.26027445
64.0512847900391,81.177490234375,-0.273022
64.7462539672852,81.1936264038086,-0.27328936
-2.24692893028259,-70.0843048095703,-0.20218598
-2.25,4.74456834793091,-0.19171861
-2.18994212150574,35.1894454956055,-0.15663043
-2.15851020812988,36.7787284851074,-0.18891258
-1.86466264724731,43.5050849914551,-0.21333557
-1.62608861923218,46.2870216369629,-0.06270042
-1.20515251159668,49.6057319641113,-0.13659022
-1.02086007595062,50.7290878295898,-0.07096854
-0.25847914814949,54.2948532104492,-0.0475692
46.9392471313477,80.1726760864258,-0.25440199
49.4441146850586,80.3696899414062,-0.26432239
50.0815734863281,80.4156494140625,-0.26572693
50.7232513427734,80.4602813720703,-0.26571053
51.3689880371094,80.5035781860352,-0.26801816
53.9892921447754,80.6632232666016,-0.2815807
54.65283203125,80.6997222900391,-0.27519931
55.3193855285645,80.7348556518555,-0.27043244
58.6903800964355,80.8898544311523,-0.27299421
60.735954284668,80.96630859375,-0.25828693
61.4203186035156,80.9890441894531,-0.26032726
63.4777412414551,81.0490646362305,-0.27192514
65.5367736816406,81.0969161987305,-0.26132419
-1.99693155288696,-70.0841827392578,-0.1970529
-2,4.49538087844849,-0.19035402
-1.93947267532349,35.1866416931152,-0.16830483
-1.90780007839203,36.7749977111816,-0.17847189
-1.61175632476807,43.4956703186035,-0.21340323
-1.59901010990143,43.6728858947754,-0.21294345
-1.58597648143768,43.8496170043945,-0.20973596
-1.57265210151672,44.0258674621582,-0.20382464
-1.55903363227844,44.2016372680664,-0.19619499
-1.42266929149628,45.7624664306641,-0.08505865
-1.37142956256866,46.2744941711426,-0.03588761
-0.972272515296936,49.4272003173828,-0.13380022
-0.761787593364716,50.7108612060547,-0.08595421
-0.0710756704211235,53.9691047668457,-0.05387121
-0.0327333062887192,54.1204986572266,-0.04848306
47.2294464111328,80.0710067749023,-0.25471681
49.0853538513184,80.2192535400391,-0.26049714
49.7128410339355,80.2660675048828,-0.26737799
52.9103126525879,80.4802627563477,-0.27634909
53.5607147216797,80.5190811157227,-0.27663132
54.8710670471191,80.592658996582,-0.27326041
55.530647277832,80.6274108886719,-0.26658934
57.5247192382812,80.7234802246094,-0.26733904
58.19384765625,80.7527694702148,-0.2667397
59.5375289916992,80.8072509765625,-0.27755824
60.2116508483887,80.8324508666992,-0.27481581
60.8870048522949,80.8562850952148,-0.2717712
61.5633697509766,80.8787612915039,-0.27137502
62.2405281066895,80.8998870849609,-0.27042121
62.9182472229004,80.9196624755859,-0.27094534
65.6302947998047,80.9853820800781,-0.25988466
-1.74693441390991,-70.0840530395508,-0.20637404
-1.75,4.74456834793091,-0.16664792
-1.68900692462921,35.1838111877441,-0.18301405
-1.65240550041199,36.967155456543,-0.1723596
-1.64754843711853,37.162525177002,-0.17422578
-1.64252102375031,37.3573379516602,-0.18082011
-1.29175591468811,44.3664894104004,-0.16193133
-1.2774361371994,44.5411148071289,-0.15177934
-1.26280987262726,44.7152709960938,-0.14152049
-1.24787378311157,44.8889579772949,-0.1276219
-1.23262441158295,45.0621757507324,-0.11557787
-1.2170581817627,45.2349319458008,-0.08342178
-1.20117175579071,45.4072265625,-0.07660838
-1.18496179580688,45.5790596008301,-0.05682759
-1.15155708789825,45.9213600158691,-0.05289039
-1.13435554504395,46.0918350219727,-0.03587959
-0.714800536632538,49.4105567932129,-0.09487648
-0.502812385559082,50.6924705505371,-0.09702919
0.117176778614521,53.6427345275879,-0.07712782
0.154739215970039,53.7945594787598,-0.06620962
48.1230659484863,80.0193099975586,-0.25224108
48.736499786377,80.068244934082,-0.25707335
49.3542518615723,80.1158905029297,-0.26194496
50.6021690368652,80.2072830200195,-0.26838776
52.5029411315918,80.3344955444336,-0.27527207
53.7875785827637,80.4126586914062,-0.27606707
54.4346389770508,80.4497299194336,-0.27082629
56.3926315307617,80.5528564453125,-0.26525432
57.0502777099609,80.5845336914062,-0.26545358
59.0354385375977,80.6714401245117,-0.26265343
65.7216339111328,80.8738021850586,-0.25752366
-1.49693763256073,-70.0839309692383,-0.21316595
-1.5,4.99366569519043,-0.14091207
-1.43504452705383,35.3812370300293,-0.17791561
-1.39171493053436,37.3531532287598,-0.17785869
-0.457408368587494,49.3937644958496,-0.09374977
-0.243935257196426,50.6739158630371,-0.07378827
0.199021637439728,52.8569145202637,-0.10305513
0.234276190400124,53.0101928710938,-0.09784073
0.306304752826691,53.315731048584,-0.07478152
0.343087792396545,53.4679946899414,-0.06747589
50.2343101501465,80.0582122802734,-0.23638795
50.8546524047852,80.1028060913086,-0.26903004
52.1064605712891,80.1880722045898,-0.27389538
54.0097045898438,80.3060836791992,-0.27586103
55.9396286010742,80.4121246337891,-0.26581833
56.5880470275879,80.4448013305664,-0.26552776
57.238712310791,80.4761352539062,-0.26556377
57.891429901123,80.5061340332031,-0.26831669
58.5460090637207,80.534782409668,-0.2667186
59.2022552490234,80.5620956420898,-0.26477729
64.4874572753906,80.7326812744141,-0.24451167
65.1493682861328,80.7480850219727,-0.25494693
-1.24694120883942,-70.0838088989258,-0.21383529
-1.24728512763977,-69.9997940063477,-0.21622902
-1.24759948253632,-69.9153900146484,-0.2174945
-1.2478860616684,-69.8305969238281,-0.21628216
-1.25,4.99366569519043,-0.14875168
-1.18089199066162,35.5778503417969,-0.18039793
-1.1356383562088,37.5429306030273,-0.18603657
-0.200096607208252,49.376823425293,-0.08505819
0.014843019656837,50.655200958252,-0.07635952
0.4608373939991,52.8350410461426,-0.11313698
0.532337963581085,53.1408004760742,-0.09184021
50.4873657226562,79.953987121582,-0.26899704
51.7205123901367,80.0410003662109,-0.27206426
52.9675445556641,80.122802734375,-0.26859831
53.5958862304688,80.1617431640625,-0.26711316
55.4982833862305,80.2706451416016,-0.26650721
61.973388671875,80.5475082397461,-0.24955114
62.6272926330566,80.5679244995117,-0.2549782
63.281551361084,80.5870361328125,-0.25150724
63.9359664916992,80.604850769043,-0.19907277
-0.998148858547211,-69.7453231811523,-0.21121841
-1,4.99366569519043,-0.17423803
-0.926543951034546,35.7736473083496,-0.18136135
-0.884808301925659,37.5385437011719,-0.18397236
0.0571340210735798,49.3597412109375,-0.07910507
0.0826821774244308,49.520679473877,-0.08959285
0.108651265501976,49.6812210083008,-0.09485185
0.2735216319561,50.6363220214844,-0.12828373
0.758248209953308,52.9657936096191,-0.11547055
51.3447494506836,79.8933029174805,-0.26434602
55.6986694335938,80.1630554199219,-0.25717068
59.5250854492188,80.3431549072266,-0.25198418
60.1683921813965,80.3685684204102,-0.25143066
60.8127822875977,80.3926696777344,-0.24496324
61.458065032959,80.4154739379883,-0.24738903
-0.748151302337646,-69.745231628418,-0.2179922
-0.75,4.99366569519043,-0.20627479
-0.676014482975006,35.7703819274902,-0.18594536
-0.628451704978943,37.7272834777832,-0.17820852
-0.622732400894165,37.9198875427246,-0.18656408
-0.616824209690094,38.111930847168,-0.18212299
0.392708986997604,49.8234672546387,-0.1058503
0.561315476894379,50.77490234375,-0.15933434
1.05650401115417,53.0955543518066,-0.08944646
55.8949394226074,80.0553359985352,-0.2560025
58.4124755859375,80.1793670654297,-0.24914369
59.046215057373,80.2071151733398,-0.2512115
-0.498153895139694,-69.7451477050781,-0.22214996
-0.5,5.24266910552979,-0.17603458
-0.421441733837128,35.9652061462402,-0.18582689
-0.359748780727386,38.2983932495117,-0.17912064
0.6774582862854,49.9647216796875,-0.10264092
0.849844038486481,50.9124870300293,-0.18768346
0.973957598209381,51.5368385314941,-0.09317985
1.00617253780365,51.6920127868652,-0.0974369
1.31836557388306,53.0726356506348,-0.09819081
56.7073211669922,79.9801330566406,-0.26138846
57.329418182373,80.0114669799805,-0.25591762
57.9533424377441,80.0415115356445,-0.25757052
59.2059555053711,80.0977172851562,-0.25847355
-0.24815671145916,-69.7450637817383,-0.21996913
-0.25,5.49157285690308,-0.17291824
-0.170893713831902,35.9617729187012,-0.18997483
-0.102400898933411,38.4839630126953,-0.18252902
-0.0820291787385941,39.052547454834,-0.18246363
-0.0748182907700539,39.2409706115723,-0.1955817
-0.0673913508653641,39.4288444519043,-0.2018412
-0.059744868427515,39.6161727905273,-0.20290985
-0.0518752671778202,39.8029556274414,-0.18429975
0.935115694999695,49.9462852478027,-0.11368703
1.13911139965057,51.049072265625,-0.14698169
1.23349392414093,51.5160789489746,-0.10008457
1.29881739616394,51.8255996704102,-0.10778206
1.54312670230865,52.8977470397949,-0.11043243
4.80505609512329,61.3382949829102,-0.21512918
4.88332414627075,61.4733581542969,-0.19579529
4.96252965927124,61.6081809997559,-0.17969483
5.04268264770508,61.7427635192871,-0.17540492
5.12379455566406,61.8771133422852,-0.17250104
5.20587635040283,62.0112228393555,-0.18685045
5.28893852233887,62.1450996398926,-0.20522702
5.37299251556396,62.2787399291992,-0.20740829
58.7419128417969,79.961067199707,-0.26921255
59.984058380127,80.0141372680664,-0.2625292
0.0018403212307021,-69.7449798583984,-0.21149699
-1.81898940354586e-12,5.49157285690308,-0.19630077
0.0796494111418724,35.958309173584,-0.2055779
0.0839099511504173,36.1556053161621,-0.20126995
0.148598030209541,38.4787063598633,-0.19758229
0.162059485912323,38.8580055236816,-0.18559445
0.207604452967644,39.9826583862305,-0.19505725
1.22064089775085,50.0861549377441,-0.1138772
1.30722379684448,50.5592079162598,-0.1211986
1.33699858188629,50.7161293029785,-0.1079707
1.42912173271179,51.1846504211426,-0.12100631
1.46077620983124,51.3400840759277,-0.10059467
1.59224152565002,51.958179473877,-0.10579788
1.62634122371674,52.1118087768555,-0.10957616
1.76780569553375,52.7228012084961,-0.11521214
4.7805004119873,60.7592239379883,-0.2180462
4.85556554794312,60.8950042724609,-0.21892778
4.93153238296509,61.0305366516113,-0.18538418
5.00841045379639,61.165828704834,-0.16405085
5.74304533004761,62.3727035522461,-0.19953048
59.5155944824219,79.8786849975586,-0.26477457
0.252379328012466,-69.9147720336914,-0.16950372
0.252095282077789,-69.8300323486328,-0.1941733
0.25,5.74037265777588,-0.19521088
0.338927060365677,36.3485870361328,-0.21314054
0.406257629394531,38.6631851196289,-0.19857681
0.467408567667007,40.1614265441895,-0.19947167
0.476079612970352,40.3462448120117,-0.20572256
1.50686359405518,50.2250213623047,-0.10400922
1.5358989238739,50.3824653625488,-0.09690377
1.62577080726624,50.8525276184082,-0.14951064
1.65666389465332,51.0084648132324,-0.14764001
1.92125988006592,52.2427864074707,-0.11477535
1.95658099651337,52.3954696655273,-0.11607209
1.99241614341736,52.5478019714355,-0.11249845
4.91108417510986,60.4507141113281,-0.21527113
4.98480319976807,60.5867309570312,-0.22170297
6.11456537246704,62.4655914306641,-0.17379637
6.2026686668396,62.598014831543,-0.15816564
0.50237500667572,-69.9146728515625,-0.17447072
0.5,5.74037265777588,-0.19401921
0.589516997337341,36.3448181152344,-0.21706648
0.736510157585144,40.5233612060547,-0.2198447
1.94682669639587,51.1432418823242,-0.12162556
5.11544942855835,60.2781791687012,-0.21370774
6.5771918296814,62.6893196105957,-0.14809368
6.66790103912354,62.8210182189941,-0.15248772
6.75968790054321,62.9524803161621,-0.19387167
0.752370476722717,-69.9145660400391,-0.17635245
0.75,5.74037265777588,-0.19467913
0.844777166843414,36.5367774963379,-0.22499241
0.99728262424469,40.6995315551758,-0.2233874
1.00680196285248,40.8823738098145,-0.22498911
2.20550584793091,51.1222877502441,-0.11699357
4.96833086013794,59.4217987060547,-0.18659566
5.03687334060669,59.5590667724609,-0.19093375
5.10624742507935,59.6960830688477,-0.19725006
5.17646217346191,59.8328399658203,-0.2033432
5.31944751739502,60.1056022644043,-0.20218227
7.13883495330811,63.0416984558105,-0.17864119
1.00236570835114,-69.9144668579102,-0.17977116
1,5.74037265777588,-0.2008836
1.09538519382477,36.5328216552734,-0.22001076
1.17352449893951,39.0235061645508,-0.19596094
1.26823496818542,41.0568695068359,-0.21991503
2.46406865119934,51.1011695861816,-0.12066451
5.17428731918335,59.2491989135742,-0.18223332
5.52310085296631,59.9329948425293,-0.19790131
5.59541463851929,60.0689926147461,-0.18923222
7.42449569702148,62.999340057373,-0.1822179
1.25236070156097,-69.9143600463867,-0.17885678
1.25,5.98906373977661,-0.20558456
1.34598708152771,36.5288429260254,-0.21302495
1.4173344373703,38.8295593261719,-0.20440289
1.43208861351013,39.205020904541,-0.18886427
1.51987648010254,41.0490036010742,-0.21273692
2.75510191917419,51.2341156005859,-0.1184478
5.2471227645874,58.8012428283691,-0.16143024
5.31313562393188,58.939037322998,-0.16530916
5.44758892059326,59.2138366699219,-0.19302608
7.80499601364136,63.086841583252,-0.16693417
7.90157556533813,63.2168045043945,-0.16092318
7.99929809570312,63.3465309143066,-0.15804963
8.09817600250244,63.4760246276855,-0.15223755
8.19822406768799,63.6052856445312,-0.14706676
1.50235545635223,-69.9142608642578,-0.18427126
1.5,5.98906373977661,-0.20757827
1.60151982307434,36.719596862793,-0.22263194
1.67566680908203,39.0115966796875,-0.19668744
1.77149963378906,41.0410842895508,-0.20833393
3.04687023162842,51.3660316467285,-0.11669457
5.45343780517578,58.6285858154297,-0.15652826
5.65252590179443,59.041187286377,-0.19044574
5.78932762145996,59.3149528503418,-0.18663056
8.58676719665527,63.689640045166,-0.14608472
13.1769094467163,68.1644821166992,-0.10749122
13.3346376419067,68.2840728759766,-0.11765723
1.7523500919342,-69.9141616821289,-0.1902209
1.75,5.98906373977661,-0.20517892
1.85213887691498,36.7154235839844,-0.21832329
2.033371925354,41.2141265869141,-0.20745035
3.33937621116638,51.4969215393066,-0.11939044
5.65951919555664,58.4559059143066,-0.14852327
5.92472505569458,59.0055313110352,-0.17507541
5.99306058883667,59.1422843933105,-0.17801398
6.06222581863403,59.2787780761719,-0.16906545
8.87339687347412,63.6446266174316,-0.14310773
13.3264627456665,67.9891967773438,-0.08767734
13.8014030456543,68.3470001220703,-0.11355417
14.4618921279907,68.8201065063477,-0.15242156
14.6320486068726,68.9376525878906,-0.16563687
2.00234436988831,-69.9140548706055,-0.19133704
2,6.23764181137085,-0.20240053
2.10275149345398,36.7112197875977,-0.21349293
2.20130372047424,39.5586547851562,-0.17925738
2.29560875892639,41.3861923217773,-0.20729257
3.6326220035553,51.6267776489258,-0.12025171
3.66776967048645,51.7787895202637,-0.11569619
5.93001842498779,58.4210243225098,-0.1500568
9.15934467315674,63.5992660522461,-0.12562494
13.7876300811768,68.052604675293,-0.08411486
14.269980430603,68.4085845947266,-0.1108881
14.6013145446777,68.6444702148438,-0.11535339
15.1134777069092,68.9961090087891,-0.18112162
15.288348197937,69.1127166748047,-0.18602588
15.4653367996216,69.2290267944336,-0.19076464
2.25297951698303,-70.0820999145508,-0.16236814
2.25264453887939,-69.9982299804688,-0.17833969
2.25,6.23764181137085,-0.19816862
2.35335755348206,36.7069892883301,-0.2087414
2.44434332847595,39.3664016723633,-0.18931505
2.46082353591919,39.7371139526367,-0.18104785
2.54729032516479,41.3777198791504,-0.20472058
3.96245932579041,51.9069938659668,-0.11391279
3.99883556365967,52.0580368041992,-0.11661905
6.1352219581604,58.2483367919922,-0.14530285
9.44460868835449,63.5535659790039,-0.12287446
9.54894161224365,63.6812438964844,-0.1161598
9.65450096130371,63.8086814880371,-0.11242956
9.76130104064941,63.9358825683594,-0.11325716
9.86935806274414,64.0628509521484,-0.1148155
9.978684425354,64.1895751953125,-0.11513974
10.089298248291,64.3160629272461,-0.11110441
14.2505569458008,68.1146774291992,-0.08295333
14.7403316497803,68.4688110351562,-0.10628144
14.9075298309326,68.5862808227539,-0.10585358
15.9538812637329,69.284782409668,-0.18201348
2.50297164916992,-70.0819854736328,-0.1656691
2.5,6.23764181137085,-0.19971651
2.60395693778992,36.7027320861816,-0.20986342
2.69544696807861,39.359920501709,-0.19812767
2.72066235542297,39.9146041870117,-0.18985188
2.80993485450745,41.5485458374023,-0.20829711
4.2949914932251,52.1845893859863,-0.11013437
4.33262157440186,52.3346710205078,-0.12187229
4.37079524993896,52.4844017028809,-0.13389216
4.40951728820801,52.6337852478027,-0.14656257
4.44879245758057,52.7828254699707,-0.15134216
4.48862600326538,52.931526184082,-0.1562826
6.40471315383911,58.213191986084,-0.14513866
10.4889879226685,64.3942718505859,-0.10317317
10.6026887893677,64.5199966430664,-0.09664821
10.7177257537842,64.6454772949219,-0.09242557
14.7152118682861,68.1754150390625,-0.07863624
15.9036426544189,68.9932174682617,-0.19377051
16.0816688537598,69.1088333129883,-0.19176808
2.75296354293823,-70.0818634033203,-0.16052817
2.75,6.23764181137085,-0.17456496
2.85981225967407,36.8919143676758,-0.20523102
2.93856239318848,39.167537689209,-0.19838829
2.98082542419434,40.0911254882812,-0.19689844
3.07295417785645,41.718376159668,-0.21149606
3.13388776779175,42.6034278869629,-0.19298651
3.14696645736694,42.7788505554199,-0.18683887
3.16035151481628,42.9537544250488,-0.16658466
3.17404627799988,43.1281433105469,-0.14209076
4.78925848007202,53.0540084838867,-0.16203724
6.60909271240234,58.0405158996582,-0.14483767
11.1224966049194,64.7214508056641,-0.07647805
11.2407178878784,64.8461608886719,-0.05994594
11.3603267669678,64.9706268310547,-0.05007585
12.1080646514893,65.7122497558594,-0.0514327
12.2378664016724,65.8349838256836,-0.06276636
12.3691968917847,65.9574737548828,-0.07373608
12.5020742416382,66.079704284668,-0.08072323
12.9101810455322,66.4448776245117,-0.08220595
13.0494413375854,66.5660858154297,-0.08855708
13.1903457641602,66.6870346069336,-0.09421187
13.3329162597656,66.8077239990234,-0.09849114
13.4771738052368,66.9281463623047,-0.0985762
14.6945400238037,67.8818054199219,-0.08164582
15.1815595626831,68.2348098754883,-0.07957443
15.347785949707,68.3519058227539,-0.08021376
16.2091827392578,68.932861328125,-0.1956963
16.751163482666,69.2777328491211,-0.1915095
16.9361724853516,69.3920516967773,-0.20323507
17.1234035491943,69.5060424804688,-0.20738238
3.00295519828796,-70.0817413330078,-0.16376592
3,6.23764181137085,-0.19866679
3.110426902771,36.8874588012695,-0.19982972
3.18959784507751,39.1611442565918,-0.19863012
3.22309899330139,39.9004364013672,-0.19053045
3.33635306358337,41.8872032165527,-0.20432211
3.34830594062805,42.0645408630371,-0.20639704
3.36055111885071,42.241340637207,-0.2127066
3.37309288978577,42.4176063537598,-0.20587711
3.4262969493866,43.1174201965332,-0.17084261
5.04932594299316,53.027946472168,-0.15716601
6.87759876251221,58.0051231384277,-0.13992095
11.7702741622925,65.0443344116211,-0.02688207
11.8931665420532,65.1680068969727,-0.02155543
12.0174989700317,65.2914352416992,-0.01931573
12.14328956604,65.4146194458008,-0.01784174
12.2705554962158,65.5375518798828,-0.01448618
12.9296531677246,66.1484375,-0.07759358
13.0661573410034,66.2698516845703,-0.07158168
13.9196243286133,66.9928588867188,-0.09481659
14.0677995681763,67.112434387207,-0.09180706
14.2177267074585,67.2317352294922,-0.09082355
14.6782331466675,67.5879898071289,-0.08743276
14.8353853225708,67.706184387207,-0.09045865
15.1553030014038,67.9417190551758,-0.08131402
15.3181142807007,68.0590591430664,-0.07956373
15.4828596115112,68.1761016845703,-0.07877128
15.6495628356934,68.292854309082,-0.07991389
16.5133190155029,68.8721084594727,-0.19651316
16.8734073638916,69.1016464233398,-0.20066629
17.6197509765625,69.5568466186523,-0.21185029
17.8119468688965,69.6698150634766,-0.20539649
18.0064430236816,69.7824401855469,-0.21068667
3.25294661521912,-70.0816268920898,-0.14315948
3.25,6.23764181137085,-0.19683835
3.36103463172913,36.8829727172852,-0.19483646
3.44867968559265,39.340217590332,-0.18820417
3.45697593688965,39.525146484375,-0.18729726
3.46551299095154,39.7094993591309,-0.18639419
3.69266653060913,43.2800598144531,-0.17147033
5.3507719039917,53.1489295959473,-0.15623016
5.39289999008179,53.295825958252,-0.16597103
7.14576292037964,57.9694747924805,-0.13273352
14.6662111282349,67.2939758300781,-0.09242636
14.8201704025269,67.4123992919922,-0.09009654
16.8160533905029,68.8109664916992,-0.1968854
16.9954719543457,68.9255447387695,-0.19852926
17.1770248413086,69.0398025512695,-0.19485699
18.5098361968994,69.8303909301758,-0.21571704
18.709415435791,69.9419555664062,-0.21193242
18.9113750457764,70.0531768798828,-0.21108215
3.50293779373169,-70.0815048217773,-0.16593973
3.5,6.23764181137085,-0.19427599
3.6116349697113,36.8784599304199,-0.18349567
3.73455095291138,40.0691108703613,-0.17003271
3.95946455001831,43.4416732788086,-0.15449
5.69590997695923,53.4151573181152,-0.16357315
7.41358518600464,57.9335784912109,-0.12733344
19.4218196868896,70.0981903076172,-0.22573913
3.7529284954071,-70.0813903808594,-0.16353927
3.75,6.23764181137085,-0.18107765
3.86779284477234,37.0661926269531,-0.18069891
3.97664070129395,39.8788414001465,-0.16260066
3.99513626098633,40.2439460754395,-0.17030466
4.21176052093506,43.4302978515625,-0.15834916
5.95602416992188,53.3877372741699,-0.16267688
7.74696826934814,58.0336151123047,-0.12508719
19.7262287139893,70.0319595336914,-0.22846893
4.00291919708252,-70.0812683105469,-0.15996587
4,6.23764181137085,-0.17852493
4.11840677261353,37.0614738464355,-0.17242279
4.2188777923584,39.6883316040039,-0.15959287
4.23695516586304,40.0542030334473,-0.16391227
4.46402311325073,43.4188499450684,-0.1717282
6.25983047485352,53.5055503845215,-0.1649747
8.01436996459961,57.9969367980957,-0.12100129
20.0289783477783,69.96533203125,-0.22931029
20.2367706298828,70.07470703125,-0.2293164
20.4470043182373,70.183708190918,-0.23064148
4.2529091835022,-70.0811538696289,-0.16024159
4.25,6.23764181137085,-0.1816205
4.3690128326416,37.0567245483398,-0.16679214
4.4789252281189,39.8642234802246,-0.15709832
4.70150899887085,43.2353096008301,-0.21005448
6.51975965499878,53.4774856567383,-0.15721599
8.34866905212402,58.0953750610352,-0.1188322
8.41673755645752,58.23046875,-0.12694837
20.9616203308105,70.2241973876953,-0.22954736
21.1770725250244,70.3320541381836,-0.22592396
21.8386306762695,70.6532363891602,-0.22997028
22.0643119812012,70.7594833374023,-0.2361034
4.50289916992188,-70.0810317993164,-0.1613807
4.5,6.23764181137085,-0.16356977
4.6196117401123,37.0519523620605,-0.16652131
4.9536395072937,43.223949432373,-0.2113643
6.77950000762939,53.4492340087891,-0.15053749
7.85766410827637,56.4188575744629,-0.18840461
7.91661787033081,56.5569801330566,-0.19076992
7.97631311416626,56.6948204040527,-0.19601593
8.03675746917725,56.8323783874512,-0.20284879
8.7531156539917,58.327278137207,-0.12419524
8.82311630249023,58.4615592956543,-0.13247856
21.6956825256348,70.3702392578125,-0.23426522
21.9163990020752,70.476921081543,-0.23325558
22.5940189361572,70.7945022583008,-0.24442453
4.75288915634155,-70.0809173583984,-0.14415081
4.75,5.98906373977661,-0.18028764
4.8645281791687,36.8554878234863,-0.16686287
5.20573711395264,43.2125244140625,-0.20319564
7.08407211303711,53.5650596618652,-0.1602883
7.12970781326294,53.7089958190918,-0.16920807
7.94825506210327,55.9692878723145,-0.18560516
8.00524234771729,56.1079940795898,-0.18135537
8.06295394897461,56.246410369873,-0.1750096
8.36260223388672,56.9342041015625,-0.21010414
8.4247989654541,57.0709190368652,-0.20498411
9.16159152984619,58.5567398071289,-0.12050082
9.23356056213379,58.6902122497559,-0.13451923
21.9945678710938,70.3005981445312,-0.23895536
22.2154674530029,70.4068908691406,-0.23698146
23.1248149871826,70.8279495239258,-0.25908955
5.00287866592407,-70.0808029174805,-0.16352644
5,5.49157285690308,-0.18467763
5,5.74037265777588,-0.12710455
5.11508464813232,36.8508148193359,-0.16592372
5.45780277252197,43.2010269165039,-0.19417912
7.43585014343262,53.8231468200684,-0.16491654
8.09880447387695,55.6578712463379,-0.19351461
8.15457153320312,55.7968788146973,-0.18215152
8.75256156921387,57.1711082458496,-0.21145146
9.57415199279785,58.7837562561035,-0.12645465
9.64812564849854,58.9164199829102,-0.15279705
23.4226169586182,70.7560043334961,-0.26483409
5.25286769866943,-70.0806884765625,-0.15947727
5.25,4.99366569519043,-0.20246243
5.25,5.24266910552979,-0.16010604
5.36563348770142,36.8461151123047,-0.16917711
5.69516706466675,43.0178337097168,-0.17516224
7.69553136825562,53.7934951782227,-0.1540759
8.30565738677979,55.4855117797852,-0.19588144
9.01702880859375,57.1346282958984,-0.19794565
9.91573333740234,58.8762092590332,-0.12602193
23.9526309967041,70.787109375,-0.27026989
24.1893577575684,70.8900833129883,-0.27422392
24.4287662506104,70.9926147460938,-0.26797214
5.50285673141479,-70.0805740356445,-0.1607361
5.5,4.49538087844849,-0.20243679
5.5,4.74456834793091,-0.17199135
5.61617517471313,36.8413925170898,-0.17718496
5.94710683822632,43.0064392089844,-0.17534327
7.95500946044922,53.7636604309082,-0.13792397
8.35246562957764,54.8943176269531,-0.1980879
8.40514373779297,55.034252166748,-0.19902849
8.45850658416748,55.173885345459,-0.19670947
8.51256084442139,55.3132133483887,-0.18339973
9.34560203552246,57.2332191467285,-0.19701247
9.41082763671875,57.3682441711426,-0.20105492
10.2582969665527,58.9675712585449,-0.14166162
10.3345651626587,59.0991363525391,-0.15396177
10.4117422103882,59.2304458618164,-0.15147552
10.4898366928101,59.361499786377,-0.14224045
24.9650573730469,71.0204391479492,-0.28869122
25.2098865509033,71.1216659545898,-0.26326909
5.752525806427,-69.9967193603516,-0.15449789
5.75,4.24610805511475,-0.17365839
5.86670923233032,36.8366432189941,-0.18762862
6.19901514053345,42.9949798583984,-0.17006897
8.16734504699707,53.5911674499512,-0.10761295
8.56094360351562,54.7220458984375,-0.20336617
9.7413215637207,57.4651794433594,-0.21034855
9.80837917327881,57.5993690490723,-0.18491526
10.7576055526733,59.3196105957031,-0.14762262
25.7495918273926,71.1470108032227,-0.26100774
6.00251531600952,-69.9966125488281,-0.15651132
6,4.24610805511475,-0.16798939
6.12303829193115,37.0227432250977,-0.18270603
6.46573448181152,43.1543846130371,-0.16341544
8.42625427246094,53.5612487792969,-0.10276655
8.47335147857666,53.7034378051758,-0.11429521
8.52108573913574,53.8452987670898,-0.12779522
8.6681661605835,54.268970489502,-0.18311892
8.71850395202637,54.4095649719238,-0.18881495
8.76950836181641,54.5498428344727,-0.1969683
10.1408100128174,57.694652557373,-0.17916068
10.8686800003052,59.0162658691406,-0.15214999
10.9463443756104,59.1469917297363,-0.15401803
26.0397548675537,71.0712661743164,-0.26384326
6.25250482559204,-69.9965057373047,-0.15657849
6.25,0.249999210238457,-0.19560865
6.25,4.24610805511475,-0.14847572
6.37961053848267,37.2078666687012,-0.18373411
6.73287010192871,43.3127174377441,-0.15787441
8.82864189147949,53.9558715820312,-0.1458879
8.87782764434814,54.0968055725098,-0.15447255
10.4050035476685,57.6557846069336,-0.18313385
10.9820356369019,58.712818145752,-0.15654903
11.0581121444702,58.8437614440918,-0.16914685
25.3547649383545,70.5941314697266,-0.25547492
25.5940799713135,70.6950836181641,-0.25744069
25.8360347747803,70.7955856323242,-0.26341307
26.0806560516357,70.8956146240234,-0.23417826
6.50220584869385,-69.9122848510742,-0.14901276
6.5,0,-0.19316025
6.5,0.499993652105331,-0.19273287
6.5,4.24610805511475,-0.16260069
6.62411642074585,37.0127983093262,-0.20154038
7.00042533874512,43.4699783325195,-0.16205145
10.3997144699097,57.0829010009766,-0.15311567
10.4657735824585,57.2167587280273,-0.16416257
10.5326414108276,57.3503379821777,-0.1730387
10.6003274917603,57.483642578125,-0.18098964
11.0976667404175,58.4092597961426,-0.1510854
11.1721754074097,58.5404319763184,-0.16749289
25.6414661407471,70.5192718505859,-0.25905629
25.8807010650635,70.6198348999023,-0.26144508
26.12255859375,70.7199401855469,-0.26551726
6.75219583511353,-69.9121856689453,-0.15115347
6.75,0.249999210238457,-0.19206012
6.75,4.24610805511475,-0.16814494
6.87464380264282,37.0077896118164,-0.20715866
7.26840353012085,43.6261520385742,-0.16954374
10.0429048538208,55.6937484741211,-0.16047651
10.1014413833618,55.830135345459,-0.16162452
10.4684429168701,56.6424217224121,-0.16055441
10.5323057174683,56.7768096923828,-0.16522584
10.5969572067261,56.9109230041504,-0.16583366
11.2885303497314,58.2369995117188,-0.15435032
26.6515674591064,70.7432098388672,-0.26822908
27.1482810974121,70.9402618408203,-0.2707941
27.4006729125977,71.0380554199219,-0.26958658
27.655782699585,71.1353530883789,-0.26692798
66.9879913330078,77.0440292358398,-0.2183629
67.4581298828125,77.0552597045898,-0.21817201
67.9273071289062,77.0655364990234,-0.21623191
7.00218629837036,-69.9120941162109,-0.14822005
7,4.49538087844849,-0.10590579
7.12516260147095,37.0027542114258,-0.21092135
7.52036762237549,43.6134071350098,-0.17521283
9.96646118164062,54.8356094360352,-0.0544271
10.0208530426025,54.9734840393066,-0.05353618
10.3034858703613,55.6583595275879,-0.16644342
10.4216394424438,55.9302520751953,-0.16401825
10.4818363189697,56.0657615661621,-0.16558902
10.7302465438843,56.6049461364746,-0.1746631
11.4794635772705,58.0648307800293,-0.15994706
26.9341850280762,70.66650390625,-0.27094302
27.1810245513916,70.7648773193359,-0.27195636
28.1951637268066,71.1534652709961,-0.26158819
66.5762405395508,76.9198760986328,-0.22598751
68.4376678466797,76.9625625610352,-0.20976996
7.25246047973633,-69.99609375,-0.14704673
7.25,4.49538087844849,-0.12410102
7.38179922103882,37.1871223449707,-0.20966801
7.78879022598267,43.7681846618652,-0.17723114
10.1188097000122,54.5257530212402,-0.05597156
10.1719646453857,54.6639366149902,-0.05792215
10.2803583145142,54.9393920898438,-0.0598131
10.5637865066528,55.6227684020996,-0.1671283
10.8037548065186,56.1641883850098,-0.16903609
10.8656406402588,56.298828125,-0.17190522
10.9282960891724,56.433177947998,-0.17586726
11.5988616943359,57.7614288330078,-0.14859982
11.670485496521,57.8927612304688,-0.14393176
28.4747085571289,71.0744552612305,-0.26520636
66.1712112426758,76.7949676513672,-0.22664965
68.9377746582031,76.8585205078125,-0.20833258
7.50244903564453,-69.9959869384766,-0.14693676
7.5,4.49538087844849,-0.12781801
7.63232469558716,37.1818695068359,-0.21040862
8.04073333740234,43.7550582885742,-0.16510307
10.3776168823242,54.4923706054688,-0.06337162
10.5396089553833,54.905101776123,-0.06094546
10.7655172348022,55.4511909484863,-0.16873679
11.7205533981323,57.457935333252,-0.16216354
11.7906579971313,57.5895004272461,-0.14835107
28.7522869110107,70.9951248168945,-0.26345899
65.7727890014648,76.6692962646484,-0.22930912
68.9745712280273,76.7461395263672,-0.21369842
7.75243711471558,-69.9958877563477,-0.14299141
7.75215530395508,-69.9118118286133,-0.14437093
7.75,4.49538087844849,-0.12512309
7.87666988372803,36.9875030517578,-0.20832373
8.04460906982422,40.649543762207,-0.18562096
8.05574417114258,40.8262100219727,-0.17836186
8.30959892272949,43.9084205627441,-0.16391797
8.32692241668701,44.0744476318359,-0.16036507
10.6361837387085,54.458797454834,-0.07081245
10.8541526794434,55.0072898864746,-0.09520308
10.9104137420654,55.1436576843262,-0.15589762
10.9673957824707,55.2797241210938,-0.17554688
11.0835466384888,55.5509719848633,-0.14180758
11.142728805542,55.6861572265625,-0.13188683
11.202657699585,55.8210525512695,-0.1419434
11.2633390426636,55.9556541442871,-0.15526161
11.9131364822388,57.2861518859863,-0.16948283
29.0279178619385,70.9154891967773,-0.26472545
61.2573356628418,76.3675689697266,-0.26129431
61.7157554626465,76.3909912109375,-0.25984397
64.9237823486328,76.5273056030273,-0.23182521
65.3808975219727,76.5428924560547,-0.2395974
69.0108032226562,76.6337585449219,-0.20956449
8.0018892288208,-69.8272399902344,-0.13611905
8,4.49538087844849,-0.13431201
8.12715625762939,36.9823722839355,-0.20017853
8.21628856658936,39.2072296142578,-0.18641095
8.22527885437012,39.3885383605957,-0.19523458
8.23452663421631,39.5692253112793,-0.20295709
8.24403858184814,39.7493019104004,-0.20649155
8.25381660461426,39.9287605285645,-0.20283419
8.26386547088623,40.1076126098633,-0.19671492
8.27418899536133,40.2858619689941,-0.18240799
8.28479099273682,40.4635047912598,-0.17532557
8.31831073760986,40.992847442627,-0.18415458
8.40702533721924,42.2074851989746,-0.1720539
8.4209566116333,42.3787117004395,-0.17080893
8.59663677215576,44.2259254455566,-0.16799164
10.894510269165,54.4250373840332,-0.07280151
11.0573453903198,54.8359489440918,-0.07224757
11.2265625,55.2441368103027,-0.13272202
11.2844161987305,55.3796043395996,-0.13752421
11.5848398208618,56.0525512695312,-0.16486252
12.1058588027954,57.1144790649414,-0.17589646
29.3016147613525,70.8355407714844,-0.26414397
59.9979934692383,76.1815567016602,-0.25846635
60.451717376709,76.2077789306641,-0.25520272
60.905818939209,76.2330017089844,-0.24374896
62.2695007324219,76.302734375,-0.25704167
62.7242393493652,76.3240051269531,-0.2530322
63.1789245605469,76.3442916870117,-0.25174215
63.6334686279297,76.3636093139648,-0.25014398
64.0877914428711,76.381950378418,-0.24691629
64.5418090820312,76.3993301391602,-0.24420878
69.0464782714844,76.5213775634766,-0.2048853
8.25187873840332,-69.8271560668945,-0.1364593
8.25,3.24825859069824,-0.18345348
8.25,4.49538087844849,-0.12048111
8.37763404846191,36.9772148132324,-0.19558144
8.45830917358398,39.0181350708008,-0.20091334
8.56943130493164,40.9833641052246,-0.18900903
8.6184253692627,41.6799964904785,-0.17412085
8.63144207000732,41.8526992797852,-0.17282038
8.644775390625,42.0248260498047,-0.16625337
8.68670558929443,42.5377960205078,-0.16243068
8.86678695678711,44.376293182373,-0.1689241
11.0472431182861,54.1162300109863,-0.06072211
11.0995769500732,54.2538185119629,-0.06278459
11.2607164382935,54.6647300720215,-0.05980878
11.3716535568237,54.937141418457,-0.09421553
11.4281940460205,55.0728988647461,-0.10661431
11.8445949554443,56.0149230957031,-0.16730967
12.298734664917,56.9429321289062,-0.16738595
29.5733966827393,70.7552947998047,-0.26404324
58.7634010314941,75.9877090454102,-0.26253282
59.2118911743164,76.0167236328125,-0.25951579
59.6609725952148,76.0447387695312,-0.2558982
68.6392211914062,76.400993347168,-0.18771014
8.50186920166016,-69.8270721435547,-0.14355451
8.5,2.99863004684448,-0.18404977
8.5,3.49782538414001,-0.20884961
8.5,4.49538087844849,-0.13920129
8.62810325622559,36.972038269043,-0.20403384
8.70051002502441,38.8287811279297,-0.20161472
8.82052898406982,40.9738349914551,-0.194492
8.83236122131348,41.1486473083496,-0.18509613
8.85693073272705,41.4965019226074,-0.17724067
8.95284271240234,42.6957817077637,-0.16402803
9.11877822875977,44.3618659973145,-0.17417011
11.3048372268677,54.0827217102051,-0.05000701
11.5188150405884,54.6299858093262,-0.057685
11.630012512207,54.901782989502,-0.10643106
11.6866855621338,55.0372276306152,-0.10940563
12.1666984558105,56.1101989746094,-0.17184789
12.4917774200439,56.7715072631836,-0.16424746
30.1014957427979,70.7682495117188,-0.26048568
58.4409027099609,75.8487014770508,-0.24533709
68.6777114868164,76.2886810302734,-0.19340109
8.75185966491699,-69.8269882202148,-0.14526708
8.75,-1.24990081787109,-0.20171089
8.75,-0.999949216842651,-0.18617865
8.75,-0.749978601932526,-0.18305131
8.75,3.24825859069824,-0.18033761
8.75,3.74732565879822,-0.17851037
8.75,4.24610805511475,-0.14178308
8.75,4.49538087844849,-0.13140767
8.88482189178467,37.1552505493164,-0.21662814
8.95120906829834,38.8217468261719,-0.20123755
9.09564304351807,41.3128395080566,-0.17934849
9.10811710357666,41.4862442016602,-0.17032233
9.21937274932861,42.8526573181152,-0.17265792
9.35245323181152,44.1834335327148,-0.16630161
11.6147766113281,54.1860046386719,-0.05119006
11.7766628265381,54.5950584411621,-0.05684518
12.4895496368408,56.2043685913086,-0.17134476
12.5539054870605,56.336597442627,-0.16928117
12.6190538406372,56.4685440063477,-0.16726047
12.6850032806396,56.6002159118652,-0.16550539
30.3690738677979,70.68701171875,-0.26063818
58.1243934631348,75.7090911865234,-0.26363864
67.4051513671875,76.1474075317383,-0.18124765
67.8429794311523,76.1579513549805,-0.19057735
68.2798309326172,76.1676025390625,-0.19022257
9.00184917449951,-69.826904296875,-0.1407266
9,-1.74972796440125,-0.19411791
9,-1.49982869625092,-0.18760513
9,-0.499993652105331,-0.19034015
9,3.49782538414001,-0.17114355
9,3.99675464630127,-0.16838127
9.14178657531738,37.3374404907227,-0.21499259
9.21048927307129,38.9964447021484,-0.19387569
9.34676742553711,41.3027687072754,-0.17598299
9.35927867889404,41.4759368896484,-0.16555702
9.48629760742188,43.0084228515625,-0.18178807
9.58635711669922,44.0049324035645,-0.17597211
11.9254016876221,54.2881774902344,-0.04965199
12.0897445678711,54.6953773498535,-0.07110858
12.1459455490112,54.8305015563965,-0.07594746
12.2028675079346,54.9653244018555,-0.07911999
12.2605152130127,55.0998497009277,-0.08077601
12.3188972473145,55.234073638916,-0.08152815
12.3780183792114,55.3680076599121,-0.08069486
12.4378852844238,55.5016479492188,-0.08018434
30.6347675323486,70.6054916381836,-0.26555131
57.8137741088867,75.5688934326172,-0.26534683
66.5830993652344,76.0117034912109,-0.17710648
67.0188827514648,76.0239639282227,-0.18237707
9.25208854675293,-69.9112548828125,-0.13977648
9.25,-1.99959397315979,-0.19620331
9.25,-0.249999210238457,-0.17804033
9.25,0,-0.17848157
9.25,1.24990081787109,-0.18568338
9.25,3.74732565879822,-0.14738735
9.39227199554443,37.3318481445312,-0.22429293
9.46118831634521,38.9891510009766,-0.18924556
9.57368946075439,40.9449920654297,-0.16509138
9.58562755584717,41.1191215515137,-0.15857987
9.62327194213867,41.6379318237305,-0.16139835
9.63644313812256,41.8096885681152,-0.16433431
9.64993381500244,41.9808654785156,-0.16715919
9.66374683380127,42.1514587402344,-0.1731581
9.67788600921631,42.3214797973633,-0.17475162
9.69235515594482,42.4909248352051,-0.17701235
9.70715999603271,42.6598052978516,-0.17958759
9.72230243682861,42.8281173706055,-0.17506332
9.8381175994873,43.9908332824707,-0.18316301
12.1825199127197,54.2535133361816,-0.05014185
12.2367095947266,54.3892402648926,-0.05311089
12.6960535049438,55.4641571044922,-0.08405869
30.8985939025879,70.523681640625,-0.26594925
56.6480026245117,75.3610382080078,-0.27188833
57.078010559082,75.3950653076172,-0.27078205
57.5089416503906,75.4281158447266,-0.26825034
65.7722015380859,75.8727416992188,-0.17736386
66.205696105957,75.88671875,-0.17796821
9.50207614898682,-69.9111709594727,-0.13723729
9.5,-2.24942183494568,-0.17053032
9.5,0.249999210238457,-0.06702161
9.5,0.499993652105331,-0.09198175
9.5,0.749978601932526,-0.07311126
9.5,0.999949216842651,-0.08323655
9.5,1.49982869625092,-0.18276318
9.5,1.74972796440125,-0.1838971
9.5,3.49782538414001,-0.15028551
9.5,3.74732565879822,-0.10856798
9.64949893951416,37.5128021240234,-0.23082547
9.72077465057373,39.1625480651855,-0.18294199
9.72993469238281,39.3426361083984,-0.17846155
9.73935890197754,39.522087097168,-0.17377633
9.74904918670654,39.7009124755859,-0.17183474
9.75901126861572,39.8791084289551,-0.17038287
9.76924800872803,40.0566787719727,-0.1996257
9.77976417541504,40.2336273193359,-0.17436972
9.79056262969971,40.4099617004395,-0.17100972
9.80164909362793,40.5856819152832,-0.15483413
9.81302547454834,40.7607917785645,-0.16701249
10.0548620223999,43.6477165222168,-0.17932858
10.0721645355225,43.8124618530273,-0.17934623
10.0898342132568,43.9766693115234,-0.1690115
12.5486927032471,54.489185333252,-0.06090518
12.8938283920288,55.2934646606445,-0.0946371
17.5276756286621,62.2093925476074,-0.17690499
17.6417350769043,62.3279571533203,-0.17965603
17.7570648193359,62.4462623596191,-0.18066351
29.9036026000977,69.9767227172852,-0.26354943
30.1500034332275,70.0707092285156,-0.26501222
30.3988838195801,70.1641998291016,-0.26716365
31.1605701446533,70.4415969848633,-0.26607189
55.9324150085449,75.1824798583984,-0.27420264
56.3572044372559,75.2182159423828,-0.27162819
64.1094131469727,75.6963958740234,-0.16703645
64.5412521362305,75.7139358520508,-0.1712907
64.9727020263672,75.7305526733398,-0.16911323
65.403694152832,75.7462463378906,-0.17338252
9.7520637512207,-69.9110794067383,-0.14733277
9.75,-2.7489447593689,-0.20036692
9.75,-2.49920701980591,-0.18783255
9.75,1.99959397315979,-0.18096346
9.75,2.24942183494568,-0.17895915
9.75,2.49920701980591,-0.1766306
9.75,2.7489447593689,-0.17544888
9.75,2.99863004684448,-0.16870462
9.75,3.24825859069824,-0.1410199
9.89321327209473,37.3205909729004,-0.23899979
10.2728443145752,43.3034172058105,-0.17131673
10.2894668579102,43.468994140625,-0.16782475
12.80553150177,54.4535331726074,-0.06341369
13.1513090133667,55.2559051513672,-0.10135499
17.2398719787598,61.5592308044434,-0.20082216
17.3478889465332,61.6787414550781,-0.19253457
17.4571170806885,61.7979965209961,-0.18694764
17.5675659179688,61.9169998168945,-0.18178208
17.6792507171631,62.0357475280762,-0.17787376
18.1385726928711,62.5081787109375,-0.17704035
18.2566146850586,62.6256408691406,-0.17742253
18.3759651184082,62.742847442627,-0.17954047
18.4966411590576,62.8597946166992,-0.18030946
18.6186542510986,62.9764823913574,-0.18216747
18.742015838623,63.092903137207,-0.18141855
18.8667430877686,63.2090644836426,-0.18088442
30.1660060882568,69.8962783813477,-0.26297617
30.9113712310791,70.1755905151367,-0.26590949
31.1647891998291,70.2676696777344,-0.26929684
55.6513481140137,75.0383987426758,-0.27457716
62.8984146118164,75.5273590087891,-0.17297267
63.3274154663086,75.5475540161133,-0.17266693
63.7562446594238,75.5668182373047,-0.17149727
10.0020523071289,-69.9109878540039,-0.14756381
10,-2.99863004684448,-0.184942
10.0585775375366,34.0458374023438,-0.15137801
10.0621757507324,34.2436065673828,-0.1859764
10.1436700820923,37.3149299621582,-0.22973223
10.4920501708984,42.9578895568848,-0.16931151
10.5080032348633,43.1243171691895,-0.16726713
13.1180334091187,54.5518646240234,-0.07302338
13.4085054397583,55.2181625366211,-0.1016014
17.1857719421387,61.1463623046875,-0.20951416
17.2903575897217,61.2663078308105,-0.19914411
17.3961162567139,61.3859977722168,-0.20091279
19.2577896118164,63.2662467956543,-0.18326524
19.3853912353516,63.3815498352051,-0.18240327
19.5143985748291,63.49658203125,-0.18313336
21.6278953552246,65.1888961791992,-0.20918733
21.781379699707,65.2994232177734,-0.20418483
21.9365272521973,65.4096374511719,-0.20093102
22.0933532714844,65.5195617675781,-0.19406279
22.2518768310547,65.6291732788086,-0.19362579
22.4121131896973,65.7384796142578,-0.19299107
30.6722373962402,69.9087829589844,-0.26049086
55.7921409606934,74.9309539794922,-0.27654759
62.1319961547852,75.3736190795898,-0.17203783
62.5576591491699,75.3955383300781,-0.17424914
10.2520399093628,-69.9108963012695,-0.1446616
10.25,-3.24825859069824,-0.19164399
10.25,-2.99863004684448,-0.20639036
10.3053150177002,33.8444557189941,-0.11435049
10.3123798370361,34.2404174804688,-0.19770024
10.3811511993408,36.9351692199707,-0.23328108
10.3875255584717,37.1225433349609,-0.22438732
10.7277584075928,42.7783889770508,-0.16477827
13.4311895370483,54.6490745544434,-0.07705777
13.7258377075195,55.3122825622559,-0.10453949
17.3444232940674,60.9734153747559,-0.21006143
19.9092311859131,63.5513572692871,-0.18057365
21.2954158782959,64.6805038452148,-0.20949234
21.4424686431885,64.791862487793,-0.2080899
21.5911140441895,64.9029235839844,-0.20804106
21.7413692474365,65.0137023925781,-0.20705074
22.839599609375,65.7806777954102,-0.19000724
30.9307460784912,69.8274078369141,-0.26326309
55.9311370849609,74.8234481811523,-0.27383273
61.3781776428223,75.2167510986328,-0.17505091
61.8003158569336,75.2403793334961,-0.17729117
10.5020265579224,-69.9108123779297,-0.14365868
10.5,-3.49782538414001,-0.19807735
10.5554943084717,33.8415145874023,-0.13636178
10.5663576126099,34.434024810791,-0.2078104
10.6027011871338,35.9836311340332,-0.24392551
10.6080694198608,36.1742362976074,-0.24854777
10.6136350631714,36.3641548156738,-0.25959027
10.6315517425537,36.929817199707,-0.24349846
10.9637041091919,42.5987777709961,-0.16668892
13.5191459655762,54.2116966247559,-0.0501215
13.5745325088501,54.3455200195312,-0.0568677
13.6306314468384,54.4790382385254,-0.06886053
13.9825620651245,55.2738456726074,-0.10288467
17.4020309448242,60.6805610656738,-0.20469605
17.5033893585205,60.800609588623,-0.21370635
20.304817199707,63.6049194335938,-0.18066764
20.4382781982422,63.7184715270996,-0.18545159
21.4140892028809,64.5055541992188,-0.20895375
23.104024887085,65.7136001586914,-0.18834648
31.4345932006836,69.8377227783203,-0.26372119
31.6840648651123,69.9291763305664,-0.26326628
55.657901763916,74.6792068481445,-0.27283537
56.0683746337891,74.7158813476562,-0.27246923
61.055534362793,75.0821075439453,-0.17735642
10.7520141601562,-69.9107208251953,-0.15023851
10.75,-3.74732565879822,-0.19887259
10.75,-3.49782538414001,-0.19039735
10.8091468811035,34.0366287231445,-0.15707758
10.8205146789551,34.6266593933105,-0.2329753
10.8478231430054,35.787971496582,-0.23545346
10.8697605133057,36.5483627319336,-0.26091373
10.888355255127,37.1114654541016,-0.2348218
11.1998891830444,42.4190559387207,-0.1656722
13.7748899459839,54.1756706237793,-0.04781304
14.3003568649292,55.3663330078125,-0.11148577
14.3624830245972,55.4971542358398,-0.11332478
14.4253807067871,55.6276893615723,-0.1179513
14.4890584945679,55.7579345703125,-0.12409566
14.5535221099854,55.8878974914551,-0.12601715
14.6187791824341,56.017578125,-0.12851409
17.6626834869385,60.6279602050781,-0.20790903
20.836109161377,63.7702026367188,-0.19568059
20.9725513458252,63.8828659057617,-0.2008633
21.1104774475098,63.9952545166016,-0.20495694
21.2498989105225,64.1073608398438,-0.20776931
21.3908309936523,64.2191848754883,-0.20890381
21.5332889556885,64.3307266235352,-0.20862894
23.5310554504395,65.7538757324219,-0.18475771
32.1895027160645,69.9370574951172,-0.26961492
55.3898849487305,74.5344619750977,-0.27258415
60.7383728027344,74.9468536376953,-0.17845548
11.0020008087158,-69.9106369018555,-0.14949815
11,-3.99675464630127,-0.21533969
11.0525045394897,33.6369552612305,-0.1311922
11.0558414459229,33.8355941772461,-0.16045984
11.0748558044434,34.8183097839355,-0.2484142
11.0791521072388,35.0127563476562,-0.24449133
11.0836219787598,35.2065048217773,-0.25695469
11.0882701873779,35.3995590209961,-0.23753888
11.0930995941162,35.5919151306152,-0.22898768
11.1261148452759,36.7315254211426,-0.25996804
11.1323289871216,36.9190521240234,-0.26107055
11.4363145828247,42.2392120361328,-0.17872399
14.030385017395,54.139476776123,-0.04784771
14.9415817260742,56.1058883666992,-0.13205627
17.9227428436279,60.5751113891602,-0.20901943
23.7932720184326,65.6858825683594,-0.18426286
32.4413070678711,69.8537521362305,-0.26837566
55.127010345459,74.3892059326172,-0.27370675
60.4266052246094,74.8109893798828,-0.1792798
11.2519884109497,-69.9105529785156,-0.14287933
11.25,-4.24610805511475,-0.21523402
11.25,-3.99675464630127,-0.18641431
11.299464225769,33.4348945617676,-0.1235877
11.672981262207,42.0592460632324,-0.18203514
11.6873970031738,42.2272682189941,-0.17222574
14.2307176589966,53.9699592590332,-0.044696
15.197998046875,56.0646095275879,-0.13359349
18.1822109222412,60.5220184326172,-0.21186851
24.2197418212891,65.724235534668,-0.17778608
32.944019317627,69.8594665527344,-0.27371114
54.8691940307617,74.2434539794922,-0.27321758
55.267749786377,74.2821960449219,-0.26813292
60.1201667785645,74.6745376586914,-0.18194508
11.5019750595093,-69.9104614257812,-0.1388608
11.5,-17.7110137939453,-0.22732688
11.5,-17.4727058410645,-0.2123653
11.5,-17.2340850830078,-0.19316745
11.5,-16.9951572418213,-0.19230808
11.5,-4.49538087844849,-0.18578183
11.5465450286865,33.2323608398438,-0.10909103
11.9098901748657,41.8791427612305,-0.18256631
12.2813053131104,45.2953338623047,-0.07378415
12.3032341003418,45.452075958252,-0.05903574
14.4856481552124,53.9337577819824,-0.05500378
14.5406322479248,54.0665817260742,-0.06231811
15.4540872573853,56.0231399536133,-0.13501323
16.8760528564453,58.4113883972168,-0.25354098
16.9599895477295,58.5344467163086,-0.28056665
17.0448951721191,58.6572494506836,-0.28942636
18.4410877227783,60.4686851501465,-0.21933742
24.4797058105469,65.6553421020508,-0.17744165
33.1918029785156,69.7752838134766,-0.27592688
54.6163597106934,74.0972137451172,-0.27065803
59.4145622253418,74.5091781616211,-0.18203437
59.8189735412598,74.5374984741211,-0.18453331
11.7519607543945,-69.9103775024414,-0.13669271
11.75,-18.4240283966064,-0.21139517
11.75,-18.1866779327393,-0.22727615
11.75,-17.9490070343018,-0.27621978
11.75,-16.7559223175049,-0.19700682
11.75,-16.5163860321045,-0.20583582
11.75,-16.276554107666,-0.18989959
11.75,-16.0364284515381,-0.19615727
11.75,-15.7960119247437,-0.16792745
11.75,-4.99366569519043,-0.17373546
11.75,-4.74456834793091,-0.14950211
11.7966804504395,33.2297401428223,-0.15598535
12.1470403671265,41.6989059448242,-0.18257516
12.4096908569336,44.3284492492676,-0.14456499
12.429238319397,44.4880409240723,-0.1181985
12.449179649353,44.6470985412598,-0.10582785
12.4695177078247,44.8056221008301,-0.11337613
12.4902563095093,44.963623046875,-0.1026327
12.5114002227783,45.1211051940918,-0.08656046
12.5549192428589,45.4345169067383,-0.06445123
14.8511419296265,54.1620750427246,-0.06148742
15.777027130127,56.1092834472656,-0.14770475
16.6489753723145,57.6216201782227,-0.24170104
16.7273540496826,57.7459106445312,-0.25633624
16.8066501617432,57.8699378967285,-0.26689983
16.8868713378906,57.9937057495117,-0.27431289
16.9680252075195,58.1172103881836,-0.27644632
17.0501232147217,58.2404556274414,-0.27930345
17.388111114502,58.7308578491211,-0.29908231
18.5987358093262,60.2964553833008,-0.24073705
20.9631958007812,62.7344551086426,-0.21497219
21.0898494720459,62.8476791381836,-0.21799763
21.2178745269775,62.9606323242188,-0.21921863
21.3472881317139,63.0733184814453,-0.22156778
21.4781017303467,63.1857299804688,-0.22670849
24.7385730743408,65.586181640625,-0.17427339
32.9374122619629,69.5132827758789,-0.27034317
33.1864814758301,69.6023330688477,-0.2733539
53.9788970947266,73.9095077514648,-0.26773943
54.3684310913086,73.9505004882812,-0.26666175
58.7216110229492,74.3408660888672,-0.18451289
59.1220321655273,74.3708343505859,-0.18510815
12.0019474029541,-69.9102935791016,-0.13598424
12,-18.6610488891602,-0.21774078
12,-15.5553112030029,-0.15629535
12,-15.3143272399902,-0.16199879
12,-15.0730667114258,-0.16521602
12,-14.8315315246582,-0.16515688
12,-5.74037265777588,-0.16785653
12,-5.49157285690308,-0.14871627
12,-5.24266910552979,-0.13175664
12.043869972229,33.0268402099609,-0.17391558
12.3844337463379,41.5185203552246,-0.18632523
12.6418828964233,44.1529998779297,-0.14739611
12.8289661407471,45.5725364685059,-0.06273813
15.1057062149048,54.124885559082,-0.06620022
16.1005840301514,56.1942977905273,-0.15239278
16.1694679260254,56.321216583252,-0.1562018
16.2391834259033,56.4478569030762,-0.15469924
16.3097362518311,56.5742225646973,-0.15353402
16.3811340332031,56.7003173828125,-0.15697373
16.4533863067627,56.8261413574219,-0.16809956
16.5264987945557,56.9516944885254,-0.18219461
16.6004791259766,57.0769805908203,-0.19706704
16.6753387451172,57.2019996643066,-0.20759008
16.7510814666748,57.3267478942871,-0.23557904
16.8277149200439,57.4512329101562,-0.24025287
17.7319717407227,58.8033294677734,-0.30523261
18.8563804626465,60.2429809570312,-0.26885325
21.0963935852051,62.560791015625,-0.21527067
21.8689079284668,63.2356719970703,-0.21769266
22.0025653839111,63.3471946716309,-0.21397273
22.1376609802246,63.4584426879883,-0.21143377
22.2742080688477,63.5694122314453,-0.20904694
22.4122200012207,63.6800994873047,-0.20697127
24.9963474273682,65.5167465209961,-0.16958171
33.1830520629883,69.4293594360352,-0.27063159
53.7396774291992,73.7616729736328,-0.27182891
58.8345947265625,74.2319259643555,-0.19128608
12.2519330978394,-69.9102096557617,-0.13558996
12.25,-18.897741317749,-0.26581172
12.25,-14.5897264480591,-0.15181791
12.25,-14.3476552963257,-0.15338177
12.25,-14.1053228378296,-0.16916055
12.25,-13.8627319335938,-0.17164022
12.25,-6.48610210418701,-0.15885993
12.25,-6.23764181137085,-0.15931567
12.25,-5.98906373977661,-0.17691968
12.2939920425415,33.0243186950684,-0.17795488
12.4114761352539,37.6314086914062,-0.22957629
12.4188861846924,37.814582824707,-0.20697149
12.4265327453613,37.9970703125,-0.18358519
12.6220693588257,41.3379821777344,-0.18657491
12.8743505477905,43.9775085449219,-0.15133668
13.0805683135986,45.5545463562012,-0.06831717
15.4166069030762,54.2187461853027,-0.06779475
16.355806350708,56.1515998840332,-0.15711018
16.9310283660889,57.1566276550293,-0.22103957
18.0764675140381,58.8746604919434,-0.2990947
18.16552734375,58.9954414367676,-0.30170033
18.4388236999512,59.3562545776367,-0.26243535
18.5319938659668,59.476016998291,-0.28369471
18.9152889251709,59.9525337219238,-0.27726262
19.0138149261475,60.0710296630859,-0.2836137
21.1074771881104,62.2739372253418,-0.21931471
21.2301292419434,62.3872871398926,-0.21547308
22.8093872070312,63.7263412475586,-0.19571986
22.9503440856934,63.8361206054688,-0.19399414
23.0928039550781,63.945613861084,-0.19294608
23.236780166626,64.054817199707,-0.19292948
23.382287979126,64.1637268066406,-0.19233362
23.5293407440186,64.272346496582,-0.19118199
23.6779518127441,64.3806686401367,-0.19020614
25.0880241394043,65.3418273925781,-0.15798755
25.2530345916748,65.4470443725586,-0.16501402
33.6748924255371,69.4335021972656,-0.27317529
53.8869972229004,73.6556777954102,-0.25278233
58.552188873291,74.0924682617188,-0.19199351
12.5019197463989,-69.9101257324219,-0.13239146
12.5,-19.3701171875,-0.30369659
12.5,-19.1340980529785,-0.30538462
12.5,-13.6198883056641,-0.16464597
12.5,-13.3767938613892,-0.17064091
12.5,-6.73443984985352,-0.16590202
12.5412902832031,32.821044921875,-0.17889983
12.6546745300293,37.4414863586426,-0.29289926
12.6848592758179,38.1720352172852,-0.21631084
12.8728742599487,41.3270835876465,-0.18893264
13.1070947647095,43.8019752502441,-0.16302023
13.3096218109131,45.3814353942871,-0.07625943
13.3550186157227,45.691032409668,-0.08212568
15.7280788421631,54.3114738464355,-0.07307704
16.6796855926514,56.2349624633789,-0.17271223
16.7495098114014,56.3609352111816,-0.18251816
16.8201751708984,56.4866333007812,-0.18914864
16.8916835784912,56.6120567321777,-0.1964879
16.9640464782715,56.7372131347656,-0.20584269
17.0372695922852,56.8620948791504,-0.21587967
17.1113624572754,56.9867134094238,-0.22487898
18.5116996765137,59.0650405883789,-0.29583376
18.6028423309326,59.1849746704102,-0.29601575
18.882495880127,59.5432624816895,-0.28043499
18.9778213500977,59.662181854248,-0.26659627
19.07421875,59.7808494567871,-0.2800679
19.4707107543945,60.2529830932617,-0.29610865
19.5726108551025,60.3703842163086,-0.28876414
21.1230335235596,61.9871253967285,-0.22152421
21.2430744171143,62.1006660461426,-0.2165019
24.0845775604248,64.4218597412109,-0.18724321
24.2362804412842,64.5292358398438,-0.18611637
24.3895816802979,64.6363143920898,-0.18584885
24.5444946289062,64.7430801391602,-0.18445931
24.7010345458984,64.8495330810547,-0.18345068
25.1805572509766,65.1670227050781,-0.17240717
33.916633605957,69.3487319946289,-0.27249979
54.0326347351074,73.5496139526367,-0.25418124
57.8848037719727,73.9203643798828,-0.19433474
58.2747383117676,73.9524688720703,-0.19562113
12.7519054412842,-69.910041809082,-0.12921056
12.7516784667969,-69.8257141113281,-0.13123793
12.75,-19.8411273956299,-0.26305366
12.75,-19.6057929992676,-0.26132885
12.75,-13.1334543228149,-0.17327606
12.75,-12.8898735046387,-0.18376699
12.75,-7.47867298126221,-0.18395718
12.75,-7.2307300567627,-0.18793498
12.75,-6.98265075683594,-0.13843621
12.7913990020752,32.8186225891113,-0.17353695
12.9050397872925,37.4354057312012,-0.28367586
12.9352865219116,38.1651725769043,-0.21528619
13.1107053756714,41.1465950012207,-0.19037412
13.3582525253296,43.7870483398438,-0.15480882
13.5172882080078,45.0525512695312,-0.09456681
13.5389719009399,45.2083396911621,-0.0696938
13.583589553833,45.5183601379395,-0.09162958
13.6065301895142,45.6726036071777,-0.09122337
15.9819765090942,54.2731285095215,-0.06738804
19.6258430480957,60.0811614990234,-0.30357767
19.9316387176514,60.4323501586914,-0.27778248
21.26047706604,61.814094543457,-0.22075727
25.1142272949219,64.8868560791016,-0.17297525
25.2739524841309,64.9923400878906,-0.17219466
34.4055671691895,69.3507766723633,-0.27179021
54.1766204833984,73.4434814453125,-0.25061556
58.0021858215332,73.8119277954102,-0.19673341
13.0014600753784,-69.7408905029297,-0.13782086
13,-20.3107452392578,-0.24539952
13,-20.0761108398438,-0.23641647
13,-12.6460552215576,-0.17363041
13,-9.70328140258789,-0.16149943
13,-9.45676803588867,-0.16871067
13,-9.21007823944092,-0.16755765
13,-8.96321582794189,-0.17005236
13,-7.97413206100464,-0.18564605
13,-7.72647523880005,-0.16343339
13.044340133667,33.0167045593262,-0.19905006
13.1553945541382,37.4293022155762,-0.26755354
13.1938819885254,38.3387985229492,-0.22016995
13.3614368438721,41.1358680725098,-0.18823434
13.5912046432495,43.6116943359375,-0.17234069
13.7473192214966,44.8792381286621,-0.09877913
16.2937908172607,54.3642158508301,-0.0778307
16.3527050018311,54.4935111999512,-0.08163103
17.9262676239014,57.3887672424316,-0.26043645
18.004903793335,57.5113830566406,-0.25223161
18.0844554901123,57.6337356567383,-0.25827589
18.1649322509766,57.7558250427246,-0.26476087
19.8811798095703,60.0267639160156,-0.30684489
20.1870346069336,60.3769416809082,-0.27209411
21.3984851837158,61.641242980957,-0.22072722
21.5159587860107,61.7546272277832,-0.21851897
34.8937797546387,69.3513259887695,-0.27101199
53.1998443603516,73.2100677490234,-0.28435591
53.5716323852539,73.2533569335938,-0.25851332
53.9446983337402,73.2957611083984,-0.25133394
54.3189888000488,73.337287902832,-0.24538321
57.7344551086426,73.6708679199219,-0.19806033
13.2514495849609,-69.7408218383789,-0.13544411
13.25,-20.7789421081543,-0.25665934
13.25,-20.5450229644775,-0.25562723
13.25,-12.4020042419434,-0.18111883
13.25,-10.1957597732544,-0.16026868
13.25,-9.94961357116699,-0.14989863
13.25,-8.71618556976318,-0.16705788
13.25,-8.46899127960205,-0.18271901
13.25,-8.22163867950439,-0.17108645
13.2944507598877,33.0141525268555,-0.2025884
13.3987321853638,37.2393836975098,-0.25974793
13.4361047744751,38.1513786315918,-0.22349543
13.6121435165405,41.1251068115234,-0.18477896
13.80699634552,43.2750625610352,-0.20702993
13.8244380950928,43.4362907409668,-0.19330805
13.9985694885254,44.862174987793,-0.08539616
16.665843963623,54.5828247070312,-0.09221171
18.0258827209473,57.0962562561035,-0.22851807
18.1027431488037,57.2190589904785,-0.23433412
18.5006980895996,57.8291320800781,-0.26435282
20.2367858886719,60.0887832641602,-0.2958675
20.3387451171875,60.2051696777344,-0.29637837
21.1959056854248,61.1270866394043,-0.23332506
21.3083972930908,61.2411727905273,-0.22679422
21.4221153259277,61.3549995422363,-0.22754559
21.5370693206787,61.4685668945312,-0.22547118
35.1293067932129,69.2651443481445,-0.2681218
52.9798583984375,73.0606689453125,-0.29150941
57.471492767334,73.5292892456055,-0.19836023
13.5012550354004,-69.6556091308594,-0.13867894
13.5,-21.2456912994385,-0.25379358
13.5,-21.0124988555908,-0.26368501
13.5,-12.4020042419434,-0.17746733
13.5,-12.1577243804932,-0.17459373
13.5,-10.687479019165,-0.16728974
13.5,-10.4417161941528,-0.16784973
13.5445575714111,33.011589050293,-0.20411533
13.6422595977783,37.0491142272949,-0.24981302
13.6864957809448,38.1444511413574,-0.22739939
13.8501291275024,40.9448776245117,-0.1894732
13.8628253936768,41.114315032959,-0.18105104
14.0077447891235,42.7744941711426,-0.21726316
14.0241212844849,42.9371871948242,-0.21536271
14.0408563613892,43.0992965698242,-0.21413229
14.2711191177368,45.0004730224609,-0.04112932
14.2928838729858,45.1553649902344,-0.01930061
14.3150644302368,45.3097343444824,-0.01549778
16.9795207977295,54.6709938049316,-0.11180104
18.2036647796631,56.9268493652344,-0.22094176
18.8370246887207,57.9012985229492,-0.26335763
21.2287311553955,60.8405838012695,-0.22861729
21.3387966156006,60.9548454284668,-0.22734512
35.614387512207,69.2636184692383,-0.26881271
52.4012451171875,72.8654632568359,-0.29878504
52.7643013000488,72.9108505249023,-0.29649043
53.1287078857422,72.9553680419922,-0.26323319
57.2132339477539,73.38720703125,-0.19889889
13.7512454986572,-69.6555480957031,-0.13807272
13.7510814666748,-69.5699844360352,-0.13961434
13.7509346008301,-69.484001159668,-0.13995132
13.7508020401001,-69.3975982666016,-0.140667
13.75,-21.7109680175781,-0.24653677
13.75,-21.478515625,-0.2595645
13.75,-11.9132204055786,-0.16349294
13.75,-11.6684951782227,-0.16512702
13.75,-11.4235544204712,-0.1557901
13.75,-11.1784019470215,-0.15691667
13.75,-10.9330415725708,-0.16074085
13.7918090820312,32.8088645935059,-0.22038829
13.8925580978394,37.0433349609375,-0.2491033
13.9368734359741,38.1375007629395,-0.2306292
14.0883646011353,40.7644691467285,-0.19279311
14.2425565719604,42.5980262756348,-0.20876654
14.5440731048584,45.1375846862793,-0.0111497
14.566276550293,45.2916488647461,0.001
17.2937259674072,54.7580261230469,-0.12701734
18.5330486297607,57.0027046203613,-0.22094713
18.6099529266357,57.1248245239258,-0.22220717
18.8460922241211,57.4896049499512,-0.2385897
18.9266376495361,57.6106758117676,-0.24324689
19.0081157684326,57.7314834594727,-0.25161376
21.3734111785889,60.6686210632324,-0.18511111
36.0985794067383,69.260612487793,-0.26997995
52.1937103271484,72.7146377563477,-0.27909603
56.5868377685547,73.2091064453125,-0.19383848
56.9596138000488,73.2446136474609,-0.19962873
14.0006790161133,-69.3107376098633,-0.14360466
14,-21.9430446624756,-0.238459
14.0419044494629,32.8064041137695,-0.23055878
14.1064577102661,35.9187278747559,-0.254672
14.1428480148315,37.037540435791,-0.25468967
14.1872396469116,38.1305274963379,-0.23751086
14.3389616012573,40.7541046142578,-0.1900151
14.4776449203491,42.421459197998,-0.20142814
14.7310047149658,44.6552772521973,-0.05329623
14.7519950866699,44.8106307983398,-0.0355821
14.7733936309814,44.9654541015625,-0.01775398
17.6084518432617,54.8439140319824,-0.13290126
18.9407768249512,57.1989364624023,-0.23146623
19.0194988250732,57.3201866149902,-0.23632297
21.5186805725098,60.4968566894531,-0.15112263
36.3278121948242,69.1730728149414,-0.26584008
52.3462142944336,72.609992980957,-0.31526293
56.7105751037598,73.1015396118164,-0.19933872
14.2506732940674,-69.3106918334961,-0.1395311
14.25,-24.0143547058105,-0.21216622
14.25,-23.7857913970947,-0.23087211
14.25,-23.5568256378174,-0.22842626
14.25,-23.3274612426758,-0.23463011
14.25,-23.0976982116699,-0.23957143
14.25,-22.406063079834,-0.18537765
14.25,-22.1747455596924,-0.14967407
14.2919979095459,32.8039398193359,-0.22740523
14.3513164520264,35.7251396179199,-0.25399619
14.3622312545776,36.1020965576172,-0.26306554
14.3865203857422,36.8472518920898,-0.25122939
14.437593460083,38.1235389709473,-0.24619682
14.5774049758911,40.5737266540527,-0.17494266
14.7130098342896,42.2447929382324,-0.19596897
14.9019689559937,44.0125885009766,-0.13553433
14.9213895797729,44.1698417663574,-0.1377856
14.9412031173706,44.3265380859375,-0.10069089
14.9614105224609,44.4826812744141,-0.07436406
17.9236888885498,54.9286613464355,-0.14311288
21.7710151672363,60.4393081665039,-0.14194397
36.555477142334,69.085334777832,-0.26241999
52.497127532959,72.5052719116211,-0.31844839
56.4660606384277,72.9579772949219,-0.1957705
14.5006675720215,-69.3106536865234,-0.13565704
14.5,-24.6975994110107,-0.22069242
14.5,-24.4702625274658,-0.21098038
14.5,-24.2425117492676,-0.22540455
14.5,-22.8675422668457,-0.09705987
14.5,-22.6369972229004,-0.09638955
14.5393524169922,32.6009254455566,-0.24534541
14.6068849563599,35.9092254638672,-0.25212526
14.6303806304932,36.6565933227539,-0.24462144
14.6961975097656,38.2958030700684,-0.24120946
14.80455493927,40.2220993041992,-0.20566049
14.8160982131958,40.3931541442871,-0.19780974
14.8279399871826,40.5635452270508,-0.18851317
14.9486503601074,42.0680160522461,-0.1872869
15.1338052749634,43.8392028808594,-0.16422799
18.1758308410645,54.886791229248,-0.14788166
22.0227355957031,60.3815383911133,-0.14595956
36.7815895080566,68.9973907470703,-0.25844129
52.6464767456055,72.4004745483398,-0.31467847
56.226016998291,72.8139343261719,-0.19181834
14.7506618499756,-69.3106155395508,-0.13503546
14.75,-26.2772159576416,-0.15166128
14.75,-26.0528354644775,-0.16174215
14.75,-25.8280220031738,-0.17190765
14.75,-25.602783203125,-0.18745062
14.75,-25.3771171569824,-0.20197926
14.75,-25.1510314941406,-0.20061426
14.75,-24.924524307251,-0.21752252
14.7894344329834,32.5985641479492,-0.2438364
14.8806219100952,36.6511192321777,-0.24886901
14.9465379714966,38.2885627746582,-0.24548975
15.0437784194946,40.040901184082,-0.21044723
15.1992988586426,42.0554847717285,-0.18175756
15.3846311569214,43.8235816955566,-0.16777105
18.427677154541,54.8447608947754,-0.15925072
22.1674613952637,60.2102355957031,-0.15917494
37.0061645507812,68.9092483520508,-0.24563797
51.4057350158691,72.1074829101562,-0.30891916
51.7507858276367,72.1557693481445,-0.31235691
52.0972557067871,72.2032241821289,-0.31128458
52.4451026916504,72.2498397827148,-0.31150701
55.9903831481934,72.6694259643555,-0.19237906
70.1972198486328,73.4962005615234,-0.19462296
70.5519714355469,73.5014190673828,-0.1837459
70.9055480957031,73.5059127807617,-0.17905465
15.0006561279297,-69.3105773925781,-0.13279101
15,-27.1703872680664,-0.12762616
15,-26.94775390625,-0.13418464
15,-26.7246780395508,-0.14521333
15,-26.5011653900146,-0.15360223
15.039514541626,32.5961952209473,-0.23688976
15.1372747421265,36.8302803039551,-0.24781765
15.1578664779663,37.3798370361328,-0.23643641
15.165186882019,37.5615730285645,-0.23842024
15.1968650817871,38.281307220459,-0.23202092
15.294228553772,40.0313911437988,-0.21243569
15.4499158859253,42.0429153442383,-0.18676618
15.6167116165161,43.6504096984863,-0.16720585
18.5543479919434,54.5521621704102,-0.14768487
18.6164054870605,54.6775131225586,-0.16068529
22.4180126190186,60.1523818969727,-0.18119958
37.4798965454102,68.9025573730469,-0.24078889
51.2190017700195,71.9547653198242,-0.30360025
55.759105682373,72.5244674682617,-0.18946613
69.8657760620117,73.3781967163086,-0.20602969
71.2714004516602,73.3975143432617,-0.19337383
15.2506504058838,-69.3105392456055,-0.12973544
15.25,-27.6143245697021,-0.12884803
15.25,-27.392578125,-0.13959263
15.2869720458984,32.392879486084,-0.25056653
15.394157409668,37.0083198547363,-0.24706606
15.4010286331177,37.1913146972656,-0.24243897
15.4230260848999,37.7359237670898,-0.24655374
15.4308319091797,37.9160118103027,-0.24109689
15.4471797943115,38.2740287780762,-0.25040309
15.5336637496948,39.8501815795898,-0.22343537
15.544659614563,40.0218544006348,-0.20965275
15.7005023956299,42.0303115844727,-0.19013978
15.8674345016479,43.6349868774414,-0.18166619
18.8056201934814,54.5105247497559,-0.1549096
22.6679630279541,60.0943183898926,-0.21217512
37.7005996704102,68.8136825561523,-0.23297006
51.3743209838867,71.8510894775391,-0.31154323
55.5321350097656,72.3790512084961,-0.18069029
69.8899154663086,73.2661590576172,-0.20629219
71.6304321289062,73.2883834838867,-0.19621869
15.5011720657349,-69.6551361083984,-0.11872526
15.5010175704956,-69.5696105957031,-0.12068516
15.5008792877197,-69.4836654663086,-0.12699765
15.5007553100586,-69.3972930908203,-0.12606209
15.5,-28.056468963623,-0.13812834
15.5,-27.8356227874756,-0.14921496
15.5299224853516,31.7836208343506,-0.24113372
15.5321741104126,31.9866981506348,-0.25326841
15.5345468521118,32.1890296936035,-0.26384722
15.681113243103,37.9091300964355,-0.24271515
15.7060403823853,38.4444541931152,-0.24993225
15.7148551940918,38.6214637756348,-0.24243468
15.7629098892212,39.4959411621094,-0.23496692
15.7733449935913,39.6687431335449,-0.22583635
15.951057434082,42.0176696777344,-0.19548879
16.0997657775879,43.4620246887207,-0.1763585
19.0566101074219,54.4687385559082,-0.15577401
22.8122692108154,59.9235191345215,-0.26300491
37.919807434082,68.7246246337891,-0.22504052
51.1920738220215,71.6982116699219,-0.30794381
55.6598434448242,72.2723388671875,-0.18862794
69.9137725830078,73.1541366577148,-0.21347988
71.6409454345703,73.1762313842773,-0.2005325
15.7511606216431,-69.6550750732422,-0.11272865
15.75,-28.2768630981445,-0.13942941
15.7758131027222,31.3734798431396,-0.20740566
15.7778387069702,31.5779495239258,-0.23210533
15.9313821792603,37.9022331237793,-0.24654677
15.9742479324341,38.7897987365723,-0.25027694
15.9835968017578,38.9651718139648,-0.25019394
15.9932146072388,39.139835357666,-0.24532808
16.0031032562256,39.3138008117676,-0.23826591
16.1582336425781,41.5132331848145,-0.22538762
16.1723499298096,41.677791595459,-0.22537938
16.1867980957031,41.8417091369629,-0.2257298
16.3503913879395,43.4468040466309,-0.20839136
19.3073196411133,54.4268035888672,-0.15253415
21.7957191467285,58.383960723877,-0.26345421
21.8867607116699,58.4994354248047,-0.26347425
22.2611770629883,58.9588012695312,-0.29303307
22.3573875427246,59.0730094909668,-0.30441687
23.0611038208008,59.8653869628906,-0.27742869
38.1375350952148,68.6353912353516,-0.21484616
51.3463821411133,71.5946578979492,-0.30663852
55.4380874633789,72.1266555786133,-0.17644533
69.2440795898438,73.0283889770508,-0.2241385
70.2824325561523,73.0479431152344,-0.21136424
70.6264190673828,73.0530242919922,-0.20501356
70.9692535400391,73.0574111938477,-0.20182394
71.3109130859375,73.0610961914062,-0.19452939
16.0011501312256,-69.6550216674805,-0.12454227
16,-28.4968032836914,-0.13401272
16,-28.2768630981445,-0.11858915
16.0258598327637,31.3717250823975,-0.21166586
16.18971824646,38.0740661621094,-0.25104804
16.3948974609375,41.3363952636719,-0.23456978
16.5829811096191,43.2740478515625,-0.19334984
19.6197490692139,54.5086555480957,-0.1556412
19.6825141906738,54.6322975158691,-0.16146668
19.7460479736328,54.7556533813477,-0.1664431
19.8103580474854,54.8787269592285,-0.17197623
19.875452041626,55.0015144348145,-0.17639953
20.7960376739502,56.5726776123047,-0.24654823
20.87282371521,56.6916580200195,-0.24950964
20.9504985809326,56.8103713989258,-0.25048755
21.0290718078613,56.9288291931152,-0.24585354
21.1085510253906,57.0470237731934,-0.24037627
21.188943862915,57.1649589538574,-0.23786346
21.2702579498291,57.2826347351074,-0.23870607
21.3525009155273,57.4000511169434,-0.23531029
21.4356822967529,57.5172119140625,-0.22821154
21.9549217224121,58.2148094177246,-0.25668819
22.2278785705566,58.5601768493652,-0.2519483
22.3208961486816,58.6747932434082,-0.27010648
22.4149475097656,58.7891578674316,-0.26091149
22.7033824920654,59.1307334899902,-0.29015642
23.414234161377,59.9188919067383,-0.28056121
33.3757362365723,66.6631698608398,-0.10270309
33.5815467834473,66.7537002563477,-0.1035179
38.3538017272949,68.5459747314453,-0.20791911
51.499210357666,71.4910202026367,-0.29699583
55.5654411315918,72.0200805664062,-0.18300711
68.9271774291992,72.9085693359375,-0.23405902
69.6171646118164,72.9236907958984,-0.18419825
69.9606704711914,72.9301681518555,-0.17080986
70.3031234741211,72.9359283447266,-0.16483182
70.6444931030273,72.9409866333008,-0.16585507
70.9847259521484,72.9453430175781,-0.15577904
71.3237762451172,72.9490051269531,-0.15429298
71.6616134643555,72.9519882202148,-0.16087067
16.2511386871338,-69.6549682617188,-0.11871545
16.25,-28.7162837982178,-0.13062476
16.2759056091309,31.369966506958,-0.23377289
16.4483051300049,38.2447319030762,-0.25808732
16.6453227996826,41.3247299194336,-0.21364499
16.8335132598877,43.2590408325195,-0.18679759
20.1913070678711,55.079647064209,-0.18321353
20.820592880249,56.1665687561035,-0.24459649
20.8947124481201,56.2859840393066,-0.23979439
20.9696979522705,56.4051361083984,-0.23629607
21.7688751220703,57.5822715759277,-0.2038216
22.114767074585,58.0459213256836,-0.25335553
22.9515686035156,59.0743064880371,-0.26590398
23.6618061065674,59.8600082397461,-0.27890068
33.6061058044434,66.5812377929688,-0.10354757
33.8113670349121,66.6714172363281,-0.10477853
38.5686187744141,68.4563827514648,-0.2016079
51.980655670166,71.4356460571289,-0.2976748
55.6914978027344,71.9134674072266,-0.18623008
68.9580230712891,72.7967529296875,-0.23219597
72.0057983398438,72.8421936035156,-0.1583947
72.3385391235352,72.8438186645508,-0.16226214
16.501127243042,-69.654914855957,-0.10734101
16.5,-28.9353065490723,-0.13261655
16.5,-28.7162837982178,-0.1325345
16.5259494781494,31.3682022094727,-0.2367453
16.7071495056152,38.4142303466797,-0.25827116
16.7159996032715,38.5903701782227,-0.25845237
16.7251110076904,38.7657852172852,-0.25705104
16.7747116088867,39.6321716308594,-0.22122807
16.7854690551758,39.8033332824707,-0.21892763
16.7965126037598,39.973804473877,-0.21818277
16.8078498840332,40.1435813903809,-0.21912543
16.8194828033447,40.312671661377,-0.21615466
16.8822269439697,41.1479759216309,-0.21291021
17.0663681030273,43.0864868164062,-0.20008261
20.4409694671631,55.0351219177246,-0.19086824
20.8527793884277,55.7600364685059,-0.22602061
20.9242992401123,55.8798980712891,-0.22988761
20.9966640472412,55.9994926452637,-0.23446882
22.1024608612061,57.6461906433105,-0.19429522
22.4519729614258,58.1074028015137,-0.19852781
22.5418128967285,58.2220726013184,-0.19733264
23.0062065124512,58.7916297912598,-0.15632495
23.1021862030029,58.90478515625,-0.18143112
23.2973213195801,59.1303405761719,-0.26703274
23.3964939117432,59.2427368164062,-0.26327413
24.0146007537842,59.911808013916,-0.27763962
24.1215534210205,60.0224304199219,-0.28578416
33.6323928833008,66.4088439941406,-0.10215671
34.0399475097656,66.5889282226562,-0.10502245
38.7820091247559,68.3666152954102,-0.19361386
52.1286239624023,71.3316192626953,-0.28946398
55.8162803649902,71.8068161010742,-0.19036
68.647331237793,72.676399230957,-0.22962864
72.6724472045898,72.7326965332031,-0.16133909
16.7511157989502,-69.6548538208008,-0.10901209
16.75,-29.5895938873291,-0.12224805
16.75,-29.3719635009766,-0.13320185
16.75,-29.1538677215576,-0.13639781
16.7759914398193,31.3664360046387,-0.23868756
16.9753704071045,38.7577438354492,-0.25974682
17.0250072479248,39.622974395752,-0.22753157
17.0698089599609,40.3024978637695,-0.21478658
17.1325912475586,41.1365165710449,-0.19757038
17.2995376586914,42.9138717651367,-0.1850681
17.3168125152588,43.0716934204102,-0.19002823
20.7568855285645,55.1115989685059,-0.2057643
20.8242530822754,55.2324676513672,-0.20999393
20.8924255371094,55.3530616760254,-0.21532607
20.9614124298096,55.4733810424805,-0.2214395
21.0312194824219,55.5934295654297,-0.22622435
22.4364242553711,57.7089653015137,-0.1830092
22.8803081512451,58.2818031311035,-0.18688313
23.2535152435303,58.7355308532715,-0.13451552
23.3494033813477,58.848331451416,-0.15357351
23.4463443756104,58.960880279541,-0.18306336
23.7435760498047,59.2970161437988,-0.26062406
24.3677196502686,59.9624519348145,-0.27885559
33.8608627319336,66.3268585205078,-0.10253568
34.2672958374023,66.5062484741211,-0.10453544
38.9939842224121,68.2766876220703,-0.18779096
52.2751922607422,71.2275238037109,-0.28030913
55.9398155212402,71.7001266479492,-0.18856852
68.680046081543,72.5646743774414,-0.23000064
73,72.6209564208984,-0.15689013
17.0011043548584,-69.6548004150391,-0.10891534
17,-30.2396640777588,-0.11704887
17,-30.0234451293945,-0.11623247
17,-29.806755065918,-0.1260118
17.0241012573242,31.1599292755127,-0.20732679
17.2350025177002,38.9239311218262,-0.25430151
17.2446613311768,39.0974578857422,-0.25280862
17.2545909881592,39.2702674865723,-0.24271614
17.264799118042,39.4423675537109,-0.23707086
17.3201141357422,40.2922973632812,-0.21501972
17.369743347168,40.9598350524902,-0.19532934
17.5330200195312,42.7411918640137,-0.18499113
22.6840190887451,57.6558799743652,-0.16628413
23.2191543579102,58.3403930664062,-0.17498698
23.3118457794189,58.4535942077637,-0.17929808
24.0909843444824,59.3501472473145,-0.27486748
24.1932144165039,59.4610786437988,-0.2731454
24.7211437225342,60.0119400024414,-0.27072637
24.8301544189453,60.1213493347168,-0.27150237
34.0881309509277,66.2446746826172,-0.10285813
34.6988296508789,66.512077331543,-0.10611099
39.2045555114746,68.1865921020508,-0.17670901
52.4203834533691,71.1233673095703,-0.27458246
56.0621185302734,71.5934066772461,-0.18546328
68.71240234375,72.4529800415039,-0.23017565
73,72.5089263916016,-0.15269746
17.2510929107666,-69.6547470092773,-0.10472662
17.25,-30.67067527771,-0.1150489
17.25,-30.4554080963135,-0.12851964
17.2741374969482,31.1582527160645,-0.21252294
17.5703983306885,40.2820777893066,-0.212407
17.6071720123291,40.7829818725586,-0.20120261
17.7833786010742,42.7269096374512,-0.18440983
22.9311656951904,57.6026191711426,-0.15664183
23.5583343505859,58.3978385925293,-0.16735304
24.5419101715088,59.5124549865723,-0.26798996
25.1848831176758,60.169075012207,-0.26666753
34.314208984375,66.1623077392578,-0.10249062
34.923152923584,66.4286651611328,-0.10635486
39.6583824157715,68.17431640625,-0.17023589
52.8877220153809,71.0656661987305,-0.28195577
53.2124290466309,71.1113891601562,-0.29994755
56.1832122802734,71.4866485595703,-0.18342371
68.7444000244141,72.3413009643555,-0.22753268
73,72.3969116210938,-0.14637371
17.5010814666748,-69.6546936035156,-0.10201363
17.5,-31.0997734069824,-0.11340645
17.5,-30.8854637145996,-0.1312732
17.5241718292236,31.1565723419189,-0.21463426
17.8090019226074,40.1037406921387,-0.2191652
17.8206596374512,40.2718353271484,-0.21530819
17.8574504852295,40.7719688415527,-0.19859178
18.0171356201172,42.5544128417969,-0.18281735
23.0922794342041,57.4349327087402,-0.14213317
23.804328918457,58.3418998718262,-0.16086145
24.89089012146,59.5626792907715,-0.26212648
25.5398693084717,60.215648651123,-0.26807092
34.5391082763672,66.0797424316406,-0.10268611
35.3522872924805,66.4326324462891,-0.11014415
40.1108703613281,68.1606597900391,-0.15765579
53.3510093688965,71.0066223144531,-0.29271791
56.3031196594238,71.3798522949219,-0.18087807
68.4440383911133,72.2205810546875,-0.22052414
73,72.2849349975586,-0.14212023
17.751070022583,-69.6546478271484,-0.11508183
17.75,-33.0066146850586,-0.10534183
17.75,-32.7967147827148,-0.11948286
17.75,-31.3135986328125,-0.11115538
17.7723731994629,30.9496726989746,-0.16420944
18.0478706359863,39.9251823425293,-0.21604753
18.0951290130615,40.5951690673828,-0.21008976
18.2674198150635,42.540355682373,-0.18302332
23.2540988922119,57.2675476074219,-0.13312797
23.957462310791,58.1736602783203,-0.15265689
25.2401332855225,59.6117553710938,-0.25702572
25.895092010498,60.2610664367676,-0.25342058
26.0083408355713,60.3683815002441,-0.25420906
34.7628402709961,65.9969940185547,-0.10368462
35.5735778808594,66.3485107421875,-0.11095071
40.3154258728027,68.0694198608398,-0.13415573
53.4883003234863,70.9018096923828,-0.2749187
56.4218559265137,71.2730331420898,-0.17653035
68.4777908325195,72.1090087890625,-0.22185447
73,72.172981262207,-0.12155129
18.0010585784912,-69.6545944213867,-0.10743161
18,-33.4249229431152,-0.09919945
18,-33.2160186767578,-0.11576403
18,-32.5863189697266,-0.1238011
18,-31.7397956848145,-0.10147245
18,-31.5269393920898,-0.11035329
18.022403717041,30.9480800628662,-0.18271209
18.2870025634766,39.746395111084,-0.22864194
18.3330841064453,40.4181747436523,-0.21637267
18.5014553070068,42.3680305480957,-0.17061033
23.4166316986084,57.1004638671875,-0.126697
24.2025947570801,58.117733001709,-0.14269026
25.5896186828613,59.6596832275391,-0.25281051
26.2505302429199,60.3053283691406,-0.24476094
34.9854125976562,65.9140625,-0.10295659
35.7936706542969,66.2641983032227,-0.11054635
40.5186347961426,67.97802734375,-0.12361648
53.624324798584,70.7969512939453,-0.25834651
56.5394477844238,71.1661834716797,-0.17563332
68.5111923217773,71.9974594116211,-0.21878487
72.6868515014648,72.0607528686523,-0.10665627
18.2511978149414,-69.7395858764648,-0.10269298
18.25,-34.0486145019531,-0.0882184
18.25,-33.8412208557129,-0.09067632
18.25,-33.6333236694336,-0.09243994
18.25,-32.5863189697266,-0.10666482
18.25,-32.3754272460938,-0.10355598
18.25,-32.1640396118164,-0.07187843
18.25,-31.9521617889404,-0.07081831
18.2706985473633,30.7406845092773,-0.15714067
18.5482730865479,39.905590057373,-0.229781
18.5596466064453,40.0736351013184,-0.22840397
18.5713157653809,40.2409744262695,-0.22698009
18.7358055114746,42.1956176757812,-0.17873779
23.6623382568359,57.0476226806641,-0.12239782
24.1768741607666,57.7258949279785,-0.13370173
24.2660083770752,57.8380584716797,-0.13188866
24.356128692627,57.9499740600586,-0.12767939
24.447244644165,58.0616340637207,-0.12470994
25.9393291473389,59.7064628601074,-0.24354926
26.6061611175537,60.3484344482422,-0.23188643
34.8145599365234,65.6539916992188,-0.10195482
35.009822845459,65.74267578125,-0.10223117
36.2184791564941,66.2658157348633,-0.11637334
40.7205085754395,67.8864898681641,-0.11467709
43.5123100280762,68.6854782104492,-0.19031605
54.0770797729492,70.7360153198242,-0.24891253
56.6559104919434,71.0593109130859,-0.17559585
68.2186813354492,71.8763122558594,-0.21670166
72.6891632080078,71.948860168457,-0.09226176
18.501184463501,-69.7395248413086,-0.10150968
18.5,-34.255500793457,-0.08390851
18.5190868377686,30.5326976776123,-0.13463463
18.9704704284668,42.0231018066406,-0.17214174
23.9076271057129,56.9946212768555,-0.12444753
23.990894317627,57.1079330444336,-0.12680971
24.0750999450684,57.2209968566895,-0.12400457
24.1602478027344,57.3338050842285,-0.12770782
24.2463493347168,57.4463577270508,-0.12628862
24.3334102630615,57.5586624145508,-0.12664716
26.1811847686768,59.6448173522949,-0.24128715
26.9619636535645,60.3903884887695,-0.22291818
27.0782356262207,60.4958648681641,-0.22051496
34.6519050598145,65.3934631347656,-0.09898576
34.8431129455566,65.4826278686523,-0.09936329
36.6425590515137,66.2661285400391,-0.11971229
40.9210624694824,67.794807434082,-0.10811284
43.439037322998,68.5209426879883,-0.23763562
43.964412689209,68.6589736938477,-0.17241848
54.5257453918457,70.6737899780273,-0.23675484
57.095329284668,70.9890289306641,-0.18881595
68.2537460327148,71.7648696899414,-0.2114738
72.6914443969727,71.8370056152344,-0.0749206
18.751335144043,-69.8240737915039,-0.09929744
18.75,-34.255500793457,-0.09557363
18.7691097259521,30.5312747955322,-0.16281517
19.0958919525146,40.5518493652344,-0.23923339
19.1084728240967,40.7165718078613,-0.23718578
19.1619396209717,41.3685722351074,-0.20599558
19.2054481506348,41.8504791259766,-0.17487683
26.4224529266357,59.5829887390137,-0.23388064
27.3179130554199,60.4311904907227,-0.21884848
34.6845245361328,65.2221374511719,-0.09795822
36.8577690124512,66.1806182861328,-0.11875665
41.1203117370605,67.7029800415039,-0.10137369
43.6274032592773,68.4259262084961,-0.23551436
44.1503715515137,68.5633316040039,-0.16360768
44.4145050048828,68.6310958862305,-0.1581504
54.9702911376953,70.6102981567383,-0.22876688
57.2075004577637,70.8819046020508,-0.17717285
67.9668655395508,71.6432418823242,-0.2016494
72.3861541748047,71.7242660522461,-0.08012653
19.0013179779053,-69.8240203857422,-0.09939761
19,-34.4618797302246,-0.07860761
19.0175876617432,30.322774887085,-0.13149208
19.3217792510986,40.2099380493164,-0.24910502
19.3337516784668,40.375804901123,-0.24597617
19.3714962005615,40.8691902160645,-0.23288533
19.3847007751465,41.0322647094727,-0.22362282
19.3982219696045,41.1946487426758,-0.20755569
19.4262371063232,41.5173797607422,-0.19677615
19.4407367706299,41.677734375,-0.17774848
19.4555702209473,41.8374214172363,-0.16100802
26.7708168029785,59.6275520324707,-0.22621777
27.6739883422852,60.4708404541016,-0.21572774
34.9055595397949,65.1401977539062,-0.0980222
37.2791976928711,66.1791229248047,-0.12017018
41.0785369873047,67.535888671875,-0.09062798
43.8144454956055,68.3307876586914,-0.23278736
44.8625335693359,68.6018524169922,-0.14524402
48.1692962646484,69.3526840209961,-0.14109877
48.4553565979004,69.4108276367188,-0.1277499
48.7429542541504,69.4682769775391,-0.11442935
49.0320663452148,69.525016784668,-0.18590798
55.4106788635254,70.5455474853516,-0.22896279
55.7266426086426,70.5857162475586,-0.23431195
57.6391716003418,70.8102035522461,-0.17744559
67.6835708618164,71.5210418701172,-0.20299582
72.3906402587891,71.6124725341797,-0.07207041
73.3040542602539,71.6133804321289,-0.05510636
19.2513027191162,-69.8239593505859,-0.09797811
19.25,-34.6677513122559,-0.08786641
19.25,-34.4618797302246,-0.08713203
19.2676067352295,30.3214302062988,-0.12939819
19.5377559661865,39.6984252929688,-0.26749657
19.5602207183838,40.0332298278809,-0.25709632
27.0107192993164,59.5650177001953,-0.22389473
28.0301685333252,60.509334564209,-0.20971418
34.9394416809082,64.9691467285156,-0.10302268
37.4913711547852,66.0929565429688,-0.12084214
41.2762222290039,67.4441070556641,-0.08909443
44.000171661377,68.2355270385742,-0.21501142
45.3084373474121,68.5712661743164,-0.13416021
48.0504722595215,69.1941223144531,-0.13323292
49.4806594848633,69.4799423217773,-0.102926
56.1617012023926,70.5187301635742,-0.2184021
56.4773292541504,70.55712890625,-0.25326304
56.7937278747559,70.5947341918945,-0.28517477
57.7471656799316,70.7028503417969,-0.18475775
67.0848693847656,71.3860549926758,-0.21651737
67.4038391113281,71.3982849121094,-0.1872682
72.0907821655273,71.4991989135742,-0.09720187
73,71.5019226074219,-0.04393548
19.5012855529785,-69.8238983154297,-0.09610142
19.5,-34.8731117248535,-0.08652376
19.5191688537598,30.5269908905029,-0.18217771
19.7770519256592,39.5205345153809,-0.28612435
19.7989349365234,39.8562965393066,-0.29473004
19.8103122711182,40.0230865478516,-0.28653225
27.2500381469727,59.502311706543,-0.22080957
28.3864269256592,60.5466804504395,-0.21182127
34.9750862121582,64.7982025146484,-0.10798014
37.702392578125,66.0066223144531,-0.12208353
41.2366905212402,67.2771606445312,-0.08626629
44.1846084594727,68.1401519775391,-0.21942225
45.7521667480469,68.5393218994141,-0.12451096
47.9348831176758,69.0353546142578,-0.1150018
49.9262542724609,69.4335479736328,-0.10252644
57.2219581604004,70.5245742797852,-0.24905843
57.5377349853516,70.5604248046875,-0.18816651
66.8103713989258,71.262092590332,-0.24377976
72.0973892211914,71.3874816894531,-0.10287219
73,71.3901901245117,-0.0484774
19.7512702941895,-69.823844909668,-0.1064577
19.75,-34.8731117248535,-0.1043164
19.7708282470703,30.7315998077393,-0.16477532
19.7784366607666,31.5478801727295,-0.15835531
19.7806167602539,31.7499618530273,-0.15842908
19.7829151153564,31.9512462615967,-0.1568542
20.0271282196045,39.5111236572266,-0.29268192
27.4887752532959,59.4394340515137,-0.21583989
28.6227836608887,60.4802284240723,-0.21239593
35.0124893188477,64.6273880004883,-0.10436227
38.1192092895508,66.0028533935547,-0.12373488
41.4328651428223,67.1854400634766,-0.08508994
44.1136703491211,67.9762802124023,-0.21461701
45.9278297424316,68.4420318603516,-0.11933729
48.0994720458984,68.9357604980469,-0.10592335
50.0801200866699,69.3320465087891,-0.0959162
66.5394134521484,71.137580871582,-0.26655245
72.1039276123047,71.2758026123047,-0.11700244
72.4038238525391,71.2772979736328,-0.09281221
73.2974700927734,71.278190612793,-0.09239749
20.0012531280518,-69.8237838745117,-0.10370235
20,-34.8731117248535,-0.10438359
20.0225887298584,30.9352436065674,-0.13751839
20.0244369506836,31.1396179199219,-0.14050825
20.0263919830322,31.3431949615479,-0.13465753
20.0353622436523,32.1495018005371,-0.14633519
20.0379085540771,32.349063873291,-0.16556076
20.2093067169189,38.3064575195312,-0.29301979
20.2666721343994,39.3332023620605,-0.29419578
27.8348827362061,59.4812660217285,-0.21265533
27.9439640045166,59.5858879089355,-0.21303279
28.0541877746582,59.6902542114258,-0.23752158
28.1655616760254,59.7943649291992,-0.21843561
28.2780952453613,59.8982200622559,-0.22068269
28.7400131225586,60.3110504150391,-0.21434752
35.051643371582,64.4566955566406,-0.1033472
36.7255401611328,65.2443161010742,-0.11716255
38.5351066589355,65.9978103637695,-0.1231732
41.3955879211426,67.0186462402344,-0.08391054
44.0455360412598,67.8123016357422,-0.20905653
46.1022262573242,68.3446502685547,-0.11532383
48.2628059387207,68.8360824584961,-0.09873731
50.2327537536621,69.2304763793945,-0.08987175
58.6915321350098,70.4477767944336,-0.19849995
59.0054817199707,70.4801406860352,-0.19464134
66.5858306884766,71.0266952514648,-0.26178487
72.7046737670898,71.1665267944336,-0.05886296
20.2512378692627,-69.82373046875,-0.09979404
20.25,-34.6677513122559,-0.10279781
20.2906131744385,32.545352935791,-0.16463111
20.4341773986816,37.7756195068359,-0.28417097
20.4507141113281,38.1250915527344,-0.28803324
20.4682579040527,38.4714622497559,-0.29426831
20.4868354797363,38.8147583007812,-0.29890251
20.4965229034424,38.9852638244629,-0.30175039
20.5064811706543,39.1550140380859,-0.29590004
28.6279125213623,59.936450958252,-0.21950586
28.9753379821777,60.2446098327637,-0.21246035
35.2698059082031,64.3752746582031,-0.09372168
36.3672981262207,64.9019470214844,-0.11257998
36.5559310913086,64.9883270263672,-0.11091683
36.7462120056152,65.0742950439453,-0.11642339
37.1317596435547,65.244987487793,-0.1212953
38.9500389099121,65.9914932250977,-0.12452805
39.1605834960938,66.0721588134766,-0.11901308
41.3607902526855,66.8518295288086,-0.08873716
43.7335052490234,67.5786590576172,-0.18240201
43.9801788330078,67.6482238769531,-0.20298053
46.2753715515137,68.2471618652344,-0.1126213
48.4248924255371,68.736328125,-0.09004272
50.3841705322266,69.1288452148438,-0.0836969
58.4801177978516,70.3070526123047,-0.17543283
59.4157485961914,70.4036331176758,-0.19118165
66.3201675415039,70.901741027832,-0.27864412
72.7068023681641,71.0549011230469,-0.06723214
20.501220703125,-69.8236770629883,-0.09782923
20.5,-34.6677513122559,-0.10311034
20.5406379699707,32.5428924560547,-0.16317749
20.6763172149658,37.5927772521973,-0.26715167
20.692361831665,37.9433822631836,-0.28626169
20.7093963623047,38.2908592224121,-0.28575522
20.7274494171143,38.6352348327637,-0.28979594
28.863410949707,59.870922088623,-0.21652324
28.9777660369873,59.9735412597656,-0.21474153
29.2100238800049,60.1780090332031,-0.20950306
35.6652717590332,64.3821029663086,-0.09801633
36.3944778442383,64.7318878173828,-0.10025244
37.3426361083984,65.160041809082,-0.12241703
39.5754051208496,66.0637664794922,-0.12381591
39.7885475158691,66.1431503295898,-0.12084449
40.0033988952637,66.222053527832,-0.11925783
40.2199630737305,66.3004608154297,-0.11313017
40.438232421875,66.3783798217773,-0.10810156
40.6582183837891,66.4557952880859,-0.09498568
40.8799171447754,66.5327072143555,-0.0955313
41.1033325195312,66.6091003417969,-0.09573746
41.3284606933594,66.6849899291992,-0.09753691
43.6737174987793,67.4142227172852,-0.17210541
46.4472808837891,68.1495819091797,-0.10829756
48.8598670959473,68.6943664550781,-0.08384413
49.6908378601074,68.8638763427734,-0.07734737
49.9706497192383,68.9190063476562,-0.07792087
50.2518424987793,68.9734268188477,-0.07794693
58.2723655700684,70.1658935546875,-0.15095611
59.5107269287109,70.295539855957,-0.18662852
66.3678741455078,70.7909851074219,-0.28262431
73,70.943603515625,-0.05821896
20.7513656616211,-69.9077529907227,-0.09872456
20.75,-34.6677513122559,-0.10457461
20.7934741973877,32.7380065917969,-0.19136098
20.9342479705811,37.7613182067871,-0.26590961
20.9423904418945,37.9360122680664,-0.2662281
20.9507808685303,38.109920501709,-0.2643647
20.9683151245117,38.4553909301758,-0.27534395
20.9774684906006,38.6269645690918,-0.28546903
29.3276348114014,60.0094947814941,-0.20667118
29.4440746307373,60.1112403869629,-0.20307017
35.8808860778809,64.3000259399414,-0.10247625
36.6076278686523,64.6484527587891,-0.10152068
37.5524635314941,65.0749359130859,-0.12494982
43.6166343688965,67.2497024536133,-0.15369284
46.617977142334,68.0519180297852,-0.1037031
49.2921447753906,68.6511077880859,-0.07040892
49.5676422119141,68.7073440551758,-0.06886094
58.3745651245117,70.0584716796875,-0.13374447
59.9134712219238,70.2177658081055,-0.19021423
66.7223663330078,70.6941986083984,-0.25178061
67.0290985107422,70.7074279785156,-0.1980757
73,70.8320465087891,-0.05710867
21.0013465881348,-69.9076919555664,-0.09845726
21,-34.4618797302246,-0.10910714
21.0464477539062,32.9320449829102,-0.20700549
21.1842651367188,37.7541580200195,-0.25373317
21.2007942199707,38.1023216247559,-0.25705672
21.2094306945801,38.2752227783203,-0.27442213
29.6774959564209,60.0443077087402,-0.17816428
29.7948322296143,60.145435333252,-0.16500171
36.0955200195312,64.2177810668945,-0.10162656
36.8197708129883,64.5648727416992,-0.10454845
37.9544258117676,65.0734024047852,-0.12477665
43.800537109375,67.1554946899414,-0.15442255
45.0167999267578,67.4987487792969,-0.06757223
45.2649536132812,67.5656356811523,-0.07925383
45.514720916748,67.6319274902344,-0.08804137
45.7660980224609,67.6976013183594,-0.09477122
46.0190696716309,67.7626724243164,-0.10085858
46.787467956543,67.9541549682617,-0.09769602
58.4758529663086,69.9510345458984,-0.12019483
60.004695892334,70.1095123291016,-0.1844538
67.0715789794922,70.5965805053711,-0.23696239
73,70.7205276489258,-0.05603847
21.2513275146484,-69.9076385498047,-0.09790123
21.25,-34.4618797302246,-0.11715418
21.2964649200439,32.9293327331543,-0.20191449
21.3971424102783,36.8636741638184,-0.24473864
21.4041061401367,37.0419502258301,-0.24811061
21.4112968444824,37.2194137573242,-0.24709625
21.4187183380127,37.3960762023926,-0.24474148
21.4263744354248,37.5719299316406,-0.24442973
29.9102916717529,59.9772186279297,-0.16026183
30.0273265838623,60.0779876708984,-0.15711395
36.3091888427734,64.1353912353516,-0.10261292
36.8481101989746,64.3952865600586,-0.10468803
38.1614608764648,64.9876708984375,-0.12849474
39.5545692443848,65.5591201782227,-0.14178483
39.7601852416992,65.6389465332031,-0.14741252
39.967456817627,65.7183151245117,-0.15053272
40.1763954162598,65.7972030639648,-0.15514089
40.3869934082031,65.875617980957,-0.16125782
40.5992622375488,65.9535522460938,-0.16403355
40.8131942749023,66.0309982299805,-0.15238308
41.0287971496582,66.1079559326172,-0.14943496
41.2460708618164,66.1844100952148,-0.14415757
41.4650115966797,66.260368347168,-0.14022065
41.6856231689453,66.3358154296875,-0.13769538
41.9079055786133,66.4107513427734,-0.13239491
42.1318550109863,66.4851684570312,-0.12638072
42.3574714660645,66.5590591430664,-0.11882433
43.9832725524902,67.0611801147461,-0.15058779
45.1938171386719,67.4029388427734,-0.07044056
46.444507598877,67.729850769043,-0.09950399
46.6993637084961,67.7933959960938,-0.0990015
58.8791351318359,69.8766479492188,-0.11933131
60.4000091552734,70.0305099487305,-0.17908679
67.1136474609375,70.4857635498047,-0.22159812
73,70.6090469360352,-0.05837291
21.5013084411621,-69.9075775146484,-0.10265432
21.5,-34.4618797302246,-0.1185482
21.546480178833,32.9266128540039,-0.19366842
21.6404094696045,36.6786460876465,-0.24263339
36.5218963623047,64.0528411865234,-0.10178216
37.0589218139648,64.3117370605469,-0.10640615
38.3674697875977,64.9018020629883,-0.13063601
39.5520477294922,65.390998840332,-0.10473219
42.7726707458496,66.5398330688477,-0.08758381
44.1648445129395,66.9667587280273,-0.14618931
45.3696670532227,67.3070297241211,-0.06976935
53.3775634765625,69.0160140991211,-0.1514993
53.6643905639648,69.0623168945312,-0.08374769
59.2780799865723,69.8011627197266,-0.12082935
60.4875907897949,69.9221115112305,-0.16874909
67.1553268432617,70.3749694824219,-0.20604231
73,70.4976043701172,-0.06475251
21.7516422271729,-70.0744552612305,-0.09091838
21.7514572143555,-69.9912033081055,-0.11076381
21.75,-34.4618797302246,-0.12034223
21.7964916229248,32.9238967895508,-0.18819208
21.897144317627,36.851390838623,-0.24262706
36.7336540222168,63.9701499938965,-0.10043957
37.4502563476562,64.3132247924805,-0.10779013
37.6333236694336,64.3980102539062,-0.10770867
38.5724639892578,64.8157958984375,-0.13178826
39.7524299621582,65.3030319213867,-0.13827078
42.9594573974609,66.4471282958984,-0.07742726
44.345272064209,66.8722305297852,-0.14010844
45.5443649291992,67.2110214233398,-0.10037204
50.4477500915527,68.3583526611328,-0.07375334
50.7199287414551,68.4121932983398,-0.07404037
50.9933967590332,68.4653396606445,-0.07404022
51.2681350708008,68.5177993774414,-0.07321143
51.5441246032715,68.5695571899414,-0.07200385
51.8213348388672,68.6206283569336,-0.07152536
52.0997505187988,68.6709899902344,-0.07143681
52.3793449401855,68.7206420898438,-0.07261135
52.660099029541,68.7695922851562,-0.13818624
52.9419822692871,68.8178253173828,-0.07452254
53.2249717712402,68.8653411865234,-0.07616942
54.0803184509277,69.0035705566406,-0.08103919
59.3728218078613,69.6933898925781,-0.09915874
60.5743942260742,69.8137130737305,-0.1333874
60.8755645751953,69.8419189453125,-0.15843344
61.1769676208496,69.8693695068359,-0.16348383
66.8983993530273,70.2512664794922,-0.22544643
72.7191390991211,70.3859100341797,-0.0726015
22.0016174316406,-70.0743942260742,-0.08967103
22,-34.255500793457,-0.13268832
22.046501159668,32.9211730957031,-0.18745545
22.1403980255127,36.666748046875,-0.24648174
22.1471309661865,36.8452415466309,-0.23924675
37.1206512451172,63.9733276367188,-0.11036481
37.8408584594727,64.3135070800781,-0.1098626
38.9683265686035,64.8116149902344,-0.12999581
39.7518615722656,65.1351623535156,-0.13212518
43.3710098266602,66.4262237548828,-0.08181299
44.2906532287598,66.7084350585938,-0.12486957
45.7179222106934,67.1149215698242,-0.06799504
47.7077217102051,67.6237335205078,-0.08589603
47.9631958007812,67.6845550537109,-0.08466437
48.2201309204102,67.744743347168,-0.08544994
48.4785118103027,67.8042831420898,-0.0875491
48.7383232116699,67.8631896972656,-0.0875675
48.9995498657227,67.9214401245117,-0.08406628
49.2621803283691,67.9790420532227,-0.08072997
49.5261917114258,68.0359802246094,-0.07836754
49.7915725708008,68.0922622680664,-0.07680137
50.0583000183105,68.1478729248047,-0.07545884
50.326358795166,68.2028121948242,-0.07435529
54.207347869873,68.8992156982422,-0.06905926
59.7646369934082,69.6166610717773,-0.09021677
60.0629081726074,69.6469650268555,-0.10194236
61.5586051940918,69.7872695922852,-0.14775465
61.8583526611328,69.8130950927734,-0.15817007
62.1582183837891,69.8381805419922,-0.16562066
66.9413833618164,70.1406097412109,-0.1993339
72.7211303710938,70.274543762207,-0.077091
22.2515907287598,-70.0743255615234,-0.09005628
22.25,-34.255500793457,-0.12913428
22.2965068817139,32.9184494018555,-0.19330847
22.3838653564453,36.4816665649414,-0.24528587
22.5715770721436,40.0737838745117,-0.32459107
22.583475112915,40.2362670898438,-0.30123132
22.5956707000732,40.3980102539062,-0.27451408
37.329891204834,63.8900146484375,-0.10827559
37.86572265625,64.1447448730469,-0.11007942
39.1705589294434,64.7250137329102,-0.13087665
39.9509773254395,65.0472564697266,-0.13375642
43.554557800293,66.3329925537109,-0.06680375
44.0090637207031,66.4745941162109,-0.09026411
44.2387084960938,66.5445709228516,-0.0998667
45.8903541564941,67.0187301635742,-0.06675612
47.617431640625,67.4641189575195,-0.09021849
54.0506172180176,68.7499237060547,-0.0536376
60.1521224975586,69.5388793945312,-0.08401572
62.5314674377441,69.7533340454102,-0.15012781
62.8294334411621,69.7768249511719,-0.1582452
66.9839706420898,70.0299835205078,-0.17897543
72.7230987548828,70.163215637207,-0.08528864
22.5015659332275,-70.0742645263672,-0.09095891
22.5,-34.0486145019531,-0.12430905
22.5465106964111,32.9157257080078,-0.18922826
22.6403503417969,36.6548271179199,-0.24216598
22.8098220825195,39.9002494812012,-0.31613938
22.8454837799072,40.3869209289551,-0.29535802
37.7146110534668,63.8915252685547,-0.10884354
37.8925514221191,63.9761047363281,-0.11048869
38.0720252990723,64.0602951049805,-0.11214161
39.3717994689941,64.6382675170898,-0.13091202
40.1490745544434,64.959228515625,-0.13746295
43.7370109558105,66.2396697998047,-0.06099139
43.9624214172363,66.310432434082,-0.06812594
46.0616760253906,66.9224548339844,-0.0656852
47.7800331115723,67.3658752441406,-0.08996764
53.8972549438477,68.6003112792969,-0.04026446
60.2405624389648,69.4308013916016,-0.0719789
63.1960372924805,69.6901702880859,-0.14364511
63.4919471740723,69.7120819091797,-0.15205656
66.7336273193359,69.9059600830078,-0.16175924
72.7250518798828,70.0519332885742,-0.08820191
22.7515411376953,-70.0741958618164,-0.08165879
22.75,-34.0486145019531,-0.12317307
22.7965106964111,32.9129981994629,-0.18860686
22.8775157928467,36.2905540466309,-0.24422655
22.8838062286377,36.4701271057129,-0.24116203
22.9111518859863,37.180061340332,-0.26022542
22.9185523986816,37.3554725646973,-0.2597194
23.0060062408447,39.064884185791,-0.25551056
23.0161781311035,39.2314453125,-0.26012919
23.0373516082764,39.5622329711914,-0.27168886
23.0483570098877,39.7264709472656,-0.28068071
23.0831050872803,40.2146110534668,-0.30885573
39.7632331848145,64.6319732666016,-0.13180594
39.9559745788574,64.7121124267578,-0.13368176
40.1502838134766,64.7918167114258,-0.13650678
40.3461685180664,64.8710784912109,-0.14166652
46.4716835021973,66.8909530639648,-0.06590708
47.6929016113281,67.2063064575195,-0.08207853
54.0246429443359,68.4963073730469,-0.03482192
60.3282470703125,69.3227310180664,-0.06162974
63.8518142700195,69.623664855957,-0.14476631
66.4864730834961,69.7814254760742,-0.14545194
72.7269821166992,69.9406814575195,-0.09340354
23.0015144348145,-70.0741348266602,-0.09454669
23,-34.255500793457,-0.1194133
23.0435543060303,32.7146415710449,-0.18404091
23.1214008331299,36.1047477722168,-0.23006937
23.1337642669678,36.46435546875,-0.24217122
23.140266418457,36.6428909301758,-0.25035693
23.1469841003418,36.8205909729004,-0.25260119
23.1539249420166,36.9974555969238,-0.25624438
23.1684856414795,37.3486862182617,-0.26835233
23.1839790344238,37.6966133117676,-0.25256402
23.1920833587646,37.8693428039551,-0.25017777
23.2558670043945,39.0558280944824,-0.24399156
23.2764663696289,39.3876724243164,-0.25287176
23.3328876495361,40.2037696838379,-0.29239863
46.8796920776367,66.8582153320312,-0.0641565
47.1212348937988,66.9216079711914,-0.06641907
47.3642425537109,66.9844055175781,-0.06955099
47.6087112426758,67.0466079711914,-0.07303505
53.8752822875977,68.3465881347656,-0.02196744
54.9841117858887,68.5250854492188,-0.03788391
55.2636337280273,68.5679244995117,-0.03906006
55.5440330505371,68.6100463867188,-0.03711321
55.8252716064453,68.6514511108398,-0.03888005
56.1073265075684,68.6921310424805,-0.03891983
58.1020469665527,68.9565124511719,-0.04322859
58.3895416259766,68.9913558959961,-0.04301007
58.6775703430176,69.0254592895508,-0.04320093
58.9661064147949,69.058837890625,-0.04447872
60.4151878356934,69.2146682739258,-0.05166342
64.2070007324219,69.5343399047852,-0.13296581
66.5319290161133,69.6710433959961,-0.13354759
72.7288970947266,69.8294830322266,-0.09122613
23.2514896392822,-70.0740737915039,-0.09426921
23.25,-34.255500793457,-0.11662427
23.2880535125732,32.3184585571289,-0.16267689
23.290735244751,32.5156784057617,-0.17583578
23.3490867614746,35.3706893920898,-0.20614086
23.3774299621582,36.2793884277344,-0.23536302
23.4260311126709,37.5160598754883,-0.25253745
23.441987991333,37.8619041442871,-0.24633131
23.49582862854,38.8799018859863,-0.23515563
23.57080078125,40.031494140625,-0.27134613
23.582649230957,40.1929206848145,-0.27366101
54.0023574829102,68.2427368164062,-0.02063884
54.276481628418,68.288215637207,-0.02413768
54.551570892334,68.3329849243164,-0.02762145
54.8276023864746,68.3770446777344,-0.03084098
56.5020027160645,68.6263961791992,-0.03333136
56.7838439941406,68.6654357910156,-0.03378058
57.6335296630859,68.7781982421875,-0.03706883
57.9180450439453,68.8143310546875,-0.03965315
59.3488464355469,68.9840316772461,-0.03514871
60.7903442382812,69.1354370117188,-0.04414832
64.5575180053711,69.4441299438477,-0.12192596
66.8639831542969,69.574592590332,-0.13386069
67.150505065918,69.5878143310547,-0.13375184
67.4365081787109,69.6003723144531,-0.13722703
72.7307968139648,69.7183227539062,-0.0910161
23.50146484375,-70.0740127563477,-0.08735386
23.5,-34.0486145019531,-0.1083222
23.5380477905273,32.3160972595215,-0.16571316
23.59397315979,35.1818771362305,-0.19999475
23.604320526123,35.5492820739746,-0.22555731
23.6918811798096,37.8544654846191,-0.23935543
23.7456684112549,38.8710746765137,-0.2279034
23.8090133666992,39.8589706420898,-0.24558148
23.8569431304932,40.502124786377,-0.26695328
23.8696689605713,40.6610298156738,-0.26422613
57.1738395690918,68.5976791381836,-0.02904466
57.4553070068359,68.6350860595703,-0.03099552
59.4418067932129,68.876594543457,-0.02760118
60.8739395141602,69.0272521972656,-0.03727726
64.9033813476562,69.3530502319336,-0.11199303
67.7587356567383,69.5016784667969,-0.10525615
72.7326812744141,69.6072006225586,-0.09038446
23.7518043518066,-70.2390747070312,-0.09694542
23.7516136169434,-70.1567306518555,-0.08822539
23.75,-34.0486145019531,-0.10509753
23.7880401611328,32.3137321472168,-0.18017116
23.8439350128174,35.1773643493652,-0.19986742
23.8542747497559,35.5444259643555,-0.22544288
23.9336776733398,37.6749458312988,-0.24667844
23.9858951568604,38.6950645446777,-0.2239489
24.0702896118164,40.0102996826172,-0.24067568
24.0821075439453,40.171199798584,-0.25157501
24.0942192077637,40.3313407897949,-0.25636116
24.1193389892578,40.6493530273438,-0.24839545
59.534008026123,68.7691650390625,-0.02240455
60.6716499328613,68.8905487060547,-0.02907743
65.2445983886719,69.261116027832,-0.0930537
67.7951812744141,69.3911361694336,-0.08825526
72.7345428466797,69.4961318969727,-0.09115272
24.0017719268799,-70.2390060424805,-0.09667909
24,-34.0486145019531,-0.10717152
24.0354804992676,32.113639831543,-0.17069473
24.0938892364502,35.1728553771973,-0.19042474
24.1042232513428,35.5395698547363,-0.22451211
24.1916275024414,37.8395729064941,-0.23666031
24.1999454498291,38.0105934143066,-0.25030114
24.2263889312744,38.5187225341797,-0.22433522
24.2452983856201,38.8534049987793,-0.21128283
24.3689823150635,40.6376686096191,-0.23742487
24.3819789886475,40.7952766418457,-0.24794065
59.0625953674316,68.5970153808594,-0.01653011
59.3438110351562,68.6297378540039,-0.01796723
59.9075050354004,68.6930236816406,-0.0195744
60.1899223327637,68.7235870361328,-0.02078732
60.4726753234863,68.75341796875,-0.02274958
65.5811996459961,69.168342590332,-0.0805641
67.8313064575195,69.2806396484375,-0.07518104
72.7363891601562,69.3851013183594,-0.09382535
24.2517395019531,-70.2389450073242,-0.08705832
24.25,-34.255500793457,-0.10689532
24.2854671478271,32.1113929748535,-0.17441075
24.3389587402344,34.9838485717773,-0.19312097
24.3541641235352,35.5347099304199,-0.22151803
24.458345413208,38.1728897094727,-0.22924101
24.4671478271484,38.3420372009277,-0.22508216
24.4855175018311,38.6778678894043,-0.21408917
24.5049266815186,39.0104522705078,-0.20875202
24.6059303283691,40.4678993225098,-0.23107325
24.6315803527832,40.7833099365234,-0.23575999
59.1569175720215,68.4899139404297,-0.01283123
59.7161712646484,68.554328918457,-0.01619365
65.9131774902344,69.0747528076172,-0.06908395
66.1936111450195,69.0903854370117,-0.06875637
68.1442184448242,69.1811752319336,-0.06649194
72.7382278442383,69.2741165161133,-0.09522167
24.5017070770264,-70.2388763427734,-0.09281325
24.5,-34.255500793457,-0.10085573
24.5354537963867,32.1091423034668,-0.18143377
24.5889072418213,34.9795036315918,-0.19543932
24.6040992736816,35.5298500061035,-0.21663056
24.6913261413574,37.8246688842773,-0.22136855
24.7448673248291,38.8357200622559,-0.2112632
24.8193664550781,39.9784698486328,-0.22179317
24.8682022094727,40.6142845153809,-0.22643293
24.8811588287354,40.7713394165039,-0.23684009
59.5281181335449,68.4152297973633,-0.01114716
59.8061561584473,68.4469299316406,-0.01305936
66.5187149047852,68.995246887207,-0.05813061
68.1778259277344,69.0707015991211,-0.05559451
72.7400436401367,69.1631698608398,-0.09755245
24.751672744751,-70.2388076782227,-0.09517495
24.7514953613281,-70.1564865112305,-0.0918397
24.75,-34.255500793457,-0.0935442
24.7854385375977,32.1068916320801,-0.18544129
24.8341579437256,34.7901191711426,-0.19782401
24.8540267944336,35.5249900817871,-0.21432735
24.9103832244873,37.1273727416992,-0.23332544
24.9331111907959,37.6460227966309,-0.23335833
24.9494457244873,37.9875679016113,-0.21617375
25.0575561523438,39.8072357177734,-0.21090403
25.0807685852051,40.1276931762695,-0.21708918
25.1439514160156,40.9153861999512,-0.23893681
66.8392181396484,68.8993301391602,-0.04284162
68.2111434936523,68.9602584838867,-0.04583007
72.7418441772461,69.0522766113281,-0.09987607
25.0013065338135,-70.0736770629883,-0.07951228
25,-34.0486145019531,-0.10593398
25.0330009460449,31.9064998626709,-0.19146992
25.0841007232666,34.7859344482422,-0.19508676
25.1039485931396,35.5201301574707,-0.21236977
25.1531314849854,36.9463958740234,-0.24837352
25.1675758361816,37.2943000793457,-0.21666345
25.175142288208,37.466968536377,-0.23507806
25.1909770965576,37.809757232666,-0.20898259
25.3186492919922,39.9572296142578,-0.20820507
25.35471534729,40.4336242675781,-0.21741996
25.3934555053711,40.9031219482422,-0.23230437
67.155158996582,68.8026580810547,-0.03024475
68.5150146484375,68.8600692749023,-0.03171163
68.7852249145508,68.8696441650391,-0.03245234
72.7436294555664,68.9414291381836,-0.10354139
25.2512798309326,-70.0736236572266,-0.08395375
25.25,-34.0486145019531,-0.09467678
25.2806873321533,31.7054576873779,-0.19535785
25.3387184143066,34.9664649963379,-0.20024606
25.3538646697998,35.515266418457,-0.21136596
25.4029884338379,36.9400062561035,-0.21871759
25.4174156188965,37.2874946594238,-0.20537678
25.4327583312988,37.6315498352051,-0.2094937
25.5799713134766,40.1059150695801,-0.20944506
25.5919723510742,40.2644424438477,-0.21246925
25.6168537139893,40.579174041748,-0.2198204
25.6297435760498,40.7353935241699,-0.22564054
67.4665374755859,68.7052459716797,-0.018387
68.8142776489258,68.7591934204102,-0.02192938
72.7453994750977,68.8306274414062,-0.09951068
73,68.8308944702148,-0.11064064
25.5012531280518,-70.0735702514648,-0.08224455
25.5,-34.255500793457,-0.09218071
25.530668258667,31.7034282684326,-0.19301135
25.58864402771,34.9621162414551,-0.19451188
25.5985431671143,35.3285331726074,-0.20807559
25.6599273681641,37.1075859069824,-0.20646117
25.7160701751709,38.3013534545898,-0.19206049
25.7250652313232,38.468505859375,-0.18674714
25.7636127471924,39.1288452148438,-0.19503072
25.8178520202637,39.9359817504883,-0.20430569
25.8415203094482,40.2532806396484,-0.20810174
25.8537921905518,40.410758972168,-0.20745261
25.8792247772217,40.7234077453613,-0.21939925
67.7733917236328,68.6071014404297,-0.00790603
68.8430862426758,68.6487884521484,-0.01135488
73.2528457641602,68.7198715209961,-0.13222638
25.7512264251709,-70.0735244750977,-0.07732292
25.75,-34.0486145019531,-0.11014947
25.75,-33.8412208557129,-0.13750524
25.780647277832,31.7013988494873,-0.19470496
25.8385639190674,34.9577713012695,-0.19079227
25.8484516143799,35.3238487243652,-0.20253087
25.9323596954346,37.6170768737793,-0.19726585
25.9570846557617,38.1254501342773,-0.1980975
25.9840259552002,38.626220703125,-0.17679121
26.0032653808594,38.9558982849121,-0.18961796
26.0235595703125,39.2822875976562,-0.18920557
26.0341091156006,39.4442596435547,-0.19236773
26.0449352264404,39.6054229736328,-0.18607677
26.056037902832,39.7657890319824,-0.19493167
26.0674228668213,39.9253540039062,-0.19507591
26.0790920257568,40.0841293334961,-0.19503785
26.0910491943359,40.242115020752,-0.19995413
26.1158390045166,40.5557556152344,-0.20693174
67.8092727661133,68.4969482421875,0.001
68.6069641113281,68.5289916992188,-0.0003188
26.00119972229,-70.0734710693359,-0.07653976
26,-33.8412208557129,-0.12218074
26.0306243896484,31.6993713378906,-0.19393958
26.0884780883789,34.9534301757812,-0.18993121
26.098352432251,35.319164276123,-0.19575992
26.174388885498,37.438892364502,-0.20412622
26.1901321411133,37.7799301147461,-0.19096699
26.2155456542969,38.2850761413574,-0.18471734
26.2245082855225,38.4517631530762,-0.17069521
26.2529315948486,38.9468040466309,-0.17854437
26.3527793884277,40.3878860473633,-0.19328401
26.3652973175049,40.5440406799316,-0.20095986
68.1095199584961,68.3980865478516,0.008629
68.3736114501953,68.4087142944336,0.00888976
68.6371154785156,68.4187240600586,0.00763975
26.2511711120605,-70.0734252929688,-0.08612196
26.2510414123535,-69.9902572631836,-0.07743021
26.2509212493896,-69.9066543579102,-0.07505884
26.25,-33.8412208557129,-0.11708197
26.2805995941162,31.6973438262939,-0.18635662
26.3432273864746,35.1322326660156,-0.19188815
26.4319152832031,37.6026077270508,-0.19614136
26.4398918151855,37.7724761962891,-0.18796768
26.4565601348877,38.1096382141113,-0.19027141
26.4742107391357,38.4433898925781,-0.17799906
26.5125598907471,39.1008148193359,-0.18826461
26.6022396087646,40.3764495849609,-0.18845575
26.6147327423096,40.5323295593262,-0.19793708
26.5007915496826,-69.8225784301758,-0.0757912
26.5,-33.8412208557129,-0.1121272
26.5284042358398,31.4960632324219,-0.18764019
26.681676864624,37.5953750610352,-0.19989022
26.6978378295898,37.9338073730469,-0.18656456
26.7062797546387,38.1017303466797,-0.19143152
26.733081817627,38.6003913879395,-0.17886147
26.7425212860107,38.7649230957031,-0.17472299
26.75221824646,38.9286155700684,-0.17996796
26.7621765136719,39.0914764404297,-0.19262834
26.851676940918,40.3650131225586,-0.19066777
26.864143371582,40.5206184387207,-0.20526247
26.7507724761963,-69.8225479125977,-0.09247406
26.75,-33.8412208557129,-0.09588972
26.7783794403076,31.4941425323486,-0.17317338
26.8532180786133,35.4861183166504,-0.18694457
26.9314250946045,37.5881423950195,-0.20463247
26.9393749237061,37.7575721740723,-0.17743219
26.9475593566895,37.9261322021484,-0.19747789
27.1010932922363,40.3535766601562,-0.19345602
27.1135330200195,40.5089073181152,-0.21007266
73.2442779541016,68.1668395996094,-0.15317222
27.00075340271,-69.822509765625,-0.07269038
27,-33.6333236694336,-0.13918564
27.0283508300781,31.492223739624,-0.18285422
27.097900390625,35.3004455566406,-0.16827472
27.1084651947021,35.6611824035645,-0.17802223
27.1587429046631,37.0680351257324,-0.18801167
27.1659889221191,37.239875793457,-0.19354477
27.1734619140625,37.4108352661133,-0.19682535
27.1890983581543,37.7501220703125,-0.20190494
27.1972675323486,37.91845703125,-0.18740985
27.3504867553711,40.3421440124512,-0.19189416
27.3756046295166,40.6514625549316,-0.20429543
73.2426071166992,68.0563888549805,-0.14917398
27.2507343292236,-69.8224792480469,-0.09302177
27.25,-33.6333236694336,-0.1094986
27.2783203125,31.4903049468994,-0.15248401
27.3529510498047,35.4764175415039,-0.16555757
27.3947048187256,36.715518951416,-0.17572276
27.4014987945557,36.8889312744141,-0.19095915
27.5998592376709,40.3307151794434,-0.17851356
27.6378917694092,40.7926826477051,-0.187866
27.6511631011963,40.9451141357422,-0.1872522
27.7845935821533,42.283088684082,-0.15934951
27.8010330200195,42.4281044006348,-0.16839585
27.8178062438965,42.5724067687988,-0.17326234
27.8349170684814,42.7160148620605,-0.17815137
73.2409439086914,67.9459915161133,-0.15064061
27.5007152557373,-69.8224487304688,-0.07212536
27.5,-33.4249229431152,-0.10950704
27.5262432098389,31.2886543273926,-0.14419032
27.6194667816162,36.0074996948242,-0.16455405
27.6254138946533,36.1843223571777,-0.1710737
27.6379203796387,36.5352439880371,-0.17139451
27.6512699127197,36.8825569152832,-0.17717112
27.8615646362305,40.4737854003906,-0.18904446
27.900390625,40.9325637817383,-0.18386273
28.0016765594482,41.9762878417969,-0.19202016
28.0174140930176,42.1224250793457,-0.20682361
28.1010704040527,42.8424072265625,-0.2090963
28.1188182830811,42.9843063354492,-0.20364457
28.1369113922119,43.1255226135254,-0.19621886
28.1553535461426,43.2660636901855,-0.17649853
73.2392959594727,67.8356399536133,-0.149387
27.750696182251,-69.8224105834961,-0.07224978
27.75,-33.2160186767578,-0.1215131
27.7762126922607,31.2868404388428,-0.1370609
27.8635501861572,35.8245658874512,-0.16593362
27.8813629150391,36.3544616699219,-0.16892632
27.8942642211914,36.703182220459,-0.16244767
27.9010314941406,36.8761863708496,-0.16402807
28.1108646392822,40.462085723877,-0.18248276
28.1495933532715,40.9200172424316,-0.17456946
28.2054481506348,41.5197601318359,-0.19620883
28.2201862335205,41.6678047180176,-0.21495858
28.2352409362793,41.8151016235352,-0.22539557
28.4225997924805,43.3881034851074,-0.18273534
73.237663269043,67.725341796875,-0.14436968
28.0006771087646,-69.822380065918,-0.07231053
28,-33.0066146850586,-0.14843909
28.026180267334,31.285026550293,-0.13303792
28.1191005706787,35.9967231750488,-0.16916244
28.137487411499,36.5233116149902,-0.15439871
28.1507835388184,36.8698196411133,-0.15344786
28.3601398468018,40.4503898620605,-0.1776487
28.3987712860107,40.9074745178223,-0.1784179
28.4544792175293,41.506046295166,-0.20971206
28.6900482177734,43.5088119506836,-0.18598917
28.7094402313232,43.6466903686523,-0.18409787
28.729190826416,43.7839088439941,-0.18045935
28.749303817749,43.920482635498,-0.17490564
28.7697811126709,44.0564117431641,-0.17123256
28.7906284332275,44.191707611084,-0.16931971
28.8118457794189,44.3263740539551,-0.16725523
28.833438873291,44.4604187011719,-0.16392245
28.8554096221924,44.5938491821289,-0.14652857
28.8777637481689,44.7266693115234,-0.13405704
72.7639541625977,67.615104675293,-0.13753483
73,67.6153564453125,-0.1366094
28.2506580352783,-69.8223495483398,-0.09814655
28.2505779266357,-69.7378997802734,-0.07240733
28.25,-32.7967147827148,-0.15628395
28.2742176055908,31.082878112793,-0.11982441
28.3748207092285,36.167594909668,-0.16798817
28.3809356689453,36.3429298400879,-0.16745449
28.3937854766846,36.690860748291,-0.15018494
28.6093940734863,40.4387016296387,-0.17784855
28.6613597869873,41.0454444885254,-0.18874123
28.6750946044922,41.1951751708984,-0.20812681
28.6891345977783,41.3441390991211,-0.20428779
29.1254711151123,44.705394744873,-0.16483099
72.5301666259766,67.5041656494141,-0.13643674
28.5004901885986,-69.6529922485352,-0.07746809
28.5,-32.7967147827148,-0.13983285
28.5241851806641,31.0811672210693,-0.11544344
28.643533706665,36.6847038269043,-0.15179578
28.8586273193359,40.4270210266113,-0.17312403
28.8711452484131,40.5796089172363,-0.1772714
28.9104518890381,41.0326271057129,-0.18727791
28.9241504669189,41.1820678710938,-0.21196017
29.3731250762939,44.6841278076172,-0.19037788
72.5333633422852,67.3940353393555,-0.13795446
28.7504749298096,-69.6529693603516,-0.07999957
28.75,-32.5863189697266,-0.13263453
28.7741508483887,31.0794582366943,-0.11580673
28.8867702484131,36.5054473876953,-0.15468612
28.8932723999023,36.6785545349121,-0.157226
29.133092880249,40.719165802002,-0.17206302
29.1461582183838,40.8698844909668,-0.17077244
29.1871395111084,41.3173370361328,-0.23865873
29.6432342529297,44.7940063476562,-0.20138669
29.6661224365234,44.9245529174805,-0.18345771
29.6893978118896,45.0545043945312,-0.16238948
29.7130603790283,45.1838645935059,-0.15455857
29.7371158599854,45.3126449584961,-0.1537546
29.761568069458,45.4408493041992,-0.1555013
29.7864170074463,45.5684814453125,-0.15569789
72.3033981323242,67.28271484375,-0.13530465
29.0004596710205,-69.652946472168,-0.0767898
29,-32.3754272460938,-0.15753433
29,-32.1640396118164,-0.12399924
29.0223007202148,30.8767929077148,-0.11353565
29.1302356719971,36.3256683349609,-0.15179508
29.4361000061035,41.3039474487305,-0.22900906
30.0585231781006,45.6713790893555,-0.17151211
30.0840854644775,45.7975234985352,-0.14713642
72.3081359863281,67.1727066040039,-0.13685036
29.2504444122314,-69.6529235839844,-0.07938478
29.2503871917725,-69.5676116943359,-0.10070078
29.2503337860107,-69.4818649291992,-0.07614393
29.25,-31.9521617889404,-0.12756271
29.2722663879395,30.8751811981201,-0.13144001
29.3739223480225,36.1453590393066,-0.14610873
29.6850357055664,41.2905693054199,-0.22962644
30.3566474914551,45.898193359375,-0.13278445
72.0819625854492,67.0610046386719,-0.13372804
29.5002765655518,-69.3956680297852,-0.07906405
29.5,-31.7397956848145,-0.15792306
29.524040222168,31.0743408203125,-0.11975464
29.6236782073975,36.1398124694824,-0.1456763
29.9339447021484,41.2771987915039,-0.22992196
30.6293487548828,45.9975700378418,-0.11873981
30.6559314727783,46.1213226318359,-0.096079
30.6829261779785,46.2445373535156,-0.08168709
71.8580169677734,66.9488677978516,-0.13617991
29.7502288818359,-69.3090362548828,-0.09417061
29.75,-31.5269393920898,-0.16194866
29.7759075164795,31.2723903656006,-0.12225694
29.8734264373779,36.1342735290527,-0.15136628
30.1828289031982,41.2638359069824,-0.24003996
30.9563655853271,46.3407974243164,-0.0749188
30.9840812683105,46.4625778198242,-0.05644773
31.0122184753418,46.5838394165039,-0.04570712
71.6362991333008,66.8363037109375,-0.1368577
73.2250289916992,66.8449859619141,-0.1319575
30.000186920166,-69.2219848632812,-0.0947093
30,-31.3135986328125,-0.16456971
30.0278759002686,31.4693183898926,-0.12677732
30.1231670379639,36.1287384033203,-0.15326601
30.4316844940186,41.25048828125,-0.234453
31.2863807678223,46.6770095825195,-0.01487473
71.6455535888672,66.7265548706055,-0.14209944
72.776496887207,66.7351989746094,-0.13619645
73,66.7354431152344,-0.1345914
30.250150680542,-69.1344985961914,-0.08532353
30.25,-31.0997734069824,-0.16767075
30.2778244018555,31.4674243927002,-0.13785108
30.3729000091553,36.1232147216797,-0.15204532
30.6805152893066,41.2371520996094,-0.22734008
31.5035858154297,46.5294647216797,-0.0427566
31.5319042205811,46.6494369506836,-0.0104645
71.199577331543,66.60986328125,-0.10824652
71.4275665283203,66.6136245727539,-0.12027236
72.5551223754883,66.6247482299805,-0.14695965
30.5001449584961,-69.1344833374023,-0.08614821
30.5,-30.8854637145996,-0.17731722
30.5277709960938,31.4655323028564,-0.14562809
30.6286163330078,36.2913055419922,-0.14588406
30.6348075866699,36.4639701843262,-0.1461128
30.6411991119385,36.6356887817383,-0.14237573
30.647798538208,36.8064651489258,-0.13446902
30.9293212890625,41.2238311767578,-0.22880775
31.7213802337646,46.3821907043457,-0.03376635
70.5279312133789,66.4858627319336,-0.07862778
70.7566223144531,66.4911956787109,-0.08360168
70.9845809936523,66.4959945678711,-0.09030104
72.3358612060547,66.5138702392578,-0.15410111
30.7501392364502,-69.1344757080078,-0.05722112
30.75,-30.67067527771,-0.18066565
30.75,-30.4554080963135,-0.18264816
30.7798271179199,31.6611232757568,-0.15923023
30.8974514007568,36.8001708984375,-0.12840303
31.1781005859375,41.210521697998,-0.23215168
31.9397583007812,46.235179901123,-0.06013961
70.5447006225586,66.3763961791992,-0.07472714
70.771842956543,66.3816986083984,-0.07997232
70.9982528686523,66.3864822387695,-0.08507105
71.2239303588867,66.3907318115234,-0.09358329
71.4488296508789,66.3944625854492,-0.10405179
72.3403701782227,66.4042816162109,-0.15095841
31.0001106262207,-69.0465698242188,-0.05069475
31,-30.2396640777588,-0.17338312
31,-30.0234451293945,-0.15797752
31.0297660827637,31.6591358184814,-0.16390522
31.1470928192139,36.7938842773438,-0.13207819
31.4407119750977,41.3421592712402,-0.22654067
32.1587142944336,46.0884246826172,-0.11068544
71.6819534301758,66.2881698608398,-0.10846333
71.9037475585938,66.2908630371094,-0.12254452
72.1247177124023,66.2930526733398,-0.13614639
31.2501068115234,-69.0465621948242,-0.04305309
31.25,-29.806755065918,-0.1514535
31.25,-29.5895938873291,-0.15118588
31.2797031402588,31.6571502685547,-0.16084986
31.3901824951172,36.617431640625,-0.12972674
31.7034931182861,41.4724273681641,-0.22513908
32.2773857116699,45.4542007446289,-0.20572549
32.4044418334961,46.0624542236328,-0.10754966
31.5001010894775,-69.0465545654297,-0.04319387
31.5,-29.3719635009766,-0.14048147
31.5296382904053,31.6551685333252,-0.16391503
31.6398258209229,36.6113662719727,-0.12412427
31.9664402008057,41.6013298034668,-0.22525167
32.4994812011719,45.3071708679199,-0.21756303
32.5481414794922,45.5525436401367,-0.16553986
32.6501007080078,46.0365028381348,-0.0953092
31.7500953674316,-69.0465469360352,-0.04508272
31.75,-29.1538677215576,-0.12921637
31.7795715332031,31.6531887054443,-0.17232636
31.8831558227539,36.4345779418945,-0.11989575
32.229549407959,41.7288589477539,-0.22976286
32.7457695007324,45.2835083007812,-0.2108877
32.8190002441406,45.6495819091797,-0.12940805
32.8956909179688,46.010570526123,-0.08433365
32.0000915527344,-69.0465393066406,-0.04788156
32,-28.9353065490723,-0.12165394
32.0274200439453,31.4542484283447,-0.20302368
32.0847930908203,34.8501510620117,-0.12397735
32.0894050598145,35.0294647216797,-0.12559148
32.1267166137695,36.2572250366211,-0.12200467
32.1328010559082,36.4287261962891,-0.1323716
32.4928207397461,41.8550224304199,-0.23208507
32.992000579834,45.2598724365234,-0.19829955
33.0899467468262,45.7453231811523,-0.06981916
33.1674423217773,46.1035118103027,-0.05495292
32.2501029968262,-69.1344299316406,-0.04379475
32.25,-28.7162837982178,-0.10991495
32.2753829956055,31.2545528411865,-0.2025533
32.3301429748535,34.6657829284668,-0.12590916
32.3439445495605,35.2032318115234,-0.12897173
32.3704986572266,36.0792999267578,-0.12432017
32.7562408447266,41.9798126220703,-0.22997322
33.2147369384766,45.1138114929199,-0.20750032
33.3609771728516,45.8397674560547,-0.06346467
33.4127769470215,46.0772399902344,-0.0410441
32.5000953674316,-69.1344223022461,-0.04180988
32.5,-28.4968032836914,-0.11361531
32.5,-28.2768630981445,-0.10404694
32.525318145752,31.2527866363525,-0.21177539
32.5756759643555,34.4807472229004,-0.12188606
32.593692779541,35.198673248291,-0.13470906
32.614501953125,35.9007835388184,-0.12160147
33.0045013427734,41.9648132324219,-0.23663038
33.3497772216797,44.471118927002,-0.27523954
33.3712997436523,44.5962524414062,-0.26529352
33.393180847168,44.720760345459,-0.24909712
33.415412902832,44.8446502685547,-0.23137544
33.4380111694336,44.9679260253906,-0.20892089
33.4609680175781,45.0905952453613,-0.17874142
33.632080078125,45.932918548584,-0.03389553
33.6580467224121,46.0509948730469,-0.02751313
32.7500915527344,-69.1344223022461,-0.07001556
32.75,-28.056468963623,-0.10891272
32.75,-27.8356227874756,-0.10959247
32.75,-27.6143245697021,-0.11516877
32.75,-27.392578125,-0.12503786
32.75,-26.0528354644775,-0.01027395
32.75,-25.8280220031738,0.00148957
32.7588882446289,28.805627822876,-0.14052927
32.7598152160645,29.0144844055176,-0.12496318
32.7752571105957,31.2510242462158,-0.21082683
32.8254699707031,34.4768524169922,-0.11783581
32.843433380127,35.1941261291504,-0.14087868
32.8641777038574,35.8955307006836,-0.12109778
33.2679824829102,42.0879440307617,-0.24262341
33.5754089355469,44.3243446350098,-0.27607974
33.0000839233398,-69.1344146728516,-0.05808343
33.000072479248,-69.046516418457,-0.04924356
33,-27.1703872680664,-0.1230463
33,-26.94775390625,-0.11724997
33,-26.7246780395508,-0.09218713
33,-26.5011653900146,-0.10204168
33,-26.2772159576416,-0.10856434
33,-25.602783203125,-0.08988037
33.007209777832,28.3845462799072,-0.14711685
33.0080070495605,28.5951194763184,-0.14291878
33.0088653564453,28.8048076629639,-0.13603781
33.0097923278809,29.0136013031006,-0.12805819
33.0251922607422,31.2492656707764,-0.19625991
33.0752639770508,34.4729614257812,-0.11509751
33.098072052002,35.3662528991699,-0.12954888
33.1194763183594,36.06298828125,-0.12581623
33.5161209106445,42.072681427002,-0.24499147
33.8221626281738,44.3033638000488,-0.27234533
33.2500534057617,-68.9581832885742,-0.05213286
33.2500457763672,-68.8694305419922,-0.05209372
33.2500343322754,-68.7802429199219,-0.05755197
33.2500305175781,-68.6906280517578,-0.06228202
33.2500228881836,-68.6005935668945,-0.06932565
33.25,-25.3771171569824,-0.07887551
33.2564544677734,28.1724491119385,-0.17475729
33.2571907043457,28.3838443756104,-0.15941804
33.257984161377,28.5943603515625,-0.14333525
33.2751274108887,31.2475109100342,-0.19605895
33.3292617797852,34.6495780944824,-0.1130477
33.347785949707,35.3615570068359,-0.12282378
33.3691215515137,36.0575752258301,-0.12666287
33.764232635498,42.0574378967285,-0.24616278
34.0897445678711,44.4071083068848,-0.25498753
33.5000152587891,-68.5101318359375,-0.07378969
33.5,-25.3771171569824,-0.08061524
33.5057601928711,27.9595851898193,-0.18251705
33.5064392089844,28.1718006134033,-0.18124807
33.5250587463379,31.2457618713379,-0.18846367
33.5790328979492,34.6455497741699,-0.10866467
33.5974922180176,35.3568687438965,-0.11780503
33.6187591552734,36.052173614502,-0.12527076
34.0123138427734,42.0422248840332,-0.24211277
34.357421875,44.509521484375,-0.24920308
33.7500152587891,-68.510124206543,-0.07655744
33.75,-25.1510314941406,-0.05996545
33.7540283203125,27.3173408508301,-0.20413618
33.7545509338379,27.5320720672607,-0.19990688
33.7551231384277,27.7459583282471,-0.18158563
33.755744934082,27.9589900970459,-0.19042282
33.7749900817871,31.2440147399902,-0.1893333
33.8331451416016,34.8207054138184,-0.10584099
33.8522262573242,35.5273399353027,-0.11996279
33.8741493225098,36.2179336547852,-0.11939699
34.2603645324707,42.0270385742188,-0.24266541
34.6251831054688,44.6106147766113,-0.24933211
34.6468772888184,44.7326774597168,-0.24104492
34.0000114440918,-68.4192428588867,-0.08306828
34,-25.1510314941406,-0.05092529
34.0027160644531,26.6678333282471,-0.19407905
34.0031089782715,26.8850021362305,-0.19421091
34.0035400390625,27.1013565063477,-0.19061063
34.0051078796387,27.7454128265381,-0.19686222
34.0249176025391,31.2422714233398,-0.1773448
34.0873870849609,34.9945411682129,-0.11287305
34.0920562744141,35.1715393066406,-0.12952618
34.0968933105469,35.3475227355957,-0.12025637
34.1070938110352,35.6964721679688,-0.11802397
34.1296806335449,36.3823356628418,-0.10965539
34.5083885192871,42.0118789672852,-0.24968122
34.8930206298828,44.7103805541992,-0.24390623
34.2500076293945,-68.4192428588867,-0.08723513
34.25,-25.1510314941406,-0.05375901
34.2520332336426,26.2308197021484,-0.18855257
34.2523536682129,26.4495525360107,-0.18684338
34.2550964355469,27.7448673248291,-0.1853892
34.2767753601074,31.4375762939453,-0.18683278
34.27880859375,31.6336288452148,-0.16697322
34.3465843200684,35.3428688049316,-0.11761362
34.3567504882812,35.6914672851562,-0.1126059
34.3853530883789,36.5453758239746,-0.1281724
34.7563819885254,41.9967498779297,-0.2497506
35.1609306335449,44.8088264465332,-0.24107801
34.5000076293945,-68.4192428588867,-0.08950061
34.5,-24.924524307251,-0.01938257
34.5014877319336,25.7907981872559,-0.18887061
34.5017433166504,26.0110569000244,-0.18735852
34.5056991577148,27.9572124481201,-0.18624901
34.5063667297363,28.169225692749,-0.17952137
34.5070953369141,28.3803558349609,-0.17351226
34.5308570861816,31.8266506195068,-0.15964257
34.5331039428711,32.0206069946289,-0.15697549
34.601245880127,35.5128555297852,-0.10725991
34.6411666870117,36.7070426940918,-0.08543689
35.019416809082,42.1167945861816,-0.26071228
35.4289054870605,44.9059524536133,-0.23916405
35.4512977600098,45.0250587463379,-0.24293476
34.7500114440918,-68.510124206543,-0.08318408
34.75,-24.924524307251,-0.03235954
34.75,-20.3107452392578,0.07630498
34.75,-20.0761108398438,0.08362693
34.75,-19.8411273956299,0.09354427
34.7510604858398,25.3478507995605,-0.18707724
34.7512588500977,25.5695877075195,-0.18879472
34.75634765625,28.1685848236084,-0.18907463
34.7570724487305,28.3796634674072,-0.1831309
34.7853546142578,32.2113075256348,-0.15405705
34.7878227233887,32.4031372070312,-0.14959111
34.790412902832,32.5939521789551,-0.14658244
34.7931289672852,32.7837524414062,-0.14702504
34.8906784057617,36.7009429931641,-0.08311346
35.2375793457031,41.8309593200684,-0.24592491
35.2522888183594,41.9665832519531,-0.26696855
35.6969375610352,45.0017700195312,-0.23120914
35.0000190734863,-68.8694152832031,-0.06677256
35.0000152587891,-68.7802276611328,-0.07288616
35.0000152587891,-68.6906204223633,-0.07490696
35.0000114440918,-68.6005859375,-0.08024519
35,-24.6975994110107,-0.04700231
35,-20.7789421081543,0.10322455
35,-20.5450229644775,0.09296742
35,-19.8411273956299,0.07867612
35.000732421875,24.9020576477051,-0.18647306
35.0008811950684,25.1252288818359,-0.18490561
35.0056648254395,27.956033706665,-0.18770777
35.0458221435547,32.9698257446289,-0.14816737
35.0487861633301,33.1574592590332,-0.14254096
35.0518798828125,33.3440704345703,-0.13362967
35.133960723877,36.5276527404785,-0.08918667
35.4712104797363,41.680118560791,-0.24453778
35.9425315856934,44.9785194396973,-0.23196585
35.2500228881836,-68.9581680297852,-0.07322353
35.25,-24.4702625274658,-0.03474205
35.25,-21.478515625,0.06728618
35.25,-21.2456912994385,0.0505302
35.25,-21.0124988555908,0.0466911
35.25,-19.8411273956299,0.08493789
35.2504844665527,24.4535121917725,-0.19447461
35.2505950927734,24.6780662536621,-0.18977061
35.2550354003906,27.7427024841309,-0.1914251
35.3049278259277,33.5265617370605,-0.13460624
35.3082885742188,33.7109832763672,-0.12767439
35.3117866516113,33.8943710327148,-0.12279135
35.3834838867188,36.5217781066895,-0.09109552
35.7192344665527,41.6657295227051,-0.24920378
36.1880722045898,44.9553146362305,-0.22873655
35.5000190734863,-69.0464859008789,-0.08715239
35.5,-24.2425117492676,-0.05351252
35.5,-23.7857913970947,-0.02675758
35.5,-23.5568256378174,-0.00419873
35.5,-23.3274612426758,0.02796798
35.5,-21.9430446624756,0.00813025
35.5,-21.7109680175781,0.0236615
35.5,-19.6057929992676,0.11110275
35.5,-19.3701171875,0.06628344
35.5003852844238,24.2281951904297,-0.19947449
35.5039482116699,27.3141613006592,-0.19503361
35.5044593811035,27.5285949707031,-0.19853557
35.5652084350586,34.0732307434082,-0.13211819
35.5689888000488,34.2544097900391,-0.12337441
35.599853515625,35.4937133789062,-0.1027111
35.6049308776855,35.6666374206543,-0.10256748
35.6212196350098,36.1792602539062,-0.09695299
35.6270141601562,36.3480949401855,-0.09000238
35.6391677856445,36.6827278137207,-0.08115081
35.9814453125,41.7868804931641,-0.25373868
36.4335670471191,44.9321556091309,-0.22820118
35.7500190734863,-69.1343765258789,-0.10036014
35.75,-24.0143547058105,-0.04003166
35.75,-23.0976982116699,-0.00543535
35.75,-22.8675422668457,0.01481057
35.75,-22.6369972229004,0.03208793
35.75,-22.406063079834,0.04551643
35.75,-22.1747455596924,0.04181477
35.75,-19.1340980529785,0.05518453
35.7500991821289,23.0923919677734,-0.21232743
35.7501335144043,23.3207759857178,-0.21740718
35.7501792907715,23.5485572814941,-0.21236914
35.7502365112305,23.7757167816162,-0.20653958
35.7503051757812,24.0022411346436,-0.20106162
35.7534675598145,27.0984649658203,-0.19896841
35.8226623535156,34.4307670593262,-0.12691863
35.826732635498,34.6097259521484,-0.11218461
35.8309593200684,34.7876434326172,-0.10566905
35.8353462219238,34.964527130127,-0.13157874
35.8398933410645,35.1403732299805,-0.11258489
35.8446083068848,35.315185546875,-0.11164988
35.8597755432129,35.8334312438965,-0.10095401
35.8651847839355,36.0041236877441,-0.09611082
35.8824996948242,36.5100708007812,-0.08763494
35.8949851989746,36.8422927856445,-0.10115832
36.1877479553223,41.364200592041,-0.22286276
36.2013397216797,41.5010414123535,-0.14491902
36.2152061462402,41.6370544433594,-0.24453706
36.679012298584,44.9090423583984,-0.22751904
36.0000114440918,-69.1343765258789,-0.10745947
36,-19.1340980529785,0.05405984
36.0000686645508,22.8633975982666,-0.21136177
36.0026512145996,26.6651191711426,-0.18247983
36.0030364990234,26.8820056915283,-0.20172355
36.1381187438965,36.6706657409668,-0.10708496
36.1444320678711,36.8360748291016,-0.10833652
36.4358329772949,41.350513458252,-0.22724986
36.9244117736816,44.8859748840332,-0.22360255
36.2500076293945,-69.2218322753906,-0.1130808
36.25,-18.897741317749,0.05398744
36.2500457763672,22.6338424682617,-0.22643512
36.2519874572754,26.2286262512207,-0.18927964
36.2522964477539,26.4471111297607,-0.19621271
36.6973533630371,41.4731063842773,-0.23720814
37.148250579834,44.7464408874512,-0.21789076
37.1697616577148,44.8629608154297,-0.22182791
36.5,-69.5673294067383,-0.11575776
36.5,-69.4816055297852,-0.11324632
36.5,-69.3954544067383,-0.11211961
36.5,-69.3088607788086,-0.11589126
36.5,-18.6610488891602,0.01156578
36.5000305175781,22.4037399291992,-0.21656452
36.5014533996582,25.7890567779541,-0.19960923
36.5017013549805,26.0090999603271,-0.1994954
36.9453239440918,41.4591979980469,-0.23078495
37.3726234436035,44.6070594787598,-0.21725419
36.7499847412109,-69.5673294067383,-0.14771492
36.75,-18.4240283966064,0.00156407
36.7500305175781,22.4037284851074,-0.21523508
36.7512283325195,25.5680484771729,-0.20376171
37.1669006347656,41.1731796264648,-0.2218451
37.1799545288086,41.3096733093262,-0.22444565
37.6181411743164,44.5848808288574,-0.21503351
36.9999732971191,-69.5673294067383,-0.11821538
36.9999771118164,-69.4816055297852,-0.1168544
36.9999809265137,-69.3954544067383,-0.11404791
37,-18.1866779327393,-0.00597145
37.0000038146973,21.7103004455566,-0.21768359
37.0000114440918,21.9419555664062,-0.21429156
37.0000190734863,22.1730976104736,-0.21884983
37.0007133483887,24.9010257720947,-0.19245982
37.000862121582,25.124044418335,-0.18789326
37.0010299682617,25.3463268280029,-0.19673696
37.414966583252,41.1599311828613,-0.22083896
37.8636169433594,44.5627517700195,-0.21048324
37.2499732971191,-69.3088607788086,-0.13588345
37.25,-17.9490070343018,-0.0169942
37.25,20.0761108398438,-0.23101413
37.25,20.3107452392578,-0.22712154
37.25,20.5450210571289,-0.22361961
37.25,20.7789287567139,-0.22542408
37.25,21.0124416351318,-0.22684884
37.25,21.2455253601074,-0.22609055
37.2500038146973,21.4781513214111,-0.21908397
37.2504730224609,24.4527492523193,-0.19683103
37.2505798339844,24.6771774291992,-0.19273988
37.6630058288574,41.1467247009277,-0.21795749
38.0886878967285,44.4243431091309,-0.21224827
37.4999656677246,-69.3088684082031,-0.12316573
37.5,-17.7110137939453,-0.00673609
37.5,18.897741317749,-0.24454974
37.5,19.1340980529785,-0.24408594
37.5,19.3701171875,-0.24168413
37.5,19.6057929992676,-0.23916494
37.5,19.8411273956299,-0.23788623
37.500373840332,24.2275505065918,-0.20611975
37.9110260009766,41.1335563659668,-0.21562061
38.3142890930176,44.2860527038574,-0.21455928
37.7499580383301,-69.3088684082031,-0.11471333
37.75,-17.4727058410645,-0.0205751
37.75,18.897741317749,-0.23792817
37.7502937316895,24.0017013549805,-0.21402576
37.750373840332,24.2274703979492,-0.21758165
38.1465034484863,40.9842376708984,-0.21399831
38.5598907470703,44.2648162841797,-0.21651098
37.9999084472656,-69.6526184082031,-0.02096832
37.9999198913574,-69.5673370361328,-0.06042058
37.9999313354492,-69.4816207885742,-0.05808283
37.9999389648438,-69.3954620361328,-0.07750844
38,-17.4727058410645,-0.0326513
38,18.6610488891602,-0.22319207
38.0002288818359,23.7752113342285,-0.22057648
38.3945503234863,40.971435546875,-0.21220618
38.7860908508301,44.1270446777344,-0.22351769
38.8054504394531,44.2436332702637,-0.21530306
38.2498931884766,-69.6526260375977,-0.02415841
38.25,-17.4727058410645,-0.06402826
38.25,18.4240283966064,-0.21413203
38.250171661377,23.5480976104736,-0.21990772
38.2502288818359,23.7751560211182,-0.21937272
38.6425743103027,40.9586791992188,-0.20972614
39.0127983093262,43.9893646240234,-0.23266449
38.4998741149902,-69.6526336669922,-0.01507987
38.5,-17.2340850830078,-0.1057052
38.5,18.1866779327393,-0.22192019
38.500129699707,23.3203678131104,-0.2192236
38.9028854370117,41.0812911987305,-0.20956589
39.2400131225586,43.8517608642578,-0.23530465
38.7498588562012,-69.6526412963867,-0.01542179
38.75,-17.2340850830078,-0.09896505
38.75,17.7110137939453,-0.22354245
38.75,17.9490070343018,-0.22813044
38.7500038146973,21.7102756500244,-0.22282844
38.7500114440918,21.9419136047363,-0.22382904
38.7500190734863,22.1730365753174,-0.22011166
38.7500305175781,22.4036273956299,-0.2170053
38.7500457763672,22.6336688995361,-0.21893679
38.7500648498535,22.8631458282471,-0.22379341
38.7500915527344,23.0920391082764,-0.22167072
39.1632804870605,41.2025032043457,-0.21615017
39.4677238464355,43.7142105102539,-0.22220443
38.9998435974121,-69.6526489257812,-0.00948589
39,-17.2340850830078,-0.09214124
39,-6.48610210418701,-0.0482886
39,-6.23764181137085,-0.03757838
39,-5.98906373977661,-0.05862835
39,-5.74037265777588,-0.12453561
39,-5.49157285690308,-0.12618259
39,17.2340850830078,-0.22609566
39,17.4727058410645,-0.22766721
39,21.0124397277832,-0.22290313
39,21.2455177307129,-0.22303937
39.0000038146973,21.4781360626221,-0.21986959
39.4110946655273,41.1893043518066,-0.21587405
39.6784973144531,43.4580039978027,-0.22030453
39.6959190368652,43.5766983032227,-0.21171963
39.249828338623,-69.6526565551758,-0.00167436
39.25,-16.9951572418213,-0.09372341
39.25,-6.73443984985352,-0.12425197
39.25,-6.48610210418701,-0.12629679
39.25,-5.74037265777588,-0.11353474
39.25,-5.24266910552979,-0.12877381
39.25,-4.99366569519043,-0.1314058
39.25,-4.74456834793091,-0.13073679
39.25,16.276554107666,-0.19015205
39.25,16.5163860321045,-0.20641742
39.25,16.7559223175049,-0.22616419
39.25,16.9951572418213,-0.22244345
39.25,20.7789287567139,-0.21371019
39.6465606689453,41.0425491333008,-0.20826377
39.9075736999512,43.3201293945312,-0.21239512
39.499813079834,-69.6526641845703,-0.01651489
39.4998397827148,-69.5673751831055,-0.0531946
39.4998588562012,-69.4816513061523,-0.07354198
39.4998817443848,-69.3954925537109,-0.07560885
39.4998970031738,-69.3088989257812,-0.07508586
39.4999122619629,-69.2218704223633,-0.08061977
39.499927520752,-69.134407043457,-0.08362293
39.4999389648438,-69.0465087890625,-0.09819416
39.4999504089355,-68.9581832885742,-0.10397543
39.5,-16.7559223175049,-0.10806902
39.5,-8.96321582794189,-0.15611841
39.5,-8.71618556976318,-0.1530514
39.5,-8.46899127960205,-0.15303498
39.5,-8.22163867950439,-0.15615432
39.5,-7.97413206100464,-0.12048142
39.5,-7.72647523880005,-0.16005246
39.5,-7.47867298126221,-0.14754536
39.5,-7.2307300567627,-0.13203386
39.5,-6.73443984985352,-0.1211665
39.5,-6.48610210418701,-0.12154357
39.5,-5.98906373977661,-0.11877651
39.5,-5.24266910552979,-0.13379349
39.5,-4.99366569519043,-0.13405853
39.5,-4.49538087844849,-0.12746492
39.5,15.5553112030029,-0.17996516
39.5,15.7960119247437,-0.18629475
39.5,16.0364284515381,-0.18565511
39.5,20.5450210571289,-0.20790098
39.8944091796875,41.029727935791,-0.21239174
40.1371192932129,43.182243347168,-0.20761063
40.1537590026855,43.3017349243164,-0.20286276
39.7499542236328,-68.8694305419922,-0.09859423
39.75,-16.7559223175049,-0.08878135
39.75,-9.70328140258789,-0.15623038
39.75,-9.45676803588867,-0.15094899
39.75,-9.21007823944092,-0.14366719
39.75,-8.22163867950439,-0.15895217
39.75,-7.72647523880005,-0.12683939
39.75,-6.98265075683594,-0.12208559
39.75,-6.23764181137085,-0.12527626
39.75,-5.49157285690308,-0.13231707
39.75,-4.74456834793091,-0.13576854
39.75,-4.24610805511475,-0.12979823
39.75,-3.99675464630127,-0.12914035
39.75,15.5553112030029,-0.18990553
39.75,15.7960119247437,-0.18078249
39.75,20.3107452392578,-0.2016835
40.1422386169434,41.0169525146484,-0.21056843
40.3671264648438,43.0443344116211,-0.20506376
39.9999618530273,-68.7802505493164,-0.10490347
40,-16.5163860321045,-0.08715971
40,-16.276554107666,-0.10153151
40,-9.94961357116699,-0.15380056
40,-7.97413206100464,-0.12424851
40,-5.24266910552979,-0.13856232
40,-4.99366569519043,-0.13939912
40,-3.74732565879822,-0.13621328
40,-3.49782538414001,-0.13478526
40,15.5553112030029,-0.19541742
40,16.0364284515381,-0.1804722
40,20.0761108398438,-0.19756679
40.402156829834,41.1369743347168,-0.21419931
40.6134719848633,43.0267295837402,-0.20008925
40.2499580383301,-68.7802505493164,-0.11023822
40.25,-16.0364284515381,-0.05992814
40.25,-10.1957597732544,-0.14750684
40.25,-3.24825859069824,-0.13888164
40.25,-2.99863004684448,-0.1303555
40.25,-2.7489447593689,-0.12009257
40.25,15.0730667114258,-0.19570699
40.25,15.3143272399902,-0.20093679
40.25,15.7960119247437,-0.18469956
40.25,19.8411273956299,-0.18900858
40.25,20.0761108398438,-0.1888643
40.6498718261719,41.1240158081055,-0.20551987
40.8440170288086,42.8891677856445,-0.20559861
40.859790802002,43.0091857910156,-0.1944474
40.4999656677246,-68.6906433105469,-0.11027828
40.5,-15.7960119247437,-0.03918665
40.5,-15.5553112030029,-0.0896031
40.5,-11.9132204055786,-0.102414
40.5,-11.6684951782227,-0.13345083
40.5,-11.4235544204712,-0.16536092
40.5,-10.4417161941528,-0.14070328
40.5,-2.7489447593689,-0.12738556
40.5,15.0730667114258,-0.1913229
40.5,19.6057929992676,-0.18118734
40.9097557067871,41.2424011230469,-0.2068298
41.075008392334,42.7515449523926,-0.21147474
40.7499694824219,-68.6006011962891,-0.11227883
40.75,-15.3143272399902,-0.09767854
40.75,-15.0730667114258,-0.13444991
40.75,-14.3476552963257,-0.11475221
40.75,-14.1053228378296,-0.13032175
40.75,-13.8627319335938,-0.14004669
40.75,-13.6198883056641,-0.11563308
40.75,-13.3767938613892,-0.10038132
40.75,-13.1334543228149,-0.12077528
40.75,-12.8898735046387,-0.1383403
40.75,-12.6460552215576,-0.13115767
40.75,-12.4020042419434,-0.09871974
40.75,-12.1577243804932,-0.07421536
40.75,-11.1784019470215,-0.13558914
40.75,-10.9330415725708,-0.1512149
40.75,-10.687479019165,-0.13729282
40.75,-2.49920701980591,-0.13536852
40.75,14.8315315246582,-0.18332037
40.75,19.3701171875,-0.15068443
41.1696929931641,41.3593902587891,-0.2027616
41.3064460754395,42.613842010498,-0.20831476
41.3214874267578,42.7347793579102,-0.2054102
40.9999771118164,-68.510139465332,-0.11690635
41,-14.8315315246582,-0.08266727
41,-14.5897264480591,-0.08033952
41,-2.24942183494568,-0.13766137
41,14.8315315246582,-0.180825
41,16.9951572418213,-0.20392427
41,18.6610488891602,-0.16593635
41,18.897741317749,-0.14226274
41,19.1340980529785,-0.12744076
41.4296836853027,41.4749870300293,-0.20558702
41.4424171447754,41.6030807495117,-0.20747617
41.4957504272461,42.1069145202637,-0.21398925
41.509693145752,42.2307739257812,-0.20946358
41.5238800048828,42.3538131713867,-0.20819727
41.5383148193359,42.4760398864746,-0.20940653
41.2499809265137,-68.4192581176758,-0.11699749
41.25,-1.99959397315979,-0.13755571
41.25,14.5897264480591,-0.19494765
41.25,16.7559223175049,-0.20097609
41.25,17.2340850830078,-0.20250976
41.25,18.4240283966064,-0.13996045
41.7026023864746,41.7161293029785,-0.20507093
41.7157211303711,41.8422088623047,-0.20762781
41.7290840148926,41.9674415588379,-0.21056141
41.4999809265137,-68.4192581176758,-0.1750684
41.5,-1.99959397315979,-0.14881747
41.5,14.3476552963257,-0.17620464
41.5,16.5163860321045,-0.19661466
41.5,16.9951572418213,-0.20650153
41.5,17.9490070343018,-0.1828851
41.5,18.1866779327393,-0.15006116
41.7499771118164,-68.4192581176758,-0.1098671
41.75,-1.74972796440125,-0.1415466
41.75,-1.49982869625092,-0.13626195
41.75,14.1053228378296,-0.16531861
41.75,16.276554107666,-0.19463143
41.75,16.9951572418213,-0.20278251
41.75,17.7110137939453,-0.20672393
41.9999847412109,-68.3279495239258,-0.10893283
42,-1.24990081787109,-0.13602793
42,-0.999949216842651,-0.12862655
42,13.8627319335938,-0.14519272
42,16.0364284515381,-0.19048398
42,16.5163860321045,-0.18996129
42,16.7559223175049,-0.19681899
42,17.4727058410645,-0.2063049
42.2499809265137,-68.3279571533203,-0.10910783
42.25,-0.749978601932526,-0.15938402
42.25,13.6198883056641,-0.11262263
42.25,16.276554107666,-0.1715949
42.25,17.2340850830078,-0.20846345
42.25,17.4727058410645,-0.20787155
42.4999847412109,-68.2362289428711,-0.11335513
42.4999923706055,-68.1440811157227,-0.11277686
42.5,-0.499993652105331,-0.12664305
42.5,13.3767938613892,-0.10204115
42.5,15.5553112030029,-0.17232217
42.5,15.7960119247437,-0.1700788
42.5,16.5163860321045,-0.18506859
42.5,16.7559223175049,-0.20298443
42.5,16.9951572418213,-0.20759885
42.7499923706055,-68.0515213012695,-0.10947676
42.75,-0.249999210238457,-0.15842474
42.75,13.1334543228149,-0.10410181
42.75,14.5897264480591,-0.16338916
42.75,14.8315315246582,-0.15670217
42.75,15.0730667114258,-0.15107225
42.75,15.3143272399902,-0.14358955
42.75,16.0364284515381,-0.15071943
42.75,16.276554107666,-0.1302283
42.9999923706055,-68.0515213012695,-0.1143027
43,-11.6684951782227,-0.07128701
43,-11.4235544204712,-0.06637816
43,0,-0.13291248
43,12.8898735046387,-0.10565343
43,13.8627319335938,-0.15531298
43,14.1053228378296,-0.15079115
43,14.3476552963257,-0.14266024
43.2499961853027,-67.9585418701172,-0.12331329
43.25,-22.8675422668457,0.00041674
43.25,-22.6369972229004,0.02099681
43.25,-22.406063079834,0.034272
43.25,-22.1747455596924,0.03516602
43.25,-21.9430446624756,0.02628342
43.25,-21.7109680175781,0.03819157
43.25,-21.478515625,0.0547027
43.25,-11.9132204055786,-0.09262742
43.25,-11.1784019470215,-0.08736557
43.25,0.249999210238457,-0.13642646
43.25,11.6684951782227,-0.13040065
43.25,11.9132204055786,-0.12404636
43.25,12.1577243804932,-0.12341515
43.25,12.4020042419434,-0.10968703
43.25,12.6460552215576,-0.10954129
43.25,13.1334543228149,-0.10807275
43.25,13.3767938613892,-0.1513233
43.25,13.6198883056641,-0.14810589
43.4999961853027,-67.9585418701172,-0.11180345
43.5,-24.2425117492676,-0.0676852
43.5,-24.0143547058105,-0.06363649
43.5,-23.7857913970947,-0.05764397
43.5,-23.5568256378174,-0.04372759
43.5,-23.3274612426758,-0.02816455
43.5,-23.0976982116699,0.01124274
43.5,-21.2456912994385,0.09224867
43.5,-12.4020042419434,-0.12906935
43.5,-11.6684951782227,-0.08125513
43.5,-11.4235544204712,-0.08269934
43.5,0.499993652105331,-0.15102723
43.5,11.4235544204712,-0.1299635
43.5,12.8898735046387,-0.11352164
43.7499961853027,-67.9585418701172,-0.11140581
43.75,-24.6975994110107,-0.07921057
43.75,-24.4702625274658,-0.0950154
43.75,-21.2456912994385,0.11098662
43.75,-21.0124988555908,0.12929232
43.75,-20.7789421081543,0.12571929
43.75,-17.4727058410645,0.06878859
43.75,-12.6460552215576,-0.12461505
43.75,-12.1577243804932,-0.11621499
43.75,0.749978601932526,-0.15470371
43.75,10.9330415725708,-0.12503973
43.75,11.1784019470215,-0.13661091
43.75,12.6460552215576,-0.12825367
43.9999961853027,-67.9585494995117,-0.11622933
44,-24.924524307251,-0.0269167
44,-20.5450229644775,0.11925714
44,-18.6610488891602,0.03734445
44,-18.4240283966064,0.06178493
44,-18.1866779327393,0.08492878
44,-17.9490070343018,0.06587334
44,-17.7110137939453,0.03984517
44,-17.2340850830078,0.08706806
44,-12.4020042419434,-0.12647175
44,0.999949216842651,-0.15231644
44,10.687479019165,-0.13668814
44,12.4020042419434,-0.1522325
44.2499961853027,-67.9585494995117,-0.11596324
44.25,-25.1510314941406,-0.04796369
44.25,-20.3107452392578,0.12357744
44.25,-20.0761108398438,0.11246744
44.25,-19.8411273956299,0.09754042
44.25,-19.6057929992676,0.07257989
44.25,-19.3701171875,0.05881114
44.25,-19.1340980529785,0.05358504
44.25,-18.897741317749,0.04193958
44.25,-16.9951572418213,0.0761895
44.25,-16.7559223175049,0.03247189
44.25,-16.5163860321045,0.0798823
44.25,-16.276554107666,0.07684242
44.25,-12.1577243804932,-0.11387554
44.25,1.24990081787109,-0.15393475
44.25,10.687479019165,-0.12594254
44.25,12.4020042419434,-0.13288609
44.4999961853027,-67.9585494995117,-0.11565209
44.4999961853027,-67.8651580810547,-0.12141234
44.5,-25.3771171569824,-0.06251951
44.5,-16.0364284515381,0.0689431
44.5,-12.4020042419434,-0.10305908
44.5,-11.9132204055786,-0.11210338
44.5,1.24990081787109,-0.14861093
44.5,10.4417161941528,-0.12906817
44.5,12.6460552215576,-0.12951171
44.7499961853027,-67.771354675293,-0.12990213
44.75,-25.3771171569824,-0.03946226
44.75,-16.0364284515381,0.062038
44.75,-12.1577243804932,-0.11309767
44.75,1.49982869625092,-0.14092895
44.75,10.4417161941528,-0.13527702
44.75,12.6460552215576,-0.11764703
45,-67.6771469116211,-0.13985161
45,-25.602783203125,-0.02952729
45,-16.0364284515381,0.05307242
45,-12.8898735046387,-0.1121442
45,1.74972796440125,-0.13290915
45,10.4417161941528,-0.13790527
45,12.6460552215576,-0.1241418
45.25,-67.6771469116211,-0.14181666
45.25,-25.602783203125,0.01712651
45.25,-15.7960119247437,0.00971982
45.25,-13.1334543228149,-0.09872393
45.25,-12.6460552215576,-0.10494442
45.25,1.74972796440125,-0.14526121
45.25,10.687479019165,-0.13857693
45.25,12.8898735046387,-0.12583911
45.5,-67.6771545410156,-0.14423696
45.5,-25.602783203125,-0.0350994
45.5,-15.7960119247437,0.01151536
45.5,-12.8898735046387,-0.10196862
45.5,1.99959397315979,-0.12689462
45.5,10.9330415725708,-0.14252954
45.5,13.1334543228149,-0.14084438
45.75,-67.6771545410156,-0.1472715
45.75,-25.602783203125,-0.08122424
45.75,-15.7960119247437,0.00378522
45.75,1.99959397315979,-0.14117252
45.75,10.9330415725708,-0.14015505
45.75,13.1334543228149,-0.13237861
46,-67.5825347900391,-0.14926225
46,-25.3771171569824,-0.11912802
46,-15.5553112030029,-0.01142545
46,-9.45676803588867,-0.12099388
46,2.24942183494568,-0.15633896
46,10.9330415725708,-0.14708555
46,13.3767938613892,-0.13653122
46.25,-67.5825347900391,-0.15061845
46.25,-67.4875183105469,-0.15360193
46.25,-67.39208984375,-0.15816168
46.25,-25.3771171569824,-0.10083427
46.25,-15.5553112030029,-0.01799738
46.25,-9.70328140258789,-0.11674469
46.25,-9.21007823944092,-0.10545258
46.25,2.49920701980591,-0.15514932
46.25,10.9330415725708,-0.1369544
46.25,13.3767938613892,-0.13557091
46.5,-67.296272277832,-0.16005742
46.5,-25.3771171569824,-0.09969351
46.5,-15.3143272399902,-0.02289143
46.5,-9.45676803588867,-0.10829599
46.5,2.7489447593689,-0.1616939
46.5,10.9330415725708,-0.13952557
46.5,13.3767938613892,-0.11830038
46.75,-67.296272277832,-0.14481603
46.75,-25.1510314941406,-0.15721534
46.75,-15.3143272399902,0.0114587
46.75,2.99863004684448,-0.15691445
46.75,10.9330415725708,-0.15028612
46.75,13.3767938613892,-0.14452677
47,-67.296272277832,-0.15274989
47,-25.1510314941406,-0.13675746
47,-15.0730667114258,-0.00890786
47,3.24825859069824,-0.16559343
47,11.1784019470215,-0.14004103
47,13.3767938613892,-0.13952552
47.25,-67.296272277832,-0.15172077
47.25,-24.924524307251,-0.10489074
47.25,-24.6975994110107,-0.15653299
47.25,-14.8315315246582,0.01252625
47.25,3.49782538414001,-0.1631909
47.25,11.1784019470215,-0.14223675
47.25,13.3767938613892,-0.13939208
47.5,-67.5825347900391,-0.08661697
47.5,-67.4875183105469,-0.13878769
47.5,-67.39208984375,-0.15145571
47.5,-24.4702625274658,-0.0876517
47.5,-24.2425117492676,-0.1058073
47.5,-24.0143547058105,-0.09721263
47.5,-14.8315315246582,0.03997635
47.5,-14.5897264480591,-0.00121377
47.5,-14.3476552963257,-0.02993454
47.5,3.74732565879822,-0.16841558
47.5,11.1784019470215,-0.14054339
47.5,13.6198883056641,-0.14595806
47.75,-67.5825347900391,-0.13755511
47.75,-23.7857913970947,-0.03588055
47.75,-23.5568256378174,-0.06675858
47.75,-23.3274612426758,-0.05058363
47.75,-14.1053228378296,-0.04390682
47.75,-13.8627319335938,-0.03197639
47.75,3.99675464630127,-0.17490692
47.75,4.24610805511475,-0.19819572
47.75,11.1784019470215,-0.13971153
47.75,13.8627319335938,-0.15593565
48,-67.5825347900391,-0.14737692
48,-23.0976982116699,-0.0118619
48,-22.8675422668457,-0.00230229
48,-22.6369972229004,0.00744457
48,-22.406063079834,0.02089237
48,-13.6198883056641,-0.01819936
48,4.49538087844849,-0.16595253
48,11.1784019470215,-0.13739794
48,13.8627319335938,-0.11912675
48.0088272094727,29.374080657959,-0.02122552
48.0096702575684,29.576358795166,-0.02721531
48.25,-67.5825347900391,-0.14621782
48.25,-67.2000579833984,-0.15772185
48.25,-67.1034622192383,-0.15976187
48.25,-22.1747455596924,0.047149
48.25,-21.9430446624756,0.04012099
48.25,-21.7109680175781,0.04486379
48.25,-13.6198883056641,-0.00580428
48.25,4.74456834793091,-0.19556937
48.25,11.4235544204712,-0.14215524
48.25,13.8627319335938,-0.10614125
48.2572402954102,28.965648651123,-0.00963714
48.2579727172852,29.1700172424316,-0.0081395
48.2604866027832,29.7766819000244,-0.03001399
48.5,-67.5825347900391,-0.16542229
48.5,-67.4875183105469,-0.16498405
48.5,-67.39208984375,-0.16507235
48.5,-67.296272277832,-0.16875129
48.5,-67.006477355957,-0.16465248
48.5,-21.478515625,0.05625482
48.5,-21.2456912994385,0.05913627
48.5,-21.0124988555908,0.05487857
48.5,-20.7789421081543,0.04874139
48.5,-13.3767938613892,0.0302758
48.5,4.99366569519043,-0.20811988
48.5,5.24266910552979,-0.19165308
48.5,11.4235544204712,-0.14231225
48.5,13.8627319335938,-0.08530891
48.5058784484863,28.5531845092773,-0.02132704
48.5065078735352,28.7596130371094,-0.00033749
48.5104026794434,29.7758197784424,-0.01402091
48.75,-66.9086227416992,-0.16644558
48.75,-20.5450229644775,0.04209174
48.75,-20.3107452392578,0.02362083
48.75,-13.3767938613892,0.04661535
48.75,-13.1334543228149,0.04684223
48.75,-12.8898735046387,0.03527912
48.75,-12.6460552215576,0.00496393
48.75,-12.4020042419434,-0.01776213
48.75,5.49157285690308,-0.20975599
48.75,11.4235544204712,-0.14423072
48.75,13.8627319335938,-0.06444736
48.7547149658203,28.1367473602295,-0.05671304
48.7552528381348,28.3451995849609,-0.01110466
48.7612571716309,29.9748916625977,0.00303826
49,-66.9086227416992,-0.17069839
49,-20.0761108398438,0.03680352
49,-19.8411273956299,0.02465579
49,-19.6057929992676,0.01828163
49,-19.3701171875,0.02217644
49,-12.1577243804932,-0.0259478
49,5.74037265777588,-0.20348063
49,5.98906373977661,-0.1925354
49,11.4235544204712,-0.15024307
49,14.1053228378296,-0.05246164
49,14.3476552963257,-0.0845406
49.003734588623,27.7164058685303,-0.100269
49.0041885375977,27.9268417358398,-0.04329024
49.0121536254883,30.1727485656738,0.03037728
49.25,-66.9086227416992,-0.16930411
49.25,-19.1340980529785,0.04430543
49.25,-18.897741317749,0.04106944
49.25,-18.6610488891602,0.03703978
49.25,-11.9132204055786,-0.04921208
49.25,6.23764181137085,-0.17210968
49.25,6.48610210418701,-0.17584967
49.25,6.73443984985352,-0.17256448
49.25,11.4235544204712,-0.16524865
49.25,14.3476552963257,-0.09973405
49.2532920837402,27.5046100616455,-0.11953448
49.2620506286621,30.1717910766602,0.03351316
49.5,-67.006477355957,-0.16883299
49.5,-18.4240283966064,0.04541496
49.5,-18.1866779327393,0.04118789
49.5,-17.9490070343018,0.04190261
49.5,-17.7110137939453,0.05893709
49.5,-17.4727058410645,0.06148006
49.5,-17.2340850830078,0.07344211
49.5,-12.1577243804932,0.01624174
49.5,6.98265075683594,-0.15830212
49.5,11.4235544204712,-0.15484
49.5,14.5897264480591,-0.13569439
49.5028915405273,27.2919006347656,-0.08804661
49.5109748840332,29.9721965789795,0.02377796
49.75,-67.006477355957,-0.17185572
49.75,-16.9951572418213,0.06999331
49.75,-16.0364284515381,0.11715628
49.75,-15.7960119247437,0.12106912
49.75,-15.5553112030029,0.12387592
49.75,-12.6460552215576,0.00690901
49.75,-12.4020042419434,-0.01161235
49.75,7.2307300567627,-0.16542858
49.75,7.47867298126221,-0.14872197
49.75,11.6684951782227,-0.15722862
49.75,14.5897264480591,-0.13663129
49.7525291442871,27.0782833099365,-0.06328247
49.7608795166016,29.9713134765625,0.01452456
50,-67.1034622192383,-0.18427974
50,-66.8103713989258,-0.1658375
50,-66.7117309570312,-0.18027578
50,-66.6126937866211,-0.16345964
50,-16.7559223175049,0.05468951
50,-16.5163860321045,0.06379881
50,-16.276554107666,0.07757703
50,-15.7960119247437,0.12156437
50,-15.5553112030029,0.11965174
50,-13.3767938613892,0.07106554
50,-13.1334543228149,0.05064769
50,-12.8898735046387,0.02352663
50,7.72647523880005,-0.16730279
50,7.97413206100464,-0.15951866
50,11.6684951782227,-0.15546922
50,14.5897264480591,-0.13405339
50.0022010803223,26.86376953125,-0.06015715
50.0107841491699,29.97043800354,-0.02221044
50.25,-67.1034622192383,-0.1908842
50.25,-67.006477355957,-0.18013706
50.25,-66.9086227416992,-0.17767922
50.25,-66.5132598876953,-0.20750759
50.25,-66.4134292602539,-0.20978788
50.25,-16.0364284515381,0.05971637
50.25,-14.5897264480591,0.10191492
50.25,-14.3476552963257,0.09532424
50.25,-14.1053228378296,0.08277517
50.25,-13.8627319335938,0.07184969
50.25,-13.6198883056641,0.05530487
50.25,8.22163867950439,-0.15569229
50.25,11.6684951782227,-0.15914869
50.25,14.8315315246582,-0.18717364
50.2510528564453,25.7786674499512,-0.11119488
50.2512321472168,25.9974346160889,-0.13346476
50.2514343261719,26.2153167724609,-0.12089368
50.2516555786133,26.4322986602783,-0.07760571
50.2519035339355,26.648365020752,-0.05388271
50.2589645385742,29.5692596435547,0.015319
50.2597961425781,29.7699699401855,0.01382711
50.5,-66.3131942749023,-0.2106012
50.5,-15.7960119247437,0.06515995
50.5,-15.0730667114258,0.08921587
50.5,-14.8315315246582,0.10926434
50.5,8.46899127960205,-0.16207939
50.5,8.71618556976318,-0.12510839
50.5,11.9132204055786,-0.15985549
50.5,14.8315315246582,-0.19162891
50.5007438659668,25.3384265899658,-0.10348797
50.5008850097656,25.558895111084,-0.16803327
50.5010414123535,25.7785110473633,-0.11944994
50.5014190673828,26.2151203155518,-0.1002707
50.507381439209,29.163875579834,0.01993919
50.5081062316895,29.3667373657227,0.01916971
50.75,-66.3131942749023,-0.2365825
50.75,-15.5553112030029,0.06801639
50.75,-15.3143272399902,0.07954531
50.75,-9.45676803588867,-0.01736724
50.75,8.96321582794189,-0.12435305
50.75,9.21007823944092,-0.14087939
50.75,12.1577243804932,-0.15949763
50.75,14.8315315246582,-0.16226848
50.7507400512695,25.3383045196533,-0.10003971
50.7508773803711,25.5587577819824,-0.11351032
50.751033782959,25.778356552124,-0.13263879
50.7512092590332,25.9970855712891,-0.11454141
50.7566413879395,28.9593200683594,0.0078837
51,-66.2125549316406,-0.19346041
51,-9.70328140258789,0.001
51,-9.21007823944092,-0.03173546
51,9.45676803588867,-0.16989169
51,9.70328140258789,-0.15963426
51,9.94961357116699,-0.17483641
51,10.1957597732544,-0.16933895
51,12.1577243804932,-0.15723963
51,15.0730667114258,-0.17250157
51.0011978149414,25.9969139099121,-0.10288891
51.0048522949219,28.3407077789307,-0.01708581
51.0053863525391,28.5477714538574,-0.01524918
51.0059623718262,28.7537784576416,-0.00936287
51.25,-66.2125549316406,-0.1948427
51.25,-9.45676803588867,-0.00595143
51.25,10.1957597732544,-0.18660661
51.25,10.687479019165,-0.15905173
51.25,10.9330415725708,-0.13626347
51.25,11.1784019470215,-0.12609518
51.25,11.4235544204712,-0.12102179
51.25,11.9132204055786,-0.14892838
51.25,15.0730667114258,-0.17042085
51.2513809204102,26.2145462036133,-0.05595943
51.2538642883301,27.9230518341064,-0.00903867
51.2543144226074,28.1321582794189,-0.01958764
51.5,-66.1115188598633,-0.18225173
51.5,10.4417161941528,-0.14527068
51.5,11.6684951782227,-0.10355239
51.5,15.0730667114258,-0.16644848
51.5003280639648,24.448112487793,-0.10900713
51.5004081726074,24.6717681884766,-0.10140448
51.5011749267578,25.9965744018555,-0.03387943
51.5034141540527,27.7125511169434,-0.01373152
51.75,-66.0100784301758,-0.19060621
51.75,15.3143272399902,-0.15782421
51.7503280639648,24.4480476379395,-0.09467268
51.7504920959473,24.8945503234863,-0.07283146
51.7505950927734,25.1166038513184,-0.04710832
51.7507095336914,25.3378353118896,-0.03801903
51.7508430480957,25.5582237243652,-0.0273737
51.7509956359863,25.7777538299561,-0.02936898
51.7533798217773,27.7121849060059,-0.02990842
52,-65.9082336425781,-0.1852104
52,15.3143272399902,-0.15071072
52.0002059936523,23.9984264373779,-0.09919138
52.0002593994141,24.2235794067383,-0.08697783
52.003345489502,27.7118225097656,-0.03333383
52.25,-65.9082336425781,-0.17026218
52.25,15.5553112030029,-0.13350078
52.25,15.7960119247437,-0.13337219
52.25,16.0364284515381,-0.13536292
52.2502021789551,23.9983806610107,-0.08346485
52.2529449462891,27.5004463195801,-0.05636222
52.5,-65.9082336425781,-0.17268621
52.5,16.276554107666,-0.13721515
52.5002517700195,24.2234706878662,-0.07173145
52.5025825500488,27.2881298065186,-0.06197827
52.5029144287109,27.5001201629639,-0.05397299
52.75,-65.9082336425781,-0.15485449
52.75,16.5163860321045,-0.08913292
52.7502517700195,24.2234172821045,-0.06235149
52.7522506713867,27.074878692627,-0.06967502
53,-65.9082336425781,-0.14910363
53,16.5163860321045,-0.06528717
53.0002479553223,24.2233638763428,-0.06402727
53.0022277832031,27.074613571167,-0.07200784
53.25,-65.8059768676758,-0.16401211
53.25,12.4020042419434,-0.03703432
53.25,12.6460552215576,-0.00722198
53.25,16.5163860321045,-0.05134578
53.250244140625,24.2233123779297,-0.06324622
53.2519340515137,26.860466003418,-0.07197933
53.5,-65.8059768676758,-0.16023873
53.5,12.1577243804932,-0.07547886
53.5,12.8898735046387,0.01184317
53.5,16.5163860321045,-0.05012632
53.500244140625,24.2232608795166,-0.04510012
53.5016746520996,26.6454048156738,-0.08908659
53.75,-65.8059768676758,-0.16513976
53.75,12.1577243804932,-0.07744151
53.75,12.6460552215576,-0.01871414
53.75,16.7559223175049,-0.03428104
53.7502403259277,24.2232093811035,-0.03384095
53.7516555786133,26.6451930999756,-0.09125747
54,-65.8059768676758,-0.18927189
54,12.1577243804932,-0.08922923
54,12.6460552215576,-0.03443778
54,16.7559223175049,-0.03302323
54.0002365112305,24.2231578826904,-0.05633036
54.001636505127,26.644983291626,-0.08717246
54.25,-65.8059768676758,-0.16712554
54.25,12.1577243804932,-0.08219026
54.25,12.6460552215576,-0.03130282
54.25,16.9951572418213,-0.0674527
54.2502937316895,24.4474277496338,-0.02740861
54.2516174316406,26.644775390625,-0.07847952
54.5,-65.8059768676758,-0.16722372
54.5,12.4020042419434,-0.06114388
54.5,16.9951572418213,-0.07707203
54.5002899169922,24.4473686218262,-0.01557299
54.500358581543,24.6709022521973,-0.02903941
54.5013885498047,26.4288768768311,-0.10543243
54.75,-65.8059768676758,-0.16537545
54.75,16.7559223175049,-0.07058331
54.750431060791,24.8935585021973,-0.06965607
54.7513732910156,26.4286937713623,-0.08608091
55,-65.8059768676758,-0.16427561
55,16.7559223175049,-0.08676377
55.0005149841309,25.1153755187988,-0.07014856
55.0013542175293,26.4285144805908,-0.06987719
55.25,-65.9082336425781,-0.16891221
55.25,-21.2456912994385,0.03686728
55.25,-21.0124988555908,0.03981701
55.25,16.9951572418213,-0.11175789
55.25,17.2340850830078,-0.12921031
55.2506065368652,25.336332321167,-0.09621041
55.2515411376953,26.6439723968506,-0.04989999
55.5,-65.9082336425781,-0.16443505
55.5,-21.478515625,0.01613852
55.5,-20.7789421081543,0.01786257
55.5,17.4727058410645,-0.13919933
55.5,17.7110137939453,-0.12637449
55.5007133483887,25.5564079284668,-0.10426957
55.501522064209,26.64377784729,-0.0698438
55.75,-66.0100784301758,-0.16873358
55.75,-21.478515625,0.0108061
55.75,-20.7789421081543,0.00653447
55.75,17.7110137939453,-0.12727358
55.7508277893066,25.7755794525146,-0.10184261
55.7517166137695,26.8582210540771,-0.08125584
56,-66.2125549316406,-0.16533234
56,-66.1115188598633,-0.17584184
56,-21.2456912994385,0.00537482
56,-21.0124988555908,-0.00445295
56,17.7110137939453,-0.12451852
56.0009574890137,25.9938297271729,-0.10903533
56.0011138916016,26.2112884521484,-0.10740389
56.0019302368164,27.071647644043,-0.0720231
56.25,-66.3131942749023,-0.17180747
56.25,17.7110137939453,-0.13253959
56.2512702941895,26.4276466369629,-0.14397832
56.2519073486328,27.071418762207,-0.09135384
56.5,-66.3131942749023,-0.18178887
56.5,17.9490070343018,-0.09949019
56.5003929138184,24.8930397033691,-0.1990092
56.5004768371582,25.1148681640625,-0.20535904
56.5005683898926,25.3358535766602,-0.20635856
56.500675201416,25.5559749603271,-0.19858574
56.5007972717285,25.7752170562744,-0.186777
56.5009346008301,25.993558883667,-0.17327576
56.5010833740234,26.2109870910645,-0.16537956
56.501880645752,27.0711936950684,-0.10889091
56.75,-66.4134292602539,-0.18356404
56.75,18.1866779327393,-0.0849445
56.75,18.4240283966064,-0.07375354
56.75,18.6610488891602,-0.06046061
56.7502593994141,24.4468765258789,-0.22519916
56.750316619873,24.6703262329102,-0.20396861
56.7518539428711,27.070972442627,-0.10290614
57,-66.9086227416992,-0.15816424
57,-66.8103713989258,-0.13998831
57,-66.4134292602539,-0.18791353
57,18.6610488891602,-0.0577818
57.0002021789551,24.2225952148438,-0.23012985
57.0009078979492,25.9932975769043,-0.14066388
57.0010566711426,26.210693359375,-0.1255171
57.001220703125,26.427152633667,-0.11611592
57.0014038085938,26.6426601409912,-0.10896115
57.0016059875488,26.85719871521,-0.099445
57.25,-66.9086227416992,-0.16492334
57.25,-66.7117309570312,-0.17683985
57.25,-66.6126937866211,-0.18777784
57.25,-66.5132598876953,-0.19188317
57.25,-20.3107452392578,0.01613108
57.25,18.897741317749,-0.02916493
57.2501602172852,23.9975643157959,-0.20689592
57.2507629394531,25.7748680114746,-0.1922208
57.5,-66.9086227416992,-0.1832773
57.5,-20.5450229644775,0.0229775
57.5,-20.0761108398438,0.04789228
57.5,18.897741317749,-0.0263225
57.5001564025879,23.9975280761719,-0.20278515
57.5006370544434,25.5555667877197,-0.20551038
57.75,-67.006477355957,-0.19455224
57.75,-20.5450229644775,0.02210837
57.75,-19.8411273956299,0.14535734
57.75,18.897741317749,-0.04270607
57.75,19.6057929992676,0.02634912
57.75,19.8411273956299,0.02012997
57.7501182556152,23.7717685699463,-0.2001233
57.7506294250488,25.5554676055908,-0.20703943
58,-67.006477355957,-0.19886159
58,-20.3107452392578,0.04240295
58,-20.0761108398438,0.05400957
58,19.1340980529785,-0.06286375
58,19.3701171875,-0.03331232
58,20.0761108398438,0.00614627
58,20.3107452392578,0.00823377
58.0001182556152,23.7717399597168,-0.21301255
58.0006217956543,25.5553703308105,-0.19429175
58.25,-67.1039352416992,-0.19936931
58.25,20.3107452392578,-0.01822887
58.250114440918,23.7717113494873,-0.21338718
58.2506103515625,25.5552749633789,-0.15476971
58.5,-67.1039352416992,-0.21070497
58.5,20.3107452392578,-0.06329121
58.500114440918,23.7716846466064,-0.21828968
58.500602722168,25.5551815032959,-0.15914071
58.75,-67.1039352416992,-0.22018579
58.75,20.5450210571289,-0.00855072
58.75,20.7789249420166,0.03700809
58.7500839233398,23.5452251434326,-0.20499357
58.7505912780762,25.5550880432129,-0.15650159
59,-67.2976837158203,-0.17831103
59,-67.2010040283203,-0.22507153
59,21.0124206542969,-0.02776018
59.0000610351562,23.3180656433105,-0.11345009
59.00048828125,25.3349914550781,-0.17503746
59.25,-67.2976837158203,-0.20258336
59.25,21.2454643249512,-0.07270197
59.2500457763672,23.0902252197266,-0.05847788
59.2504806518555,25.3349113464355,-0.16808791
59.5,-67.2976837158203,-0.21308054
59.5,21.4780158996582,-0.08459778
59.5000228881836,22.6325950622559,-0.07269572
59.5000305175781,22.8617267608643,-0.04963546
59.5004730224609,25.3348350524902,-0.16458932
59.75,-67.2976837158203,-0.21686259
59.7500038146973,21.7100505828857,-0.10063459
59.7500038146973,21.9415454864502,-0.11790145
59.7500190734863,22.6325874328613,-0.05678703
59.7504653930664,25.3347587585449,-0.16490234
60,-67.2976837158203,-0.21682047
60.0000076293945,22.1724758148193,-0.08520037
60.0000114440918,22.4028301239014,-0.05814249
60.0004577636719,25.3346824645996,-0.16195945
60.25,-67.2976837158203,-0.21208545
60.2504501342773,25.3346099853516,-0.15584589
60.5,-67.2976837158203,-0.20509408
60.5004386901855,25.3345375061035,-0.15933381
60.75,-67.3939743041992,-0.22303902
60.7503623962402,25.1136531829834,-0.17537637
61,-67.3939743041992,-0.22384612
61.0003547668457,25.1135921478271,-0.16878743
61.25,-67.3939743041992,-0.22861186
61.2502861022949,24.8918762207031,-0.18659704
61.5,-67.4898834228516,-0.20218726
61.5002822875977,24.8918266296387,-0.15991979
61.75,-67.4898834228516,-0.22782708
61.7503318786621,25.1134166717529,-0.09648837
62,-67.4898834228516,-0.22110528
62.0003242492676,25.1133594512939,-0.11557765
62.25,-67.4898834228516,-0.22441841
62.2503204345703,25.1133041381836,-0.15101593
62.5,-67.5854034423828,-0.23483632
62.5003128051758,25.1132507324219,-0.16990478
62.75,-67.5854034423828,-0.22321732
62.7503051757812,25.1131992340088,-0.16857159
63,-67.4898834228516,-0.2154724
63.0002975463867,25.1131477355957,-0.16625707
63.25,-67.4898834228516,-0.22632679
63.2502899169922,25.1130962371826,-0.16066393
63.5,-67.4898834228516,-0.22384526
63.5002822875977,25.1130485534668,-0.15392992
63.75,-67.4898834228516,-0.21168725
63.7503280639648,25.3337211608887,-0.10058135
64,-67.4898834228516,-0.20728051
64.0003204345703,25.333667755127,-0.13655537
64.25,-67.4898834228516,-0.20675508
64.2502593994141,25.1129093170166,-0.1164385
64.5,-67.5854034423828,-0.20584621
64.5002517700195,25.112865447998,-0.10633574
64.75,-67.5854034423828,-0.20621943
64.750244140625,25.1128215789795,-0.11001917
65,-67.5854034423828,-0.20622864
65.0002365112305,25.1127815246582,-0.124613
65.25,-67.5854034423828,-0.20589478
65.2502746582031,25.333423614502,-0.06128611
65.5,-67.5854034423828,-0.20180729
65.5002670288086,25.3333797454834,-0.04835415
65.75,-67.680534362793,-0.21144141
65.7502593994141,25.3333358764648,-0.02252084
66,-67.680534362793,-0.19599575
66.0002517700195,25.3332958221436,-0.02693316
66.25,-67.680534362793,-0.20057724
66.250244140625,25.3332538604736,-0.04207321
66.5,-67.680534362793,-0.20071587
66.5001602172852,24.8910293579102,-0.0552126
66.5001983642578,25.1125583648682,-0.03849439
66.5002365112305,25.333215713501,-0.03694415
66.75,-67.680534362793,-0.19734284
66.750129699707,24.6686248779297,0.02962753
67,-67.680534362793,-0.19339218
67.0001220703125,24.6686000823975,0.03470683
67.25,-67.680534362793,-0.1857674
67.2500610351562,23.9965667724609,0.03896614
67.2500762939453,24.2213668823242,0.03254091
67.2500915527344,24.4453773498535,-0.00997889
67.5,-67.7752838134766,-0.17762036
67.5000457763672,23.7709865570068,0.04725251
67.75,-67.7752838134766,-0.17605554
67.7500457763672,23.7709770202637,0.05795505
68,-67.7752838134766,-0.18693002
68.0000381469727,23.7709655761719,0.05063557
68.25,-67.7752838134766,-0.18336389
68.2500305175781,23.5446510314941,0.09048772
68.5,-67.7752838134766,-0.1808062
68.5000228881836,23.3176136016846,0.10292689
68.75,-67.7752838134766,-0.17990652
68.75,-49.5752601623535,-0.16944779
68.75,-49.4128799438477,-0.16760485
68.75,-49.2499580383301,-0.16944543
68.75,-49.086498260498,-0.1415528
68.75,-48.9225006103516,-0.12133295
68.75,22.1723823547363,0.10567129
68.7500152587891,23.0898761749268,0.13553555
69,-67.7752838134766,-0.17217541
69,-49.7371025085449,-0.13713921
69,-48.7579574584961,-0.07993908
69,21.941478729248,0.09519137
69.0000076293945,22.4026947021484,0.1166602
69.0000076293945,22.8614616394043,0.13268939
69.25,-67.7752838134766,-0.15960393
69.25,-49.7371025085449,-0.13117784
69.25,-48.7579574584961,-0.09489741
69.25,21.7100086212158,0.06700919
69.2500076293945,22.4026927947998,0.11294975
69.2500076293945,22.6323928833008,0.13037742
69.5,-67.7752838134766,-0.13709875
69.5,-49.7371025085449,-0.12931433
69.5,-49.086498260498,-0.08138618
69.5,-48.9225006103516,-0.09604709
69.5,21.4779930114746,0.05870395
69.5,21.7100086212158,0.04773709
69.5,22.4026908874512,0.11953557
69.5000076293945,22.6323909759521,0.12680563
69.75,-68.1504821777344,-0.12452531
69.75,-68.0572509765625,-0.12874163
69.75,-67.9636459350586,-0.13606928
69.75,-67.8696594238281,-0.13797277
69.75,-49.7371025085449,-0.13128656
69.75,-49.086498260498,-0.09658157
69.75,21.2454528808594,0.08027856
69.75,22.4026889801025,0.11546553
69.7500076293945,22.6323890686035,0.1177318
70,-68.3358154296875,-0.11719109
70,-68.2433395385742,-0.09897059
70,-49.7371025085449,-0.12596046
70,-49.086498260498,-0.08127271
70,21.0124168395996,0.10290886
70.25,-68.5196533203125,-0.11125433
70.25,-68.4279251098633,-0.11529036
70.25,-49.5752601623535,-0.13238893
70.25,-49.4128799438477,-0.15769564
70.25,-49.086498260498,-0.07907104
70.25,20.778923034668,0.10902341
70.5,-68.6110153198242,-0.09253823
70.5,-49.4128799438477,-0.136415
70.5,-49.086498260498,-0.10227668
70.5,20.778923034668,0.09477239
70.75,-68.6110153198242,-0.11629893
70.75,-49.2499580383301,-0.12824073
70.75,20.5450210571289,0.10013996
71,-68.6110153198242,-0.09470165
71,20.5450210571289,0.10219371
71.25,-68.6110153198242,-0.11850505
71.25,20.778923034668,0.08069627
71.5,-68.7020034790039,-0.11882764
71.5,20.778923034668,0.08823318
71.75,-68.7926254272461,-0.11781799
71.75,21.012414932251,0.17897004
72,-68.7926254272461,-0.11992073
72,21.012414932251,0.16581445
72.25,-68.8828735351562,-0.11894495
72.25,21.2454509735107,0.14595314
72.25,21.477991104126,0.13727546
72.25,21.7100048065186,0.13255503
72.25,21.9414730072021,0.15900699
72.5,-68.9727630615234,-0.11647199
72.5,19.6057929992676,0.0522931
72.5,19.8411273956299,0.0849397
72.5,20.0761108398438,0.083816
72.5,21.2454509735107,0.12073432
72.5,21.477991104126,0.13580742
72.5,21.7100048065186,0.1309393
72.5,21.9414730072021,0.14703429
72.75,-69.0622787475586,-0.11505944
72.75,18.4240283966064,0.06171891
72.75,18.6610488891602,0.07876364
72.75,18.897741317749,0.06711758
72.75,19.1340980529785,0.04937382
72.75,19.3701171875,0.02715935
72.75,20.3107452392578,0.07288668
72.75,20.5450210571289,0.07430802
72.75,20.778923034668,0.0918314
72.75,21.012414932251,0.10073021
73,-69.1514358520508,-0.11590964
73,18.1866779327393,0.05921922
